date,Open,High,Low,Close,Volume,daily_return,direction
2026-08-25,4710.10009765625,4755.0,4670.5,4684.2001953125,69250,,0
2026-08-24,4638.0,4670.89990234375,4635.10009765625,4640.7998046875,311,-0.9265272365692412,0
2026-08-21,4560.0,4624.10009765625,4560.0,4624.10009765625,311,-0.35984545194951423,0
2026-08-20,4506.7998046875,4530.0,4486.0,4516.2998046875,478,-2.3312707487320394,0
2026-08-19,4339.7998046875,4524.10009765625,4327.60009765625,4489.39990234375,1336,-0.5956181721113896,0
2026-08-18,4415.2001953125,4434.10009765625,4330.7001953125,4366.0,1283,-2.7486948150760027,0
2026-08-17,4394.7998046875,4428.5,4386.5,4417.7998046875,716,1.186436204477781,1
2026-08-14,4322.10009765625,4397.10009765625,4315.0,4380.39990234375,673,-0.8465730453441345,0
2026-08-13,4403.5,4445.0,4350.0,4363.60009765625,1491,-0.3835221683415546,0
2026-08-12,4406.5,4434.0,4406.2998046875,4408.89990234375,660,1.0381291519319324,1
2026-08-11,4408.60009765625,4408.60009765625,4365.10009765625,4383.0,204,-0.5874459143420774,0
2026-08-10,4336.10009765625,4390.10009765625,4336.10009765625,4361.7998046875,1303,-0.4836914285306859,0
2026-08-07,4277.0,4371.5,4274.0,4340.7001953125,422,-0.48373630885867325,0
2026-08-06,4297.0,4297.0,4228.0,4242.0,3101,-2.2738311993785176,0
2026-08-05,4130.0,4262.2001953125,4129.5,4245.7998046875,1349,0.0895757823550225,1
2026-08-04,4050.5,4095.39990234375,4048.800048828125,4095.39990234375,426,-3.542322042073287,0
2026-08-03,4083.39990234375,4083.5,4026.5,4033.699951171875,698,-1.5065671886294818,0
2026-07-31,4102.39990234375,4102.39990234375,4022.39990234375,4049.10009765625,1166,0.3817871103650283,1
2026-07-30,4060.699951171875,4118.5,4028.5,4100.10009765625,16985,1.2595391264720979,1
2026-07-29,4018.10009765625,4034.699951171875,4017.89990234375,4034.699951171875,89664,-1.5950865814656545,0
2026-07-28,4025.699951171875,4036.300048828125,4025.699951171875,4036.300048828125,248,0.03965840522504038,1
2026-07-27,4090.10009765625,4107.89990234375,4072.699951171875,4074.5,36,0.9464100961217081,1
2026-07-24,4067.60009765625,4068.0,4067.60009765625,4067.60009765625,2,-0.1693435352497219,0
2026-07-23,4129.89990234375,4130.89990234375,4046.60009765625,4046.60009765625,59,-0.5162749408945122,0
2026-07-22,4096.2001953125,4152.10009765625,4096.2001953125,4146.89990234375,133,2.4786191436507954,1
2026-07-21,4002.10009765625,4071.10009765625,3999.699951171875,4071.10009765625,87,-1.8278667552274253,0
2026-07-20,4003.39990234375,4018.89990234375,4002.699951171875,4010.300048828125,231,-1.4934550212392872,0
2026-07-17,3975.5,4017.199951171875,3964.199951171875,4012.699951171875,141,0.059843460951292116,1
2026-07-16,4030.5,4030.5,3972.60009765625,3985.60009765625,812,-0.6753521032069831,0
2026-07-15,4049.10009765625,4070.10009765625,4019.39990234375,4044.0,374,1.4652725038343029,1
2026-07-14,3995.699951171875,4091.199951171875,3986.5,4061.10009765625,1281,0.42285107953139445,1
2026-07-13,4081.0,4081.0,3985.89990234375,3997.0,679,-1.578392458074196,0
2026-07-10,4122.2998046875,4125.7998046875,4090.60009765625,4104.10009765625,389,2.679512075462842,1
2026-07-09,4066.39990234375,4130.60009765625,4064.199951171875,4130.60009765625,13,0.6456957522827933,1
2026-07-08,4116.2998046875,4120.2998046875,4053.0,4070.89990234375,292,-1.4453153028872179,0
2026-07-07,4126.5,4167.2001953125,4107.2001953125,4145.2998046875,53,1.8276033341157794,1
2026-07-06,4175.39990234375,4199.7001953125,4134.2001953125,4155.10009765625,1024,0.23641940102059333,1
2026-07-02,4067.5,4140.10009765625,4062.0,4112.7001953125,228,-1.020430346976875,0
2026-07-01,4013.10009765625,4100.0,3963.0,4068.300048828125,770,-1.0795862663410483,0
2026-06-30,4002.60009765625,4049.699951171875,3962.5,4022.89990234375,1108,-1.1159488223454028,0
2026-06-29,4057.5,4070.0,4003.199951171875,4022.300048828125,785,-0.014910972934611966,0
2026-06-26,4078.699951171875,4078.699951171875,4078.699951171875,4078.699951171875,1431,1.4021803858263127,1
2026-06-25,3988.39990234375,4030.5,3986.699951171875,4030.5,2724,-1.1817479037168788,0
2026-06-24,4104.39990234375,4104.7001953125,3963.300048828125,3990.300048828125,353,-0.9973936526950777,0
2026-06-23,4127.10009765625,4135.2001953125,4118.5,4129.89990234375,252,3.498480109449975,1
2026-06-22,4138.7998046875,4216.39990234375,4134.7998046875,4181.89990234375,1197,1.2591104198552028,1
2026-06-18,4279.7998046875,4323.2001953125,4223.7001953125,4224.10009765625,738,1.0091153853024837,1
2026-06-17,4339.0,4377.0,4296.0,4358.89990234375,1961,3.1912076317105686,1
2026-06-16,4309.5,4345.7998046875,4309.5,4330.89990234375,158,-0.6423639135403114,0
2026-06-15,4271.2001953125,4362.0,4269.10009765625,4328.0,1666,-0.06695842455699541,0
2026-06-12,4208.2998046875,4225.2998046875,4173.2001953125,4215.0,1167,-2.610905730129387,0
2026-06-11,4042.89990234375,4209.7998046875,4031.0,4090.300048828125,1938,-2.9584804548487553,0
2026-06-10,4200.0,4206.7001953125,4100.0,4108.2001953125,525,0.437624288455396,1
2026-06-09,4332.7998046875,4344.5,4240.2001953125,4260.0,1292,3.695043996655878,1
2026-06-08,4324.2001953125,4340.89990234375,4284.60009765625,4335.89990234375,357,1.781687848444835,1
2026-06-05,4472.2998046875,4472.2998046875,4319.10009765625,4337.10009765625,4062,0.02768042020184769,1
2026-06-04,4447.39990234375,4509.89990234375,4447.39990234375,4475.7998046875,480,3.1979826129953315,1
2026-06-03,4471.2001953125,4471.7001953125,4427.2001953125,4436.7001953125,2913,-0.8735781554405353,0
2026-06-02,4488.0,4529.5,4474.2001953125,4489.10009765625,456,1.1810557404602573,1
2026-06-01,4523.5,4541.39990234375,4449.7001953125,4475.2001953125,835,-0.3096367209768247,0
2026-05-29,4494.0,4591.7998046875,4487.89990234375,4560.5,1883,1.9060556168380316,1
2026-05-28,4453.60009765625,4512.60009765625,4363.5,4499.2998046875,16427,-1.341962401326613,0
2026-05-27,4439.7001953125,4447.5,4439.7001953125,4447.5,81062,-1.1512859097216332,0
2026-05-26,4572.7998046875,4572.7998046875,4500.39990234375,4500.39990234375,1261,1.189430069561559,1
2026-05-22,4519.5,4530.2998046875,4519.10009765625,4521.0,40,0.45773926991514724,1
2026-05-21,4507.2001953125,4539.7998046875,4503.7998046875,4539.7998046875,426,0.41583288404114516,1
2026-05-20,4502.60009765625,4531.2998046875,4465.10009765625,4531.2998046875,981,-0.18723292580486994,0
2026-05-19,4551.7001953125,4552.60009765625,4506.2001953125,4506.2998046875,875,-0.5517180737884098,0
2026-05-18,4563.0,4570.2998046875,4538.7001953125,4552.5,38,1.0252357214325158,1
2026-05-15,4615.2001953125,4615.2001953125,4524.2998046875,4555.7998046875,607,0.07248335392642247,1
2026-05-14,4678.10009765625,4678.10009765625,4650.2998046875,4678.10009765625,5,2.684496646294998,1
2026-05-13,4722.7001953125,4722.7001953125,4679.5,4697.7001953125,228,0.4189755936618411,1
2026-05-12,4762.2001953125,4765.2001953125,4677.60009765625,4677.60009765625,93,-0.4278710181698342,0
2026-05-11,4729.5,4729.5,4718.7001953125,4718.7001953125,36,0.8786577902810455,1
2026-05-08,4714.39990234375,4724.7998046875,4713.60009765625,4720.39990234375,120,0.0360206616419223,1
2026-05-07,4704.7998046875,4736.2001953125,4699.7998046875,4699.7998046875,254,-0.43640577244359324,0
2026-05-06,4663.60009765625,4712.60009765625,4663.60009765625,4681.89990234375,212,-0.3808652088945763,0
2026-05-05,4547.60009765625,4580.5,4547.60009765625,4555.7998046875,426,-2.6933531319865422,0
2026-05-04,4581.2001953125,4581.2001953125,4512.7001953125,4519.5,20,-0.7967822609358466,0
2026-05-01,4636.7001953125,4636.7001953125,4581.7001953125,4629.89990234375,113,2.442745930827517,1
2026-04-30,4561.89990234375,4636.7001953125,4561.89990234375,4614.7001953125,77,-0.3282945064007836,0
2026-04-29,4598.60009765625,4601.60009765625,4515.7001953125,4545.2001953125,507,-1.506056668006217,0
2026-04-28,4680.89990234375,4680.89990234375,4591.5,4591.5,2660,1.0186527039061755,1
2026-04-27,4707.60009765625,4711.10009765625,4675.39990234375,4675.39990234375,538,1.8272874298976394,1
2026-04-24,4695.0,4722.2998046875,4657.5,4722.2998046875,45,1.0031206596945674,1
2026-04-23,4711.5,4732.39990234375,4705.10009765625,4705.10009765625,292,-0.3642231061690926,0
2026-04-22,4754.2001953125,4754.2001953125,4732.5,4732.5,765,0.582344727530848,1
2026-04-21,4698.39990234375,4705.0,4676.39990234375,4698.39990234375,1197,-0.7205514560221893,0
2026-04-20,4793.89990234375,4811.0,4770.0,4806.60009765625,724,2.3029158343572442,1
2026-04-17,4771.60009765625,4879.7001953125,4767.2001953125,4857.60009765625,1902,1.0610410469734655,1
2026-04-16,4810.89990234375,4810.89990234375,4785.39990234375,4785.39990234375,805,-1.4863346891675122,0
2026-04-15,4843.60009765625,4843.60009765625,4798.0,4800.0,182,0.30509670987159954,1
2026-04-14,4770.10009765625,4841.60009765625,4770.10009765625,4825.0,288,0.5208333333333259,1
2026-04-13,4704.0,4742.39990234375,4704.0,4742.39990234375,32,-1.7119191224093222,0
2026-04-10,4745.89990234375,4791.0,4744.89990234375,4761.89990234375,812,0.4111842189934878,1
2026-04-09,4711.0,4799.10009765625,4711.0,4792.2001953125,1277,0.6363068016998152,1
2026-04-08,4760.0,4851.0,4738.7998046875,4749.5,405,-0.8910352984474068,0
2026-04-07,4624.89990234375,4676.2998046875,4608.0,4657.10009765625,327,-1.9454658878566122,0
2026-04-06,4656.10009765625,4689.60009765625,4605.0,4656.7998046875,148,-0.006448067734277085,0
2026-04-02,4764.89990234375,4784.39990234375,4558.89990234375,4651.5,0,-0.11380787042134521,0
2026-04-01,4668.39990234375,4789.10009765625,4668.0,4783.2001953125,1637,2.831348926421584,1
2026-03-31,4510.0,4684.10009765625,4508.60009765625,4647.60009765625,4264,-2.8349241536897662,0
2026-03-30,4482.7998046875,4579.10009765625,4413.39990234375,4526.0,10816,-2.616406211833333,0
2026-03-27,4492.0,4492.0,4492.0,4492.0,74348,-0.75121520106054,0
2026-03-26,4441.5,4443.10009765625,4375.5,4375.5,1070,-2.5934995547640227,0
2026-03-25,4549.0,4551.89990234375,4541.7998046875,4549.7998046875,388,3.9835402739687,1
2026-03-24,4338.7001953125,4399.2998046875,4325.2001953125,4399.2998046875,378,-3.307837849149875,0
2026-03-23,4353.0,4480.39990234375,4100.7998046875,4404.10009765625,544,0.10911493150875806,1
2026-03-20,4686.89990234375,4686.89990234375,4570.39990234375,4570.39990234375,235,3.7760223655225467,1
2026-03-19,4830.2998046875,4830.2998046875,4554.0,4600.7001953125,627,0.6629680906743429,1
2026-03-18,4949.60009765625,4949.60009765625,4821.7001953125,4889.89990234375,1461,6.285993321753636,1
2026-03-17,5017.60009765625,5017.60009765625,4994.2001953125,5001.0,239,2.272032145341041,1
2026-03-16,5001.60009765625,5010.60009765625,4994.0,4994.0,130,-0.13997200559887624,0
2026-03-13,5089.60009765625,5117.0,5009.5,5052.5,479,1.1714056868241896,1
2026-03-12,5137.2001953125,5137.2001953125,5115.7998046875,5115.7998046875,410,1.2528412605145922,1
2026-03-11,5190.7998046875,5191.2998046875,5167.39990234375,5167.39990234375,633,1.0086418473406633,1
2026-03-10,5138.2001953125,5229.7001953125,5137.60009765625,5229.7001953125,4300,1.2056410215221192,1
2026-03-09,5155.0,5160.60009765625,5077.7001953125,5091.5,639,-2.6426026378409184,0
2026-03-06,5121.0,5146.10009765625,5076.10009765625,5146.10009765625,148,1.0723774458656576,1
2026-03-05,5169.5,5169.5,5054.7001953125,5065.2998046875,1701,-1.5701267257811402,0
2026-03-04,5130.7001953125,5180.2001953125,5117.2001953125,5120.2001953125,679,1.0838527380786944,1
2026-03-03,5298.7001953125,5303.7998046875,5023.0,5107.39990234375,1776,-0.24999594704262496,0
2026-03-02,5346.60009765625,5405.0,5266.2998046875,5294.39990234375,72,3.661354183646104,1
2026-02-27,5186.7001953125,5280.0,5176.7001953125,5230.5,354,-1.206933807842181,0
2026-02-26,5177.2001953125,5199.2001953125,5143.89990234375,5176.5,1520,-1.0324060797246903,0
2026-02-25,5166.0,5206.39990234375,5166.0,5206.39990234375,1772,0.5776084679561588,1
2026-02-24,5158.7998046875,5159.0,5112.7001953125,5155.7998046875,88,-0.9718826560647265,0
2026-02-23,5120.2998046875,5211.60009765625,5120.2998046875,5204.7001953125,779,0.9484540222167048,1
2026-02-20,5039.5,5072.7001953125,5039.5,5059.2998046875,134,-2.793636235876784,0
2026-02-19,5014.7001953125,5014.7001953125,4975.89990234375,4975.89990234375,37,-1.648447523637142,0
2026-02-18,4872.2001953125,4987.0,4869.5,4986.5,544,0.21302875588911085,1
2026-02-17,5020.0,5020.0,4847.7998046875,4882.89990234375,540,-2.0776115041863052,0
2026-02-13,4953.0,5043.89990234375,4946.2001953125,5022.0,232,2.8487190079297564,1
2026-02-12,5060.39990234375,5078.10009765625,4892.0,4923.7001953125,484,-1.957383605884111,0
2026-02-11,5049.89990234375,5111.2998046875,5041.2998046875,5071.60009765625,2681,3.003836474132915,1
2026-02-10,5013.5,5029.0,5002.7001953125,5003.7998046875,281,-1.3368619698560735,0
2026-02-09,5017.39990234375,5065.7001953125,4979.10009765625,5050.89990234375,170,0.9412866120688257,1
2026-02-06,4762.0,4958.5,4655.0,4951.2001953125,1386,-1.9738998784154638,0
2026-02-05,5008.7001953125,5012.2998046875,4786.0,4861.39990234375,793,-1.8137075744537157,0
2026-02-04,4923.2998046875,5082.2001953125,4897.89990234375,4920.39990234375,3886,1.213642185074204,1
2026-02-03,4680.0,4984.60009765625,4674.2998046875,4903.7001953125,1213,-0.33939735311545594,0
2026-02-02,4807.7001953125,4855.7998046875,4400.0,4622.5,3588,-5.73444917332634,0
2026-01-30,5376.39990234375,5440.5,4700.0,4713.89990234375,8374,1.9772829063007036,1
2026-01-29,5415.7001953125,5586.2001953125,5097.5,5318.39990234375,23709,12.823776756469574,1
2026-01-28,5301.60009765625,5301.60009765625,5301.60009765625,5301.60009765625,112054,-0.31588080994241485,0
2026-01-27,5079.89990234375,5079.89990234375,5079.89990234375,5079.89990234375,34,-4.181760057883466,0
2026-01-26,5081.5,5095.60009765625,5052.2001953125,5079.7001953125,180,-0.003931318236360948,0
2026-01-23,4949.60009765625,4976.2001953125,4936.0,4976.2001953125,169,-2.0375218225577307,0
2026-01-22,4791.89990234375,4908.7998046875,4791.89990234375,4908.7998046875,1175,-1.3544549652260818,0
2026-01-21,4863.5,4872.2998046875,4771.5,4831.7998046875,1706,-1.568611535684783,0
2026-01-20,4662.2001953125,4764.0,4661.7998046875,4759.60009765625,175,-1.4942611438745201,0
2026-01-16,4608.0,4608.0,4588.39990234375,4588.39990234375,352,-3.596944949152414,0
2026-01-15,4612.89990234375,4616.2998046875,4612.89990234375,4616.2998046875,4358,0.6080529800704282,1
2026-01-14,4610.2998046875,4635.0,4608.2001953125,4626.2998046875,1313,0.21662371213078124,1
2026-01-13,4578.60009765625,4617.10009765625,4578.60009765625,4589.2001953125,239,-0.8019283431957791,0
2026-01-12,4579.10009765625,4620.0,4577.7998046875,4604.2998046875,156,0.3290248568895038,1
2026-01-09,4473.0,4490.2998046875,4473.0,4490.2998046875,237,-2.4759465029609906,0
2026-01-08,4460.2001953125,4461.2998046875,4418.0,4449.7001953125,2423,-0.9041625535252118,0
2026-01-07,4450.0,4450.0,4449.2998046875,4449.2998046875,972,-0.008998148356642588,0
2026-01-06,4449.7001953125,4482.2001953125,4449.0,4482.2001953125,459,0.7394509713716912,1
2026-01-05,4386.7001953125,4443.5,4384.7998046875,4436.89990234375,618,-1.0106708981032386,0
2026-01-02,4350.60009765625,4350.60009765625,4314.39990234375,4314.39990234375,589,-2.760936750799592,0
2025-12-31,4333.5,4363.7998046875,4285.0,4325.60009765625,785,0.25960030516447574,1
2025-12-30,4346.39990234375,4403.60009765625,4338.0,4370.10009765625,1837,1.0287589928646312,1
2025-12-29,4371.5,4379.0,4325.10009765625,4325.10009765625,2044,-1.029724697247414,0
2025-12-26,4512.0,4556.2998046875,4502.0,4529.10009765625,263,4.716653843700547,1
2025-12-24,4500.7001953125,4503.39990234375,4468.39990234375,4480.60009765625,500,-1.0708529057482763,0
2025-12-23,4503.2998046875,4503.7998046875,4450.39990234375,4482.7998046875,694,0.049094027213025804,1
2025-12-22,4371.10009765625,4447.60009765625,4371.10009765625,4444.60009765625,449,-0.8521394819216765,0
2025-12-19,4350.10009765625,4361.39990234375,4350.10009765625,4361.39990234375,1065,-1.871938835540543,0
2025-12-18,4331.0,4348.10009765625,4328.2001953125,4339.5,705,-0.5021301149656376,0
2025-12-17,4308.5,4351.39990234375,4308.5,4347.5,2169,0.1843530360640555,1
2025-12-16,4270.5,4321.39990234375,4270.5,4304.5,1796,-0.9890741805635428,0
2025-12-15,4308.2998046875,4349.2001953125,4292.89990234375,4306.7001953125,854,0.051113841619243594,1
2025-12-12,4276.39990234375,4355.0,4260.0,4300.10009765625,1531,-0.153251848443825,0
2025-12-11,4224.0,4286.89990234375,4214.2998046875,4285.5,528,-0.3395292510564474,0
2025-12-10,4209.0,4234.5,4183.60009765625,4196.39990234375,692,-2.0791062339575284,0
2025-12-09,4190.7001953125,4219.7001953125,4177.7001953125,4206.7001953125,660,0.24545546679184405,1
2025-12-08,4205.5,4215.7998046875,4175.5,4187.2001953125,318,-0.4635462261306067,0
2025-12-05,4204.10009765625,4255.7001953125,4194.5,4212.89990234375,533,0.6137682898472496,1
2025-12-04,4211.0,4211.7998046875,4175.0,4211.7998046875,616,-0.02611259896391216,0
2025-12-03,4215.7001953125,4234.10009765625,4195.7001953125,4199.2998046875,1897,-0.2967852362329326,0
2025-12-02,4230.5,4230.5,4167.0,4186.60009765625,366,-0.30242439506400487,0
2025-12-01,4218.5,4262.10009765625,4214.89990234375,4239.2998046875,913,1.2587709788845824,1
2025-11-28,4163.39990234375,4223.89990234375,4140.0,4218.2998046875,3615,-0.49536482361497436,0
2025-11-26,4128.60009765625,4171.0,4127.5,4165.2001953125,25088,-1.2587917368033996,0
2025-11-25,4139.2001953125,4139.2001953125,4139.2001953125,4139.2001953125,132704,-0.6242196960727142,0
2025-11-24,4060.5,4091.89990234375,4060.5,4091.89990234375,591,-1.142739919231639,0
2025-11-21,4031.800048828125,4085.199951171875,4031.800048828125,4076.699951171875,171,-0.37146439391562147,0
2025-11-20,4045.0,4090.39990234375,4040.199951171875,4056.5,202,-0.49549761851048757,0
2025-11-19,4086.10009765625,4122.7001953125,4072.0,4077.699951171875,486,0.5226168167601353,1
2025-11-18,4037.39990234375,4063.39990234375,4035.60009765625,4061.300048828125,1375,-0.40218511759397835,0
2025-11-17,4070.0,4099.5,4019.39990234375,4068.300048828125,1552,0.17235860231552547,1
2025-11-14,4197.7001953125,4197.89990234375,4047.0,4087.60009765625,483,0.47440082089531543,1
2025-11-13,4228.7001953125,4228.7001953125,4163.7001953125,4186.89990234375,167,2.429293529580767,1
2025-11-12,4115.60009765625,4204.39990234375,4102.89990234375,4204.39990234375,396,0.4179703457969808,1
2025-11-11,4140.10009765625,4140.10009765625,4106.7998046875,4106.7998046875,569,-2.3213799810489655,0
2025-11-10,4060.0,4111.7998046875,4060.0,4111.7998046875,189,0.12174929964428038,1
2025-11-07,3980.800048828125,3999.39990234375,3980.800048828125,3999.39990234375,245,-2.733593746845675,0
2025-11-06,4004.0,4007.5,3979.89990234375,3979.89990234375,650,-0.4875731478758194,0
2025-11-05,3929.89990234375,3983.5,3929.89990234375,3980.300048828125,559,0.010054184632624086,1
2025-11-04,3994.199951171875,3995.39990234375,3927.39990234375,3947.699951171875,657,-0.8190361846174943,0
2025-11-03,3976.199951171875,4020.0,3959.0,4000.300048828125,0,1.3324239001658578,1
2025-10-31,4034.5,4034.5,3976.60009765625,3982.199951171875,559,-0.45246850074539546,0
2025-10-30,3960.0,4027.199951171875,3913.699951171875,4001.300048828125,935,0.47963683115985756,1
2025-10-29,3983.699951171875,3983.699951171875,3983.699951171875,3983.699951171875,1344,-0.4398594817053181,0
2025-10-28,3929.699951171875,3966.199951171875,3923.60009765625,3966.199951171875,219,-0.4392901125711557,0
2025-10-27,4060.0,4078.60009765625,3971.300048828125,4001.89990234375,220,0.9001046747864283,1
2025-10-24,4117.5,4120.60009765625,4074.89990234375,4118.39990234375,123,2.9111172903592886,1
2025-10-23,4078.39990234375,4136.7998046875,4070.699951171875,4125.5,354,0.17239942270319553,1
2025-10-22,4109.7001953125,4148.5,4006.0,4044.39990234375,1237,-1.9658246917040323,0
2025-10-21,4332.7001953125,4332.7001953125,4087.699951171875,4087.699951171875,2943,1.07061739377039,1
2025-10-20,4244.10009765625,4356.60009765625,4214.60009765625,4336.39990234375,1750,6.084104854628003,1
2025-10-17,4354.7001953125,4358.0,4182.2001953125,4189.89990234375,4060,-3.3783784544598627,0
2025-10-16,4198.7998046875,4307.0,4196.60009765625,4280.2001953125,4705,2.155189743751107,1
2025-10-15,4145.0,4210.60009765625,4145.0,4176.89990234375,3287,-2.4134453589783056,0
2025-10-14,4131.7001953125,4160.10009765625,4085.800048828125,4138.7001953125,2424,-0.9145468630889497,0
2025-10-13,4016.0,4111.0,4016.0,4108.60009765625,1697,-0.7272838387844871,0
2025-10-10,3957.0,4012.0,3945.5,3975.89990234375,1697,-3.229815318073881,0
2025-10-09,4011.199951171875,4046.199951171875,3940.0,3946.300048828125,3130,-0.744481859268542,0
2025-10-08,3987.199951171875,4049.199951171875,3987.199951171875,4043.300048828125,2179,2.457998601216471,1
2025-10-07,3959.39990234375,3981.5,3940.0,3976.60009765625,2903,-1.6496413911009866,0
2025-10-06,3931.300048828125,3960.0,3926.800048828125,3948.5,1267,-0.7066362461946252,0
2025-10-03,3855.199951171875,3886.800048828125,3853.699951171875,3880.800048828125,392,-1.7145739184975306,0
2025-10-02,3856.199951171875,3888.60009765625,3823.699951171875,3839.699951171875,3418,-1.0590624907011348,0
2025-10-01,3863.5,3891.89990234375,3853.300048828125,3867.5,1778,0.7240161778693244,1
2025-09-30,3827.5,3865.5,3793.39990234375,3840.800048828125,1611,-0.6903671925501009,0
2025-09-29,3754.800048828125,3827.60009765625,3754.800048828125,3820.89990234375,8860,-0.5181250320606234,0
2025-09-26,3775.300048828125,3775.300048828125,3775.300048828125,3775.300048828125,19308,-1.1934322981780765,0
2025-09-25,3742.800048828125,3756.0,3724.699951171875,3736.89990234375,1899,-1.0171415778275628,0
2025-09-24,3769.800048828125,3772.5,3732.10009765625,3732.10009765625,588,-0.12844349093990015,0
2025-09-23,3747.0,3786.0,3740.0,3780.60009765625,627,1.2995364200027115,1
2025-09-22,3688.199951171875,3748.199951171875,3688.0,3740.699951171875,410,-1.0553918810167429,0
2025-09-19,3659.0,3685.89990234375,3658.199951171875,3671.5,211,-1.8499198565818165,0
2025-09-18,3654.60009765625,3667.39990234375,3637.0,3643.699951171875,80,-0.7571850423021886,0
2025-09-17,3669.0,3685.199951171875,3661.60009765625,3681.800048828125,183,1.0456431146037781,1
2025-09-16,3681.39990234375,3698.60009765625,3681.39990234375,3688.89990234375,373,0.19283647730639064,1
2025-09-15,3640.0,3686.39990234375,3635.10009765625,3682.199951171875,210,-0.18162464011609591,0
2025-09-12,3655.5,3656.800048828125,3643.0,3649.39990234375,1300,-0.8907731590644952,0
2025-09-11,3632.89990234375,3636.89990234375,3618.39990234375,3636.89990234375,307,-0.3425220675862928,0
2025-09-10,3625.0,3655.39990234375,3620.800048828125,3643.60009765625,136,0.18422820238144233,1
2025-09-09,3647.10009765625,3670.39990234375,3627.800048828125,3643.300048828125,535,-0.00823495499184812,0
2025-09-08,3594.5,3641.0,3590.0,3638.10009765625,97,-0.14272640469311648,0
2025-09-05,3567.800048828125,3613.199951171875,3567.800048828125,3613.199951171875,925,-0.6844271959536297,0
2025-09-04,3549.89990234375,3573.60009765625,3549.89990234375,3565.800048828125,237,-1.3118538410357483,0
2025-09-03,3554.800048828125,3593.699951171875,3553.199951171875,3593.199951171875,72,0.7684082665474934,1
2025-09-02,3485.699951171875,3559.199951171875,3485.699951171875,3549.39990234375,658,-1.2189705394446637,0
2025-08-29,3432.5,3475.60009765625,3426.60009765625,3473.699951171875,0,-2.132753514809327,0
2025-08-28,3409.0,3434.60009765625,3400.0,3431.800048828125,1035,-1.2062038441061906,0
2025-08-27,3397.0,3404.60009765625,3382.0,3404.60009765625,3222,-0.7925855465024334,0
2025-08-26,3378.89990234375,3396.5,3371.10009765625,3388.60009765625,905,-0.46995240383781445,0
2025-08-25,3366.0,3378.0,3366.0,3373.800048828125,1044,-0.43675997171698233,0
2025-08-22,3349.39990234375,3377.699951171875,3349.39990234375,3374.39990234375,1240,0.017779758934843848,1
2025-08-21,3349.39990234375,3349.39990234375,3326.5,3336.89990234375,142,-1.111308709259795,0
2025-08-20,3310.60009765625,3343.5,3310.10009765625,3343.39990234375,1213,0.19479157871755692,1
2025-08-19,3330.199951171875,3343.5,3313.39990234375,3313.39990234375,1655,-0.8972902098540403,0
2025-08-18,3333.5,3347.800048828125,3331.699951171875,3331.699951171875,646,0.5523042605023454,1
2025-08-15,3346.800048828125,3346.800048828125,3335.89990234375,3336.0,1185,0.1290647084414731,1
2025-08-14,3346.800048828125,3356.0,3328.89990234375,3335.199951171875,592,-0.023982279020529074,0
2025-08-13,3358.800048828125,3363.39990234375,3358.699951171875,3358.699951171875,1011,0.7046054312798589,1
2025-08-12,3356.199951171875,3356.199951171875,3330.10009765625,3348.89990234375,1611,-0.2917810155892542,0
2025-08-11,3383.89990234375,3383.89990234375,3349.199951171875,3353.10009765625,1488,0.12542015094449965,1
2025-08-08,3438.800048828125,3477.0,3402.5,3439.10009765625,7657,2.564790715914267,1
2025-08-07,3384.89990234375,3422.89990234375,3384.89990234375,3400.300048828125,5464,-1.1282035336676377,0
2025-08-06,3380.699951171875,3383.300048828125,3361.300048828125,3380.0,1492,-0.597007573938102,0
2025-08-05,3378.5,3387.199951171875,3351.199951171875,3381.89990234375,915,0.056210128513312085,1
2025-08-04,3367.60009765625,3386.5,3347.39990234375,3374.39990234375,351,-0.22176883457734053,0
2025-08-01,3286.199951171875,3360.60009765625,3281.0,3347.699951171875,3420,-0.7912503539764248,0
2025-07-31,3272.89990234375,3312.0,3272.89990234375,3293.199951171875,3704,-1.6279834153273498,0
2025-07-30,3325.800048828125,3331.800048828125,3263.89990234375,3295.800048828125,19252,0.0789535313616474,1
2025-07-29,3323.39990234375,3323.39990234375,3323.39990234375,3323.39990234375,113144,0.8374249986869975,1
2025-07-28,3326.60009765625,3326.800048828125,3309.10009765625,3309.10009765625,533,-0.4302763768337159,0
2025-07-25,3344.0,3345.0,3326.5,3334.0,67,0.7524674868973014,1
2025-07-24,3367.0,3371.0,3367.0,3371.0,1175,1.1097780443911187,1
2025-07-23,3430.300048828125,3433.89990234375,3388.10009765625,3394.10009765625,63,0.685259497367241,1
2025-07-22,3411.0,3441.0,3395.60009765625,3439.199951171875,39,1.3287720520313462,1
2025-07-21,3350.300048828125,3411.699951171875,3350.300048828125,3401.89990234375,53,-1.084555982719626,0
2025-07-18,3338.199951171875,3353.0,3338.199951171875,3353.0,602,-1.4374291939060369,0
2025-07-17,3313.800048828125,3340.800048828125,3313.800048828125,3340.10009765625,667,-0.38472717995079453,0
2025-07-16,3341.199951171875,3352.89990234375,3329.5,3352.5,10,0.371243435262647,1
2025-07-15,3341.0,3341.0,3329.800048828125,3329.800048828125,210,-0.6771051803691308,0
2025-07-14,3367.0,3375.5,3350.0,3351.5,583,0.6516893162852755,1
2025-07-11,3330.5,3370.0,3330.5,3356.0,776,0.1342682381023419,1
2025-07-10,3323.60009765625,3330.5,3311.60009765625,3317.39990234375,209,-1.1501816941671628,0
2025-07-09,3289.39990234375,3314.0,3282.0,3311.60009765625,114,-0.17482983234557992,0
2025-07-08,3330.39990234375,3334.5,3287.60009765625,3307.0,909,-0.1389086097535075,0
2025-07-07,3305.5,3333.300048828125,3299.199951171875,3332.199951171875,254,0.7620184811574005,1
2025-07-04,3342.0,3342.0,3332.5,3332.5,0,0.009004526514666544,1
2025-07-03,3362.0,3362.0,3322.300048828125,3331.60009765625,0,-0.027003821267812533,0
2025-07-02,3329.0,3357.5,3329.0,3348.0,39,0.49225302746531696,1
2025-07-01,3310.10009765625,3354.10009765625,3310.10009765625,3336.699951171875,371,-0.3375163927157976,0
2025-06-30,3265.89990234375,3306.89990234375,3262.0,3294.39990234375,1242,-1.2677210851179121,0
2025-06-27,3318.699951171875,3318.699951171875,3253.800048828125,3273.699951171875,284,-0.6283375359848797,0
2025-06-26,3332.39990234375,3333.5,3332.39990234375,3333.5,2058,1.8266808113162059,1
2025-06-25,3321.60009765625,3331.199951171875,3310.60009765625,3327.10009765625,373,-0.19198747093894797,0
2025-06-24,3358.0,3358.0,3301.0,3317.39990234375,538,-0.29155105129939907,0
2025-06-23,3365.89990234375,3387.89990234375,3350.0,3377.699951171875,30,1.8176900766628368,1
2025-06-20,3350.0,3372.89990234375,3341.0,3368.10009765625,709,-0.28421273808807435,0
2025-06-18,3385.300048828125,3391.89990234375,3365.10009765625,3389.800048828125,0,0.644278689548905,1
2025-06-17,3398.300048828125,3398.300048828125,3376.10009765625,3386.60009765625,1477,-0.09439940780522349,0
2025-06-16,3442.0,3442.0,3385.39990234375,3396.39990234375,480,0.2893699995544896,1
2025-06-13,3407.300048828125,3444.0,3407.300048828125,3431.199951171875,499,1.0246157645956488,1
2025-06-12,3363.0,3395.89990234375,3353.39990234375,3380.89990234375,1818,-1.4659608750269948,0
2025-06-11,3328.0,3356.0,3321.300048828125,3321.300048828125,2106,-1.7628399312948684,0
2025-06-10,3302.0,3344.300048828125,3302.0,3320.89990234375,65,-0.012047887227661924,0
2025-06-09,3315.60009765625,3334.60009765625,3290.0,3332.10009765625,1887,0.33726386346650816,1
2025-06-06,3364.300048828125,3364.300048828125,3306.0,3322.699951171875,81,-0.28210876650995864,0
2025-06-05,3371.5,3400.0,3343.699951171875,3350.699951171875,731,0.8426881876627101,1
2025-06-04,3355.0,3380.0,3344.0,3373.5,207,0.6804562975013972,1
2025-06-03,3385.10009765625,3390.0,3331.300048828125,3350.199951171875,6410,-0.6906787854787266,0
2025-06-02,3296.89990234375,3380.800048828125,3296.89990234375,3370.60009765625,976,0.6089232517969334,1
2025-05-30,3315.10009765625,3318.0,3270.89990234375,3288.89990234375,2213,-2.42390651354073,0
2025-05-29,3283.699951171875,3328.800048828125,3242.39990234375,3317.10009765625,24370,0.8574354997062716,1
2025-05-28,3293.60009765625,3293.60009765625,3293.60009765625,3293.60009765625,127758,-0.7084501313844638,0
2025-05-27,3332.5,3341.0,3296.300048828125,3299.10009765625,189,0.166990522131516,1
2025-05-23,3328.0,3363.60009765625,3323.5,3363.60009765625,47,1.955078599943727,1
2025-05-22,3327.300048828125,3328.0,3282.699951171875,3292.300048828125,1210,-2.119754036093846,0
2025-05-21,3293.39990234375,3317.5,3290.199951171875,3309.300048828125,979,0.516356338968893,1
2025-05-20,3219.0,3293.199951171875,3207.5,3280.300048828125,356,-0.8763182416858584,0
2025-05-19,3234.39990234375,3241.0,3228.300048828125,3228.89990234375,266,-1.5669342962311483,0
2025-05-16,3227.699951171875,3228.10009765625,3173.89990234375,3182.0,199,-1.452504065229987,0
2025-05-15,3151.0,3228.10009765625,3125.0,3220.699951171875,652,1.2162146817056962,1
2025-05-14,3233.0,3233.0,3171.699951171875,3181.39990234375,3518,-1.2202331612364392,0
2025-05-13,3232.0,3251.39990234375,3223.5,3240.300048828125,2424,1.8513908434140358,1
2025-05-12,3300.699951171875,3300.699951171875,3205.0,3220.0,886,-0.6264866994483032,0
2025-05-09,3299.0,3335.5,3299.0,3335.39990234375,216,3.583847898874226,1
2025-05-08,3390.0,3390.0,3288.699951171875,3296.60009765625,200,-1.1632729454790658,0
2025-05-07,3418.699951171875,3418.699951171875,3364.699951171875,3381.39990234375,1080,2.5723412660149325,1
2025-05-06,3365.5,3430.89990234375,3356.800048828125,3411.39990234375,2357,0.8872065081449332,1
2025-05-05,3242.699951171875,3315.699951171875,3239.699951171875,3311.300048828125,244,-2.9342749715989935,0
2025-05-02,3239.89990234375,3257.0,3225.0,3231.89990234375,1349,-2.397854175506531,0
2025-05-01,3272.89990234375,3275.0,3198.60009765625,3210.0,2131,-0.6776169747048311,0
2025-04-30,3318.699951171875,3318.699951171875,3268.0,3305.0,207,2.9595015576324046,1
2025-04-29,3340.0,3340.0,3299.89990234375,3318.800048828125,1278,0.4175506453290456,1
2025-04-28,3284.5,3332.5,3284.5,3332.5,1300,0.41279832982745734,1
2025-04-25,3355.5,3355.5,3266.10009765625,3282.39990234375,162,-1.5033787743810922,0
2025-04-24,3305.39990234375,3353.89990234375,3304.89990234375,3332.0,560,1.5110924668512826,1
2025-04-23,3321.199951171875,3370.300048828125,3256.199951171875,3276.300048828125,331,-1.6716672020370638,0
2025-04-22,3422.199951171875,3485.60009765625,3361.699951171875,3400.800048828125,785,3.800018256707949,1
2025-04-21,3342.199951171875,3418.5,3342.199951171875,3406.199951171875,78,0.15878329411371794,1
2025-04-17,3345.0,3345.0,3287.800048828125,3308.699951171875,824,-2.862427379416055,0
2025-04-16,3238.300048828125,3334.89990234375,3238.300048828125,3326.60009765625,1874,0.5410024102679767,1
2025-04-15,3216.0,3218.699951171875,3214.0,3218.699951171875,390,-3.2435562831972464,0
2025-04-14,3215.5,3228.800048828125,3194.5,3204.800048828125,263,-0.4318483410884366,0
2025-04-11,3182.10009765625,3235.0,3182.10009765625,3222.199951171875,862,0.5429325411459685,1
2025-04-10,3073.89990234375,3167.0,3072.10009765625,3155.199951171875,3456,-2.0793247165072137,0
2025-04-09,2965.800048828125,3090.39990234375,2965.800048828125,3056.5,2175,-3.1281678720620154,0
2025-04-08,2994.0,3014.5,2968.39990234375,2968.39990234375,3213,-2.88238500429413,0
2025-04-07,3016.39990234375,3050.800048828125,2949.699951171875,2951.300048828125,4424,-0.5760629995346545,0
2025-04-04,3110.5,3127.699951171875,3011.0,3012.0,3247,2.0567190786303646,1
2025-04-03,3150.0,3166.89990234375,3052.0,3097.0,5516,2.822045152722441,1
2025-04-02,3120.699951171875,3168.60009765625,3117.39990234375,3139.89990234375,5946,1.3852083417420058,1
2025-04-01,3129.699951171875,3149.5,3104.0,3118.89990234375,1721,-0.6688111294351984,0
2025-03-31,3091.0,3132.5,3086.0,3122.800048828125,3438,0.12504878663930352,1
2025-03-28,3069.699951171875,3094.89990234375,3066.800048828125,3086.5,31206,-1.162419887938293,0
2025-03-27,3025.5,3065.0,3025.5,3060.199951171875,124359,-0.8520994274461402,0
2025-03-26,3033.199951171875,3033.199951171875,3019.5,3020.89990234375,83,-1.2842314049797743,0
2025-03-25,3026.39990234375,3028.800048828125,3023.699951171875,3023.699951171875,74,0.09268922899274834,1
2025-03-24,3024.300048828125,3024.300048828125,3006.0,3013.10009765625,137,-0.3505590398120373,0
2025-03-21,3034.5,3037.5,3000.89990234375,3018.199951171875,151,0.16925602702650977,1
2025-03-20,3047.300048828125,3047.300048828125,3034.39990234375,3040.0,185,0.7222864349878622,1
2025-03-19,3035.199951171875,3050.89990234375,3030.89990234375,3035.89990234375,175,-0.13487163342927877,0
2025-03-18,3006.39990234375,3039.199951171875,3004.39990234375,3035.10009765625,428,-0.02634489651264227,0
2025-03-17,2991.0,3001.5,2989.0,3000.0,214,-1.1564724894363443,0
2025-03-14,2994.39990234375,3004.800048828125,2986.0,2994.5,1800,-0.18333333333333535,0
2025-03-13,2937.10009765625,2988.0,2935.199951171875,2984.300048828125,2366,-0.34062284761646744,0
2025-03-12,2912.0,2939.10009765625,2910.0,2939.10009765625,213,-1.5145913759450624,0
2025-03-11,2884.39990234375,2916.699951171875,2880.39990234375,2912.89990234375,197,-0.8914359648176995,0
2025-03-10,2910.10009765625,2915.10009765625,2880.199951171875,2891.0,55,-0.7518247477755424,0
2025-03-07,2900.89990234375,2927.300048828125,2900.5,2904.699951171875,531,0.473882780071766,1
2025-03-06,2904.0,2918.60009765625,2903.800048828125,2916.60009765625,870,0.4096859119501861,1
2025-03-05,2916.699951171875,2922.0,2893.0,2915.300048828125,551,-0.04457412002316641,0
2025-03-04,2886.10009765625,2927.89990234375,2886.10009765625,2909.60009765625,885,-0.19551850843504415,0
2025-03-03,2872.699951171875,2891.800048828125,2863.39990234375,2890.199951171875,423,-0.6667633294349384,0
2025-02-28,2877.10009765625,2877.10009765625,2834.10009765625,2836.800048828125,990,-1.8476196542075995,0
2025-02-27,2918.5,2922.800048828125,2870.39990234375,2883.199951171875,3215,1.6356423274498155,1
2025-02-26,2913.5,2917.0,2913.0,2916.800048828125,2050,1.1653752159156872,1
2025-02-25,2938.699951171875,2943.199951171875,2890.0,2904.5,1854,-0.42169667519947884,0
2025-02-24,2933.10009765625,2957.89990234375,2933.10009765625,2947.89990234375,415,1.494229724350138,1
2025-02-21,2938.800048828125,2940.0,2917.300048828125,2937.60009765625,570,-0.3493946547951321,0
2025-02-20,2949.10009765625,2955.800048828125,2924.199951171875,2940.0,656,0.08169601933445403,1
2025-02-19,2938.699951171875,2946.0,2917.10009765625,2919.39990234375,2630,-0.7006835937499956,0
2025-02-18,2879.199951171875,2936.39990234375,2873.800048828125,2931.60009765625,4010,0.4179007919643096,1
2025-02-14,2937.300048828125,2944.39990234375,2874.800048828125,2883.60009765625,1992,-1.6373310956830367,0
2025-02-13,2911.300048828125,2937.699951171875,2910.60009765625,2925.89990234375,4670,1.4669095316608205,1
2025-02-12,2902.0,2912.300048828125,2868.60009765625,2909.0,2504,-0.5775967363139345,0
2025-02-11,2925.5,2945.39990234375,2890.0,2912.5,2554,0.12031625988311312,1
2025-02-10,2864.199951171875,2916.10009765625,2863.800048828125,2914.300048828125,2237,0.06180425160944303,1
2025-02-07,2859.89990234375,2889.5,2857.800048828125,2867.300048828125,1822,-1.6127371654438671,0
2025-02-06,2865.199951171875,2871.699951171875,2836.300048828125,2856.0,3116,-0.3941006743519382,0
2025-02-05,2850.0,2880.5,2848.0,2871.60009765625,4519,0.5462219067314367,1
2025-02-04,2827.60009765625,2853.300048828125,2816.10009765625,2853.300048828125,2187,-0.637277065252273,0
2025-02-03,2818.199951171875,2848.39990234375,2780.89990234375,2833.89990234375,2649,-0.6799196072050928,0
2025-01-31,2829.0,2838.0,2804.0,2812.5,3443,-0.7551396690494094,0
2025-01-30,2772.5,2829.5,2770.0,2823.0,40141,0.3733333333333366,1
2025-01-29,2769.10009765625,2769.10009765625,2769.10009765625,2769.10009765625,125692,-1.909312870837765,0
2025-01-28,2738.0,2766.800048828125,2738.0,2766.800048828125,2307,-0.08306123820052136,0
2025-01-27,2761.10009765625,2762.199951171875,2737.5,2737.5,984,-1.0589868552494441,0
2025-01-24,2759.800048828125,2792.0,2759.800048828125,2777.300048828125,1593,1.4538830622146115,1
2025-01-23,2760.0,2765.0,2745.39990234375,2763.10009765625,2201,-0.5112861744220432,0
2025-01-22,2754.5,2768.800048828125,2753.5,2767.60009765625,2079,0.162860549417565,1
2025-01-21,2746.0,2755.0,2724.800048828125,2755.0,1439,-0.45527161481604406,0
2025-01-17,2736.0,2751.60009765625,2725.5,2744.300048828125,1214,-0.38838298264518567,0
2025-01-16,2731.699951171875,2749.800048828125,2731.699951171875,2746.39990234375,1721,0.07651690698040614,1
2025-01-15,2690.800048828125,2712.5,2690.800048828125,2712.5,930,-1.2343396282100128,0
2025-01-14,2673.60009765625,2688.300048828125,2670.800048828125,2677.5,794,-1.2903225806451646,0
2025-01-13,2711.10009765625,2711.199951171875,2673.5,2673.5,765,-0.14939309056956063,0
2025-01-10,2686.10009765625,2720.10009765625,2683.699951171875,2708.5,403,1.3091453151299781,1
2025-01-09,2669.699951171875,2686.300048828125,2667.89990234375,2683.800048828125,1139,-0.9119420776029119,0
2025-01-08,2655.5,2676.89990234375,2653.5,2664.5,999,-0.7191313986506631,0
2025-01-07,2653.39990234375,2657.5,2653.0,2656.699951171875,643,-0.29273968204635015,0
2025-01-06,2645.5,2647.0,2617.300048828125,2638.39990234375,960,-0.6888263320836363,0
2025-01-03,2658.699951171875,2658.699951171875,2641.800048828125,2645.0,591,0.2501553176373017,1
2025-01-02,2633.0,2663.10009765625,2633.0,2658.89990234375,1728,0.5255161566635191,1
2024-12-31,2608.39990234375,2629.199951171875,2604.89990234375,2629.199951171875,401,-1.1170014766518799,0
2024-12-30,2620.699951171875,2626.89990234375,2597.0,2606.10009765625,794,-0.8785886940751331,0
2024-12-27,2617.699951171875,2617.699951171875,2616.39990234375,2617.199951171875,642,0.42591815738801664,1
2024-12-26,2628.5,2638.800048828125,2627.89990234375,2638.800048828125,84,0.8253132377821659,1
2024-12-24,2613.0,2620.0,2609.5,2620.0,35,-0.7124468879888823,0
2024-12-23,2620.0,2627.699951171875,2611.10009765625,2612.300048828125,451,-0.2938912661020976,0
2024-12-20,2605.300048828125,2631.60009765625,2604.89990234375,2628.699951171875,592,0.6277955073004327,1
2024-12-19,2582.10009765625,2610.300048828125,2582.10009765625,2592.199951171875,238,-1.3885190656213298,0
2024-12-18,2644.300048828125,2647.10009765625,2590.199951171875,2636.5,566,1.7089749889123373,1
2024-12-17,2651.800048828125,2652.300048828125,2632.5,2644.39990234375,705,0.29963596979898366,1
2024-12-16,2658.300048828125,2663.300048828125,2651.0,2651.39990234375,877,0.264710341041674,1
2024-12-13,2688.199951171875,2689.300048828125,2647.89990234375,2656.0,1125,0.1734969384355578,1
2024-12-12,2725.10009765625,2725.10009765625,2677.39990234375,2687.5,2365,1.1859939759036209,1
2024-12-11,2701.800048828125,2733.800048828125,2693.10009765625,2733.800048828125,3387,1.7227925145348877,1
2024-12-10,2662.300048828125,2698.199951171875,2661.0,2697.60009765625,437,-1.3241623573528205,0
2024-12-09,2632.10009765625,2677.10009765625,2630.800048828125,2664.89990234375,935,-1.2121958084488127,0
2024-12-06,2620.199951171875,2643.10009765625,2617.5,2638.60009765625,571,-0.9868965308741817,0
2024-12-05,2652.39990234375,2655.0,2625.699951171875,2626.60009765625,573,-0.45478661244116036,0
2024-12-04,2639.199951171875,2658.300048828125,2637.0,2653.800048828125,249,1.0355573806665852,1
2024-12-03,2639.0,2654.699951171875,2636.0,2644.699951171875,1062,-0.3429081878368545,0
2024-12-02,2649.0,2649.800048828125,2621.699951171875,2634.89990234375,695,-0.37055427871062196,0
2024-11-29,2636.39990234375,2664.300048828125,2620.699951171875,2657.0,3861,0.8387452455629107,1
2024-11-27,2633.5,2657.89990234375,2627.199951171875,2639.89990234375,61653,-0.6435866637655274,0
2024-11-26,2625.60009765625,2625.60009765625,2620.300048828125,2620.300048828125,177858,-0.7424468442240539,0
2024-11-25,2689.39990234375,2689.39990234375,2616.800048828125,2616.800048828125,94,-0.13357248921036513,0
2024-11-22,2687.5,2710.5,2685.60009765625,2709.89990234375,41,3.557774831031413,1
2024-11-21,2659.300048828125,2672.10009765625,2655.699951171875,2672.10009765625,33,-1.3948782630239465,0
2024-11-20,2638.5,2648.199951171875,2638.5,2648.199951171875,27,-0.894433053063326,0
2024-11-19,2621.89990234375,2627.699951171875,2619.300048828125,2627.10009765625,87,-0.7967620989603907,0
2024-11-18,2591.699951171875,2610.699951171875,2589.39990234375,2610.60009765625,136,-0.6280689500457348,0
2024-11-15,2565.699951171875,2565.699951171875,2565.699951171875,2565.699951171875,20,-1.7199166783409492,0
2024-11-14,2555.10009765625,2576.199951171875,2554.199951171875,2568.199951171875,27,0.09743929717338506,1
2024-11-13,2611.10009765625,2611.800048828125,2580.800048828125,2580.800048828125,53,0.4906198074842383,1
2024-11-12,2605.5,2605.5,2592.800048828125,2600.0,118,0.7439534566265005,1
2024-11-11,2671.699951171875,2671.699951171875,2611.199951171875,2611.199951171875,20,0.43076735276441624,1
2024-11-08,2688.5,2694.60009765625,2682.89990234375,2687.5,1038,2.9220301108646485,1
2024-11-07,2662.5,2699.10009765625,2662.5,2698.39990234375,676,0.4055777616279066,1
2024-11-06,2734.5,2734.5,2659.39990234375,2667.60009765625,427,-1.1414099393032173,0
2024-11-05,2743.0,2743.89990234375,2740.300048828125,2740.300048828125,23,2.7252942161664073,1
2024-11-04,2736.5,2737.10009765625,2736.10009765625,2736.10009765625,16,-0.15326610579272648,0
2024-11-01,2745.5,2756.0,2734.199951171875,2738.60009765625,109,0.09137092616391396,1
2024-10-31,2787.39990234375,2787.5,2733.5,2738.300048828125,849,-0.010956284869112487,0
2024-10-30,2774.60009765625,2789.0,2774.60009765625,2788.5,231,1.833252392971274,1
2024-10-29,2768.39990234375,2768.39990234375,2768.39990234375,2768.39990234375,848,-0.720821146001438,0
2024-10-28,2736.10009765625,2742.89990234375,2729.5,2742.89990234375,56,-0.921109698725664,0
2024-10-25,2725.5,2742.39990234375,2725.5,2740.89990234375,29,-0.07291552995758455,0
2024-10-24,2729.0,2736.10009765625,2729.0,2734.89990234375,27,-0.21890620649333004,0
2024-10-23,2742.5,2742.5,2714.199951171875,2714.39990234375,18,-0.7495703949688237,0
2024-10-22,2731.699951171875,2746.0,2728.60009765625,2744.199951171875,93,1.0978503499942782,1
2024-10-21,2721.89990234375,2738.39990234375,2719.5,2723.10009765625,52,-0.768889071170431,0
2024-10-18,2713.699951171875,2719.60009765625,2713.699951171875,2713.699951171875,29,-0.34520018167769617,0
2024-10-17,2677.39990234375,2691.699951171875,2677.199951171875,2691.0,30,-0.8364945123012668,0
2024-10-16,2674.0,2674.0,2674.0,2674.0,6,-0.6317354143441145,0
2024-10-15,2661.39990234375,2661.39990234375,2661.39990234375,2661.39990234375,39,-0.47120784054787146,0
2024-10-14,2655.0,2655.300048828125,2647.800048828125,2647.800048828125,40,-0.511003757971451,0
2024-10-11,2638.300048828125,2658.10009765625,2638.199951171875,2657.60009765625,12,0.37012042629360753,1
2024-10-10,2602.5,2628.300048828125,2602.5,2620.60009765625,320,-1.3922335430612942,0
2024-10-09,2603.0,2607.699951171875,2603.0,2606.0,152,-0.5571280283973024,0
2024-10-08,2639.0,2639.0,2609.300048828125,2615.0,687,0.3453568687643793,1
2024-10-07,2648.699951171875,2657.39990234375,2639.0,2644.800048828125,284,1.1395812171367092,1
2024-10-04,2656.0,2667.0,2639.0,2645.800048828125,114,0.03781004164919999,1
2024-10-03,2642.800048828125,2657.10009765625,2640.0,2657.10009765625,354,0.42709383247347965,1
2024-10-02,2650.60009765625,2657.199951171875,2640.0,2647.10009765625,72,-0.3763501423533433,0
2024-10-01,2631.39990234375,2670.89990234375,2631.39990234375,2667.300048828125,153,0.7630973679370934,1
2024-09-30,2660.89990234375,2662.10009765625,2623.199951171875,2636.10009765625,973,-1.1697203389465893,0
2024-09-27,2670.0,2672.10009765625,2641.699951171875,2644.300048828125,4228,0.3110637255074433,1
2024-09-26,2662.300048828125,2669.89990234375,2660.800048828125,2669.89990234375,17216,0.9681145498964927,1
2024-09-25,2656.300048828125,2664.199951171875,2649.300048828125,2659.199951171875,175,-0.40076225938215915,0
2024-09-24,2636.800048828125,2662.300048828125,2625.5,2651.199951171875,35,-0.300842364128151,0
2024-09-23,2626.5,2626.5,2626.5,2626.5,9,-0.931651766248609,0
2024-09-20,2590.39990234375,2621.800048828125,2590.39990234375,2619.89990234375,17,-0.2512886981248852,0
2024-09-19,2566.0,2588.0,2566.0,2588.0,99,-1.2176000432387757,0
2024-09-18,2570.699951171875,2570.699951171875,2549.199951171875,2570.699951171875,25,-0.6684717476091562,0
2024-09-17,2581.199951171875,2581.800048828125,2564.300048828125,2564.300048828125,22,-0.2489556333026166,0
2024-09-16,2580.39990234375,2580.39990234375,2580.39990234375,2580.39990234375,28,0.6278459310166351,1
2024-09-13,2568.800048828125,2581.800048828125,2565.0,2581.300048828125,31,0.03488399156881261,1
2024-09-12,2529.10009765625,2557.0,2523.39990234375,2551.199951171875,132,-1.1660828685884472,0
2024-09-11,2525.800048828125,2525.800048828125,2502.300048828125,2512.10009765625,90,-1.532606391657576,0
2024-09-10,2512.300048828125,2512.300048828125,2512.300048828125,2512.300048828125,5,0.007959522475298186,1
2024-09-09,2491.300048828125,2504.699951171875,2491.300048828125,2501.800048828125,96,-0.4179437087897919,0
2024-09-06,2510.300048828125,2517.89990234375,2483.699951171875,2493.5,96,-0.33176307722965204,0
2024-09-05,2493.699951171875,2513.300048828125,2493.39990234375,2511.39990234375,54,0.7178625363444935,1
2024-09-04,2490.89990234375,2493.39990234375,2483.5,2493.39990234375,470,-0.7167317313025889,0
2024-09-03,2501.60009765625,2501.800048828125,2476.300048828125,2489.89990234375,206,-0.14037058382452283,0
2024-08-30,2519.5,2525.39990234375,2493.800048828125,2493.800048828125,208,0.15663868578426055,1
2024-08-29,2504.10009765625,2525.699951171875,2503.89990234375,2525.699951171875,3966,1.279168406414155,1
2024-08-28,2501.0,2501.0,2501.0,2501.0,2353,-0.9779447934983199,0
2024-08-27,2515.199951171875,2523.10009765625,2506.89990234375,2516.0,100,0.5997600959616101,1
2024-08-26,2509.89990234375,2523.10009765625,2509.10009765625,2517.699951171875,290,0.06756562686307532,1
2024-08-23,2486.5,2508.39990234375,2486.5,2508.39990234375,94,-0.3693867024859854,0
2024-08-22,2504.10009765625,2504.10009765625,2471.10009765625,2478.89990234375,210,-1.1760485229024398,0
2024-08-21,2511.0,2515.39990234375,2503.89990234375,2508.39990234375,96,1.1900440179980043,1
2024-08-20,2503.5,2527.300048828125,2500.699951171875,2511.300048828125,187,0.11561738946270772,1
2024-08-19,2508.5,2508.5,2487.199951171875,2501.800048828125,88,-0.37829012126341377,0
2024-08-16,2453.5,2508.0,2451.39990234375,2498.60009765625,197,-0.12790595209133393,0
2024-08-15,2451.800048828125,2467.699951171875,2431.199951171875,2453.10009765625,285,-1.821019699898363,0
2024-08-14,2468.0,2472.10009765625,2439.39990234375,2439.39990234375,274,-0.5584849686969373,0
2024-08-13,2461.0,2470.0,2456.5,2466.699951171875,510,1.119129700788113,1
2024-08-12,2432.699951171875,2469.800048828125,2432.0,2462.39990234375,566,-0.17432395156460334,0
2024-08-09,2422.300048828125,2432.10009765625,2418.5,2432.10009765625,611,-1.2304989396182187,0
2024-08-08,2384.300048828125,2422.800048828125,2384.300048828125,2422.199951171875,201,-0.40706163755001024,0
2024-08-07,2392.199951171875,2401.0,2384.5,2390.5,130,-1.3087256135290715,0
2024-08-06,2414.5,2421.800048828125,2380.0,2389.10009765625,163,-0.05856106855260945,0
2024-08-05,2442.0,2449.800048828125,2367.39990234375,2401.699951171875,334,0.5273891005230569,1
2024-08-02,2444.0,2477.0,2416.0,2425.699951171875,550,0.9992921883638983,1
2024-08-01,2446.699951171875,2455.10009765625,2430.39990234375,2435.0,690,0.38339650473391274,1
2024-07-31,2407.10009765625,2447.60009765625,2402.800048828125,2426.5,1313,-0.34907597535934753,0
2024-07-30,2380.89990234375,2409.300048828125,2373.800048828125,2405.0,25944,-0.8860498660622329,0
2024-07-29,2377.300048828125,2377.300048828125,2377.300048828125,2377.300048828125,126409,-1.151765121491688,0
2024-07-26,2368.699951171875,2386.89990234375,2368.699951171875,2380.0,95,0.11357216659317881,1
2024-07-25,2365.5,2365.5,2351.89990234375,2351.89990234375,31,-1.1806763721113445,0
2024-07-24,2421.0,2421.0,2411.60009765625,2413.300048828125,6,2.6106615516751974,1
2024-07-23,2395.800048828125,2404.60009765625,2388.699951171875,2404.60009765625,41,-0.3605001862946766,0
2024-07-22,2402.10009765625,2402.10009765625,2392.0,2392.0,18,-0.5239997149019238,0
2024-07-19,2418.800048828125,2419.199951171875,2395.5,2395.5,15,0.14632107023411223,1
2024-07-18,2466.0,2466.0,2451.800048828125,2451.800048828125,2,2.35024207172303,1
2024-07-17,2472.89990234375,2473.10009765625,2454.800048828125,2454.800048828125,10,0.12235908068578549,1
2024-07-16,2427.39990234375,2462.39990234375,2427.39990234375,2462.39990234375,93,0.3095915497986601,1
2024-07-15,2430.0,2436.0,2422.89990234375,2422.89990234375,540,-1.604126119498428,0
2024-07-12,2399.800048828125,2414.0,2391.300048828125,2414.0,355,-0.36732439235895864,0
2024-07-11,2378.699951171875,2416.699951171875,2378.699951171875,2415.0,72,0.041425020712515526,1
2024-07-10,2366.300048828125,2377.0,2365.800048828125,2372.199951171875,19,-1.7722587506469933,0
2024-07-09,2363.10009765625,2363.699951171875,2360.10009765625,2360.10009765625,9,-0.5100688712874946,0
2024-07-08,2381.699951171875,2383.800048828125,2352.800048828125,2355.199951171875,64,-0.2076245193685322,0
2024-07-05,2354.89990234375,2388.5,2354.89990234375,2388.5,72,1.413894765561441,1
2024-07-03,2330.89990234375,2361.60009765625,2330.89990234375,2359.800048828125,59,-1.2015889123665469,0
2024-07-02,2330.699951171875,2334.60009765625,2323.0,2323.0,30,-1.5594562279291346,0
2024-07-01,2323.800048828125,2329.699951171875,2321.699951171875,2327.60009765625,237,0.19802400586526048,1
2024-06-28,2325.39990234375,2338.300048828125,2319.0,2327.699951171875,92,0.0042899772914495315,1
2024-06-27,2296.800048828125,2329.0,2295.0,2324.5,1532,-0.13747266567858407,0
2024-06-26,2307.89990234375,2314.39990234375,2298.0,2299.199951171875,986,-1.088408209426761,0
2024-06-25,2324.39990234375,2333.0,2316.60009765625,2316.60009765625,105,0.7567913558586437,1
2024-06-24,2323.300048828125,2332.89990234375,2322.699951171875,2330.0,99,0.5784296718845505,1
2024-06-21,2331.199951171875,2331.199951171875,2316.39990234375,2316.39990234375,76,-0.5836951783798283,0
2024-06-20,2328.89990234375,2354.0,2328.300048828125,2353.800048828125,183,1.6145807313552973,1
2024-06-18,2311.800048828125,2330.39990234375,2311.800048828125,2330.39990234375,43,-0.9941433426354562,0
2024-06-17,2320.199951171875,2320.199951171875,2309.60009765625,2312.39990234375,110,-0.772399620421238,0
2024-06-14,2307.0,2331.39990234375,2305.800048828125,2331.39990234375,948,0.8216571874416045,1
2024-06-13,2309.39990234375,2317.699951171875,2296.199951171875,2300.199951171875,298,-1.3382496559474766,0
2024-06-12,2314.89990234375,2338.699951171875,2310.300048828125,2336.0,132,1.5563885569985336,1
2024-06-11,2300.0,2314.10009765625,2300.0,2307.5,871,-1.220034246575341,0
2024-06-10,2290.60009765625,2309.300048828125,2290.5,2307.699951171875,69,0.008665272887320441,1
2024-06-07,2379.89990234375,2385.10009765625,2285.39990234375,2305.199951171875,269,-0.10833297451562363,0
2024-06-06,2355.0,2375.800048828125,2355.0,2370.300048828125,179,2.8240542701363225,1
2024-06-05,2326.39990234375,2354.300048828125,2326.199951171875,2354.10009765625,295,-0.6834557160762977,0
2024-06-04,2347.5,2347.699951171875,2313.89990234375,2325.5,890,-1.2149057588810463,0
2024-06-03,2322.60009765625,2347.5,2312.0,2346.60009765625,781,0.9073359559772065,1
2024-05-31,2344.10009765625,2354.0,2319.0,2322.89990234375,941,-1.0099801553818843,0
2024-05-30,2336.89990234375,2349.5,2320.800048828125,2342.89990234375,32587,0.8609927608081769,1
2024-05-29,2340.300048828125,2340.300048828125,2340.300048828125,2340.300048828125,119317,-0.1109673321094129,0
2024-05-28,2336.89990234375,2359.699951171875,2336.89990234375,2355.199951171875,26,0.6366663262350025,1
2024-05-24,2342.60009765625,2345.39990234375,2332.5,2332.5,25,-0.9638226750378509,0
2024-05-23,2371.199951171875,2371.199951171875,2335.0,2335.0,365,0.1071811361200492,1
2024-05-22,2417.5,2417.60009765625,2375.800048828125,2389.199951171875,180,2.321197052328694,1
2024-05-21,2429.5,2429.5,2421.0,2421.699951171875,6,1.360287990298148,1
2024-05-20,2415.800048828125,2435.800048828125,2409.699951171875,2433.89990234375,40,0.503776331414274,1
2024-05-17,2380.699951171875,2415.800048828125,2380.699951171875,2412.199951171875,213,-0.8915712248880436,0
2024-05-16,2389.5,2392.199951171875,2380.0,2380.0,7,-1.334879024279556,0
2024-05-15,2361.60009765625,2388.699951171875,2356.0,2388.699951171875,29,0.36554416688550084,1
2024-05-14,2336.0,2358.0,2336.0,2353.39990234375,6,-1.4777933415541455,0
2024-05-13,2358.300048828125,2358.300048828125,2336.10009765625,2336.10009765625,14,-0.7350983855430204,0
2024-05-10,2367.300048828125,2367.300048828125,2367.300048828125,2367.300048828125,126,1.3355571194563653,1
2024-05-09,2310.699951171875,2339.5,2310.699951171875,2332.10009765625,5,-1.486923940600593,0
2024-05-08,2313.60009765625,2313.60009765625,2313.60009765625,2313.60009765625,4,-0.793276412903221,0
2024-05-07,2324.300048828125,2324.300048828125,2315.199951171875,2315.199951171875,25,0.06914995885614061,1
2024-05-06,2322.800048828125,2325.5,2314.199951171875,2321.60009765625,9,0.2764403342845334,1
2024-05-03,2300.0,2301.0,2277.60009765625,2299.0,194,-0.9734707402478837,0
2024-05-02,2321.699951171875,2324.699951171875,2292.300048828125,2299.199951171875,56,0.008697310651362145,1
2024-05-01,2287.699951171875,2327.300048828125,2283.800048828125,2299.89990234375,42,0.030443249249301196,1
2024-04-30,2322.5,2322.5,2291.39990234375,2291.39990234375,113,-0.3695813018356975,0
2024-04-29,2334.800048828125,2345.5,2327.89990234375,2345.39990234375,405,2.3566379637516066,1
2024-04-26,2347.89990234375,2347.89990234375,2332.800048828125,2334.800048828125,717,-0.45194226814082583,0
2024-04-25,2315.0,2329.800048828125,2305.0,2329.800048828125,1024,-0.21415110054111564,0
2024-04-24,2321.300048828125,2328.699951171875,2314.60009765625,2324.5,95,-0.2274894290087648,0
2024-04-23,2327.699951171875,2330.800048828125,2294.199951171875,2327.699951171875,171,0.13766191318025367,1
2024-04-22,2383.300048828125,2383.300048828125,2326.89990234375,2332.199951171875,53,0.19332388599890837,1
2024-04-19,2379.300048828125,2399.800048828125,2377.300048828125,2398.39990234375,160,2.8385195333963997,1
2024-04-18,2368.39990234375,2384.39990234375,2368.39990234375,2382.300048828125,128,-0.671274773647712,0
2024-04-17,2384.199951171875,2391.39990234375,2369.300048828125,2371.699951171875,37,-0.44495224946430323,0
2024-04-16,2384.0,2390.800048828125,2371.39990234375,2390.800048828125,41,0.8053336446211201,1
2024-04-15,2362.10009765625,2384.699951171875,2326.0,2365.800048828125,1801,-1.0456750664805337,0
2024-04-12,2377.300048828125,2429.0,2334.300048828125,2356.199951171875,584,-0.40578651864536797,0
2024-04-11,2341.5,2376.300048828125,2330.60009765625,2354.800048828125,283,-0.059413563057486574,0
2024-04-10,2346.60009765625,2358.10009765625,2327.699951171875,2329.60009765625,377,-1.0701524821360442,0
2024-04-09,2337.800048828125,2364.699951171875,2337.800048828125,2343.5,211,0.5966647390569069,1
2024-04-08,2325.60009765625,2341.800048828125,2319.0,2331.699951171875,202,-0.5035224590623,0
2024-04-05,2289.199951171875,2328.39990234375,2267.39990234375,2325.699951171875,344,-0.2573229886197237,0
2024-04-04,2301.699951171875,2302.89990234375,2280.0,2288.800048828125,251,-1.5866149167332089,0
2024-04-03,2281.699951171875,2298.800048828125,2267.89990234375,2294.39990234375,285,0.2446632906396573,1
2024-04-02,2252.0,2279.199951171875,2247.60009765625,2261.0,435,-1.4557140762441523,0
2024-04-01,2235.699951171875,2264.199951171875,2230.0,2236.5,400,-1.0835913312693513,0
2024-03-28,2193.60009765625,2234.10009765625,2187.10009765625,2217.39990234375,2040,-0.8540173331656575,0
2024-03-27,2179.39990234375,2196.199951171875,2172.10009765625,2190.60009765625,31200,-1.208613956335669,0
2024-03-26,2182.699951171875,2182.699951171875,2175.60009765625,2175.60009765625,202373,-0.6847438752535795,0
2024-03-25,2166.199951171875,2179.39990234375,2166.199951171875,2174.800048828125,79,-0.036773708044368636,0
2024-03-22,2179.199951171875,2179.60009765625,2157.5,2158.10009765625,19,-0.7678844398074092,0
2024-03-21,2207.0,2211.60009765625,2182.39990234375,2182.39990234375,63,1.1259813534084895,1
2024-03-20,2157.300048828125,2185.89990234375,2150.89990234375,2157.89990234375,17,-1.1226173522867477,0
2024-03-19,2156.10009765625,2156.300048828125,2156.10009765625,2156.300048828125,12,-0.07413937569056284,0
2024-03-18,2146.199951171875,2160.699951171875,2146.199951171875,2160.699951171875,21,0.2040487058441176,1
2024-03-15,2161.699951171875,2161.699951171875,2157.300048828125,2157.300048828125,100,-0.15735189617169798,0
2024-03-14,2163.0,2163.0,2162.300048828125,2163.0,515,0.2642168934716027,1
2024-03-13,2162.5,2175.39990234375,2162.5,2175.39990234375,20,0.5732733399791856,1
2024-03-12,2182.5,2182.699951171875,2160.39990234375,2160.39990234375,550,-0.6895283935537178,0
2024-03-11,2181.0,2184.0,2177.199951171875,2182.5,738,1.0229632778762099,1
2024-03-08,2167.300048828125,2194.89990234375,2166.300048828125,2178.60009765625,259,-0.17868968356242743,0
2024-03-07,2147.0,2163.0,2147.0,2158.0,152,-0.9455658098249331,0
2024-03-06,2125.5,2150.300048828125,2125.5,2150.300048828125,443,-0.356809600179564,0
2024-03-05,2114.89990234375,2133.5,2111.39990234375,2133.5,1287,-0.7812885851572582,0
2024-03-04,2083.60009765625,2119.800048828125,2080.699951171875,2117.699951171875,805,-0.7405694318314948,0
2024-03-01,2043.0999755859373,2086.89990234375,2041.800048828125,2086.89990234375,1210,-1.4544104234918254,0
2024-02-29,2034.300048828125,2049.800048828125,2034.300048828125,2045.699951171875,706,-1.9742178877676042,0
2024-02-28,2029.5,2037.0,2024.800048828125,2033.0,581,-0.620812019113548,0
2024-02-27,2035.9000244140625,2035.9000244140625,2034.0,2034.0,964,0.04918839153960075,1
2024-02-26,2034.0999755859373,2035.4000244140625,2024.800048828125,2028.5,143,-0.27040314650934594,0
2024-02-23,2026.0,2038.5999755859373,2014.9000244140625,2038.5999755859373,22,0.49790365225226285,1
2024-02-22,2033.199951171875,2033.199951171875,2019.699951171875,2019.699951171875,964,-0.9271080467186832,0
2024-02-21,2028.199951171875,2028.199951171875,2022.300048828125,2022.300048828125,15,0.12873682819773968,1
2024-02-20,2015.5999755859373,2029.0,2015.5999755859373,2027.5,1326,0.25713054672020785,1
2024-02-16,2005.0,2011.5,1996.5,2011.5,32,-0.7891491985203447,0
2024-02-15,1993.5999755859373,2007.199951171875,1993.5999755859373,2002.0999755859373,286,-0.4673141642586476,0
2024-02-14,1990.300048828125,1993.5,1984.800048828125,1990.300048828125,1916,-0.5893774987115186,0
2024-02-13,2025.0999755859373,2025.800048828125,1990.0,1992.9000244140625,198,0.13063234297101545,1
2024-02-12,2025.5,2025.5,2011.5999755859373,2018.199951171875,317,1.269503058250554,1
2024-02-09,2032.0,2032.0,2020.0,2023.300048828125,62,0.2527052710158184,1
2024-02-08,2028.0,2036.699951171875,2020.300048828125,2032.199951171875,341,0.4398706137977326,1
2024-02-07,2032.800048828125,2039.5,2032.699951171875,2035.199951171875,71,0.14762326897361788,1
2024-02-06,2025.9000244140625,2037.300048828125,2025.9000244140625,2034.5,249,-0.03439225573250715,0
2024-02-05,2038.9000244140625,2040.800048828125,2013.800048828125,2025.699951171875,412,-0.43254110730523987,0
2024-02-02,2054.800048828125,2055.89990234375,2027.699951171875,2036.0999755859373,888,0.5134039919409528,1
2024-02-01,2040.199951171875,2064.5,2029.0,2053.0,947,0.8300193810080181,1
2024-01-31,2035.4000244140625,2055.0,2030.0,2048.39990234375,2007,-0.22406710454213608,0
2024-01-30,2032.5,2048.5,2028.0999755859373,2031.5,26907,-0.8250294449054341,0
2024-01-29,2025.199951171875,2025.199951171875,2025.199951171875,2025.199951171875,150708,-0.31011808162072496,0
2024-01-26,2021.699951171875,2022.4000244140625,2016.800048828125,2016.800048828125,49,-0.41476903744193105,0
2024-01-25,2012.0999755859373,2022.4000244140625,2012.0999755859373,2016.9000244140625,548,0.004957139206518413,1
2024-01-24,2023.199951171875,2033.199951171875,2013.9000244140625,2013.9000244140625,253,-0.14874311883017466,0
2024-01-23,2030.300048828125,2030.300048828125,2022.5,2023.699951171875,15,0.48661436213368603,1
2024-01-22,2021.300048828125,2021.300048828125,2019.800048828125,2019.800048828125,12,-0.1927114907272487,0
2024-01-19,2023.199951171875,2036.0,2019.5,2026.5,50,0.3317135859939313,1
2024-01-18,2012.800048828125,2018.5999755859373,2009.5,2018.5999755859373,1474,-0.3898358950931491,0
2024-01-17,2026.5,2026.5,2002.5999755859373,2002.5999755859373,764,-0.7926285640301622,0
2024-01-16,2051.699951171875,2054.800048828125,2026.0,2026.0,46,1.1684822080963109,1
2024-01-12,2031.0999755859373,2057.0,2031.0999755859373,2046.699951171875,390,1.021715260210998,1
2024-01-11,2025.0999755859373,2025.0999755859373,2014.300048828125,2014.300048828125,97,-1.583031373269872,0
2024-01-10,2029.0,2035.5999755859373,2021.699951171875,2021.699951171875,538,0.3673684239870356,1
2024-01-09,2035.800048828125,2035.800048828125,2026.4000244140625,2026.4000244140625,27,0.23248124626322753,1
2024-01-08,2019.0999755859373,2033.699951171875,2019.0999755859373,2026.5999755859373,10,0.009867309981537176,1
2024-01-05,2044.5,2048.10009765625,2042.4000244140625,2042.4000244140625,12,0.77963332766533,1
2024-01-04,2041.5999755859373,2044.5,2038.0,2042.300048828125,88,-0.004895005128402463,0
2024-01-03,2034.199951171875,2044.0,2034.199951171875,2034.199951171875,54,-0.3966164355182711,0
2024-01-02,2063.5,2073.699951171875,2057.10009765625,2064.39990234375,61,1.484610750997084,1
2023-12-29,2068.0,2068.89990234375,2062.10009765625,2062.39990234375,47,-0.09688045410820578,0
2023-12-28,2081.60009765625,2087.300048828125,2066.5,2073.89990234375,338,0.5576028192656235,1
2023-12-27,2067.300048828125,2081.89990234375,2064.800048828125,2081.89990234375,586,0.38574667904458515,1
2023-12-26,2060.0,2060.800048828125,2054.199951171875,2058.199951171875,64,-1.1383809156815916,0
2023-12-22,2055.699951171875,2068.699951171875,2052.199951171875,2057.10009765625,202,-0.05343764171206189,0
2023-12-21,2035.800048828125,2044.5,2033.0,2039.0999755859373,228,-0.8750241221037847,0
2023-12-20,2037.0999755859373,2037.0999755859373,2030.300048828125,2034.5,258,-0.22558852636028748,0
2023-12-19,2025.199951171875,2042.699951171875,2025.199951171875,2038.4000244140625,498,0.19169449073790368,1
2023-12-18,2024.300048828125,2032.800048828125,2024.0,2026.300048828125,100,-0.5936016209289297,0
2023-12-15,2032.5999755859373,2043.4000244140625,2018.300048828125,2021.0999755859373,261,-0.25662898469528406,0
2023-12-14,2024.699951171875,2040.0999755859373,2024.300048828125,2030.199951171875,236,0.4502486614151646,1
2023-12-13,1978.5,2024.800048828125,1975.0,1982.300048828125,2252,-2.3593687073089065,0
2023-12-12,1984.199951171875,1994.199951171875,1977.800048828125,1977.800048828125,95,-0.22700902432304382,0
2023-12-11,2004.0999755859373,2004.199951171875,1977.199951171875,1978.0,651,0.010109776870192988,1
2023-12-08,2031.699951171875,2033.0999755859373,1995.0,1998.300048828125,449,1.0262916495513252,1
2023-12-07,2029.199951171875,2034.9000244140625,2024.0,2029.9000244140625,67,1.5813428821396913,1
2023-12-06,2019.9000244140625,2035.800048828125,2019.0,2030.5,417,0.029556903232741405,1
2023-12-05,2035.0999755859373,2037.0,2010.199951171875,2018.5,289,-0.5909874415168659,0
2023-12-04,2075.300048828125,2130.199951171875,2021.0,2024.0999755859373,1071,0.27743252840908283,1
2023-12-01,2038.300048828125,2073.199951171875,2036.0,2071.0,614,2.3170804298086267,1
2023-11-30,2046.0999755859373,2047.0999755859373,2033.0999755859373,2038.0999755859373,2506,-1.5886057177239343,0
2023-11-29,2041.699951171875,2052.10009765625,2036.0,2047.0999755859373,15290,0.44158775858935684,1
2023-11-28,2040.5999755859373,2042.699951171875,2039.699951171875,2039.699951171875,174665,-0.36148817851185955,0
2023-11-27,2011.699951171875,2011.800048828125,2011.699951171875,2011.800048828125,228,-1.367843457941964,0
2023-11-24,1991.9000244140625,2002.199951171875,1991.5,2002.199951171875,63,-0.4771894533873833,0
2023-11-22,1999.0999755859373,1999.4000244140625,1991.0,1991.4000244140625,6075,-0.5394030077511158,0
2023-11-21,1990.699951171875,2005.5,1988.5,1999.300048828125,16,0.3967070562021835,1
2023-11-20,1978.699951171875,1979.4000244140625,1969.699951171875,1977.699951171875,182,-1.0803829904826312,0
2023-11-17,1982.5,1984.0,1979.800048828125,1981.5999755859373,32,0.19720000557978956,1
2023-11-16,1965.300048828125,1983.9000244140625,1964.5999755859373,1983.9000244140625,39,0.11607028948641407,1
2023-11-15,1962.800048828125,1962.800048828125,1960.0,1960.0999755859373,6,-1.1996596872442922,0
2023-11-14,1965.800048828125,1965.800048828125,1961.800048828125,1961.800048828125,2,0.08673400659982011,1
2023-11-13,1939.9000244140625,1947.199951171875,1934.0,1945.5,191,-0.8308720778074097,0
2023-11-10,1959.5999755859373,1959.5999755859373,1932.5999755859373,1932.5999755859373,375,-0.6630698747912,0
2023-11-09,1951.699951171875,1964.199951171875,1945.300048828125,1964.199951171875,10,1.6351017274724544,1
2023-11-08,1967.800048828125,1967.800048828125,1947.699951171875,1951.5,43,-0.646571198838386,0
2023-11-07,1966.5,1966.800048828125,1960.699951171875,1966.800048828125,20,0.7840148003138703,1
2023-11-06,1981.5999755859373,1981.5999755859373,1977.4000244140625,1981.5999755859373,130,0.7524876139102465,1
2023-11-03,1989.0,1991.5,1989.0,1991.5,12,0.4995975240227546,1
2023-11-02,1989.0999755859373,1990.300048828125,1979.5,1985.5999755859373,39,-0.29626032709327843,0
2023-11-01,1990.5,1990.5,1977.800048828125,1978.800048828125,41,-0.34246206896763054,0
2023-10-31,1996.5,2001.0,1983.699951171875,1985.199951171875,84,0.32342339730282443,1
2023-10-30,2004.0999755859373,2004.0999755859373,1992.5,1996.199951171875,157,0.5541003561634561,1
2023-10-27,1988.5999755859373,1988.5999755859373,1988.5999755859373,1988.5999755859373,372,-0.3807221606971889,0
2023-10-26,1988.199951171875,1988.199951171875,1980.4000244140625,1987.199951171875,521,-0.07040251590316737,0
2023-10-25,1971.199951171875,1985.300048828125,1971.199951171875,1984.0999755859373,97,-0.15599716496116356,0
2023-10-24,1970.300048828125,1975.0,1970.300048828125,1975.0,10,-0.4586450127468944,0
2023-10-23,1976.199951171875,1978.9000244140625,1972.9000244140625,1976.300048828125,127,0.06582525712024445,1
2023-10-20,1981.0999755859373,1988.5999755859373,1980.4000244140625,1982.5,557,0.3137150745683215,1
2023-10-19,1950.0999755859373,1977.699951171875,1945.699951171875,1968.4000244140625,1945,-0.7112219715479151,0
2023-10-18,1935.0,1957.9000244140625,1935.0,1955.300048828125,67,-0.6655138906451197,0
2023-10-17,1914.300048828125,1925.800048828125,1914.300048828125,1922.699951171875,103,-1.667268288352386,0
2023-10-16,1910.4000244140625,1921.0999755859373,1910.300048828125,1921.0999755859373,53,-0.08321504273002267,0
2023-10-13,1877.5,1930.0999755859373,1877.5,1927.4000244140625,43,0.32793966520163753,1
2023-10-12,1874.699951171875,1881.199951171875,1867.0,1869.300048828125,46,-3.014422270934658,0
2023-10-11,1869.5,1874.5999755859373,1869.0999755859373,1872.800048828125,65,0.1872358588014933,1
2023-10-10,1857.0,1861.4000244140625,1852.800048828125,1861.0,236,-0.6300752093374107,0
2023-10-09,1842.5,1861.5,1842.5,1849.5,232,-0.6179473401397129,0
2023-10-06,1819.0,1831.800048828125,1809.4000244140625,1830.199951171875,390,-1.043527917173559,0
2023-10-05,1826.300048828125,1826.300048828125,1815.5999755859373,1816.5999755859373,393,-0.7430868729523032,0
2023-10-04,1821.800048828125,1828.199951171875,1816.4000244140625,1818.5,357,0.1045923395132542,1
2023-10-03,1825.0,1830.9000244140625,1816.800048828125,1824.5999755859373,310,0.3354399552343734,1
2023-10-02,1844.0999755859373,1845.9000244140625,1826.699951171875,1830.0,2309,0.29595661987931177,1
2023-09-29,1864.300048828125,1872.300048828125,1846.0,1848.0999755859373,1605,0.9890697041495811,1
2023-09-28,1875.5,1878.199951171875,1856.699951171875,1860.4000244140625,4654,0.665551051924318,1
2023-09-27,1871.5999755859373,1871.5999755859373,1871.5999755859373,1871.5999755859373,12251,0.6020184382335758,1
2023-09-26,1905.0,1905.0999755859373,1900.4000244140625,1900.4000244140625,161,1.538792968786451,1
2023-09-25,1916.5999755859373,1916.5999755859373,1916.5999755859373,1916.5999755859373,114,0.8524495350324734,1
2023-09-22,1925.4000244140625,1925.4000244140625,1925.4000244140625,1925.4000244140625,1,0.4591489585840547,1
2023-09-21,1924.0,1924.0,1919.199951171875,1919.199951171875,9,-0.32201481061444603,0
2023-09-20,1945.5999755859373,1945.5999755859373,1929.199951171875,1945.5999755859373,119,1.3755744625744803,1
2023-09-19,1934.0,1934.0,1932.0,1932.0,6,-0.6990119118315374,0
2023-09-18,1928.199951171875,1931.5,1926.4000244140625,1931.5,19,-0.025879917184268297,0
2023-09-15,1923.5,1927.300048828125,1923.5,1923.699951171875,8,-0.403833747249549,0
2023-09-14,1903.0,1910.0,1903.0,1910.0,169,-0.7121667369970663,0
2023-09-13,1910.300048828125,1914.5999755859373,1908.9000244140625,1909.0999755859373,15,-0.04712169707135061,0
2023-09-12,1920.800048828125,1920.800048828125,1911.300048828125,1911.300048828125,365,0.11524138443887999,1
2023-09-11,1923.0,1928.300048828125,1921.800048828125,1923.300048828125,50,0.6278449062645963,1
2023-09-08,1924.0,1924.699951171875,1918.4000244140625,1918.4000244140625,105,-0.25477170954413264,0
2023-09-07,1917.5999755859373,1921.5,1917.5,1917.5,41,-0.04691536710845767,0
2023-09-06,1924.0999755859373,1925.300048828125,1916.300048828125,1918.0999755859373,24,0.03128946993153914,1
2023-09-05,1934.4000244140625,1934.4000244140625,1924.699951171875,1926.199951171875,113,0.4222916265594234,1
2023-09-01,1950.0,1950.0,1936.5999755859373,1939.800048828125,167,0.7060584571179085,1
2023-08-31,1944.4000244140625,1944.4000244140625,1938.199951171875,1938.199951171875,491,-0.08248776244833556,0
2023-08-30,1936.0,1946.4000244140625,1934.5999755859373,1944.300048828125,396,0.3147300490107696,1
2023-08-29,1917.9000244140625,1936.5,1916.9000244140625,1936.5,1674,-0.4011751598127167,0
2023-08-28,1915.5,1921.5,1915.5,1917.9000244140625,99,-0.9604944790052916,0
2023-08-25,1919.800048828125,1919.800048828125,1911.0999755859373,1911.0999755859373,195,-0.3545570020107136,0
2023-08-24,1920.0,1920.800048828125,1918.199951171875,1918.199951171875,337,0.3715125151294574,1
2023-08-23,1909.5999755859373,1918.5,1909.5999755859373,1918.5,547,0.01564220809939787,1
2023-08-22,1894.5999755859373,1896.800048828125,1892.800048828125,1896.4000244140625,46,-1.1519403484981705,0
2023-08-21,1893.5999755859373,1893.5999755859373,1893.300048828125,1893.300048828125,876,-0.16346633336999927,0
2023-08-18,1891.800048828125,1891.800048828125,1886.0999755859373,1886.0999755859373,19,-0.38029224404468875,0
2023-08-17,1893.699951171875,1902.4000244140625,1884.0,1884.0999755859373,245,-0.1060389176548604,0
2023-08-16,1904.5,1904.5,1890.300048828125,1896.0999755859373,22,0.6369088772090192,1
2023-08-15,1906.0,1907.699951171875,1895.0,1902.5,73,0.3375362320800157,1
2023-08-14,1909.300048828125,1912.5999755859373,1903.300048828125,1910.5999755859373,46,0.4257543014947407,1
2023-08-11,1913.0,1916.5999755859373,1911.800048828125,1912.9000244140625,57,0.12038358931831805,1
2023-08-10,1921.0999755859373,1927.800048828125,1911.4000244140625,1914.4000244140625,178,0.07841497103120432,1
2023-08-09,1925.4000244140625,1928.800048828125,1913.699951171875,1915.4000244140625,451,0.05223568675549739,1
2023-08-08,1931.699951171875,1933.199951171875,1923.0,1924.0999755859373,555,0.45421066414239597,1
2023-08-07,1941.0,1941.0,1929.800048828125,1933.5,376,0.48854137172369416,1
2023-08-04,1934.9000244140625,1945.0,1920.0,1939.5999755859373,290,0.3154887812742313,1
2023-08-03,1934.199951171875,1936.5,1928.0,1932.0,773,-0.3918321139203651,0
2023-08-02,1948.4000244140625,1953.5999755859373,1933.199951171875,1937.4000244140625,652,0.2795043692578991,1
2023-08-01,1964.9000244140625,1965.4000244140625,1940.699951171875,1940.699951171875,688,0.17032758935835446,1
2023-07-31,1959.199951171875,1971.5999755859373,1950.0,1970.5,1025,1.5355309722211663,1
2023-07-28,1945.5,1962.199951171875,1944.199951171875,1960.4000244140625,23155,-0.5125590249143608,0
2023-07-27,1945.4000244140625,1945.4000244140625,1945.4000244140625,1945.4000244140625,194253,-0.765149959865119,0
2023-07-26,1966.199951171875,1972.0,1966.199951171875,1968.9000244140625,51,1.2079777786102364,1
2023-07-25,1953.0,1962.5,1953.0,1962.0999755859373,19,-0.3453729871403133,0
2023-07-24,1965.300048828125,1965.5,1960.300048828125,1960.300048828125,2,-0.0917347117990186,0
2023-07-21,1961.800048828125,1964.300048828125,1961.800048828125,1964.300048828125,50,0.20405039536632863,1
2023-07-20,1973.699951171875,1973.699951171875,1965.5999755859373,1968.300048828125,638,0.20363487759349486,1
2023-07-19,1977.0,1977.5,1973.0,1977.5,35,0.4674059311918555,1
2023-07-18,1968.800048828125,1978.4000244140625,1963.4000244140625,1977.199951171875,83,-0.015173139222501852,0
2023-07-17,1954.0,1956.5,1946.5999755859373,1952.4000244140625,29,-1.2542953353358977,0
2023-07-14,1958.4000244140625,1960.5999755859373,1952.699951171875,1960.0999755859373,94,0.39438389037029786,1
2023-07-13,1961.0999755859373,1961.0999755859373,1953.0,1959.199951171875,121,-0.045917270816420164,0
2023-07-12,1932.300048828125,1958.0,1932.199951171875,1956.199951171875,132,-0.15312372778518712,0
2023-07-11,1925.0,1937.0,1924.199951171875,1931.300048828125,142,-1.2728710236820873,0
2023-07-10,1923.5999755859373,1926.0999755859373,1912.300048828125,1925.0,269,-0.3262076667966629,0
2023-07-07,1913.4000244140625,1934.0999755859373,1913.4000244140625,1926.199951171875,61,0.06233512581168554,1
2023-07-06,1909.300048828125,1910.199951171875,1903.199951171875,1908.699951171875,81,-0.9085245791514596,0
2023-07-05,1923.5,1933.9000244140625,1914.699951171875,1919.5999755859373,193,0.5710706078956962,1
2023-07-03,1917.9000244140625,1929.5,1917.9000244140625,1921.699951171875,41,0.10939652076713546,1
2023-06-30,1908.5999755859373,1921.0999755859373,1900.5999755859373,1921.0999755859373,445,-0.031221085558741368,0
2023-06-29,1909.9000244140625,1909.9000244140625,1892.5,1909.199951171875,289,-0.6194380597205895,0
2023-06-28,1912.300048828125,1912.300048828125,1912.300048828125,1912.300048828125,628,0.16237679318749088,1
2023-06-27,1927.0,1929.4000244140625,1914.0,1914.0,49,0.08889562978973142,1
2023-06-26,1922.9000244140625,1928.5,1922.5,1923.699951171875,71,0.5067895074124973,1
2023-06-23,1918.699951171875,1932.5,1918.699951171875,1919.0999755859373,105,-0.23912126125155142,0
2023-06-22,1920.0,1921.0,1912.0999755859373,1912.699951171875,237,-0.33349093301447974,0
2023-06-21,1935.5999755859373,1936.800048828125,1920.0,1933.300048828125,557,1.077016687516963,1
2023-06-20,1958.5999755859373,1958.5999755859373,1931.300048828125,1935.5,193,0.1137925369219639,1
2023-06-16,1961.4000244140625,1962.9000244140625,1953.5,1958.4000244140625,119,1.183158068409318,1
2023-06-15,1941.699951171875,1958.800048828125,1926.0,1957.800048828125,329,-0.030636007886952754,0
2023-06-14,1946.199951171875,1958.199951171875,1940.300048828125,1955.300048828125,202,-0.1276943476171799,0
2023-06-13,1960.5999755859373,1967.5,1940.300048828125,1944.5999755859373,343,-0.5472343361624055,0
2023-06-12,1959.699951171875,1963.5,1951.4000244140625,1955.300048828125,212,0.5502454682981162,1
2023-06-09,1965.0999755859373,1969.800048828125,1960.300048828125,1962.199951171875,49,0.352882021758516,1
2023-06-08,1943.199951171875,1969.0,1943.0999755859373,1963.5999755859373,433,0.07134973238716036,1
2023-06-07,1959.0,1968.4000244140625,1940.699951171875,1942.699951171875,139,-1.0643728190017798,0
2023-06-06,1960.800048828125,1965.5,1958.800048828125,1965.5,164,1.173626880176304,1
2023-06-05,1947.5,1961.9000244140625,1937.800048828125,1958.0,713,-0.38158229458152837,0
2023-06-02,1977.0999755859373,1982.5,1947.4000244140625,1952.4000244140625,356,-0.28600488181499406,0
2023-06-01,1963.199951171875,1983.0,1954.300048828125,1978.0,750,1.3112054530741046,1
2023-05-31,1958.199951171875,1973.0,1953.0,1963.9000244140625,5959,-0.712840019511507,0
2023-05-30,1942.699951171875,1962.5999755859373,1931.0,1958.0,37838,-0.3004238678505411,0
2023-05-26,1948.199951171875,1948.4000244140625,1944.0999755859373,1944.0999755859373,166036,-0.7099093163464132,0
2023-05-25,1943.0999755859373,1943.0999755859373,1943.0999755859373,1943.0999755859373,1,-0.05143768389270775,0
2023-05-24,1975.4000244140625,1975.4000244140625,1962.800048828125,1962.800048828125,189,1.0138476398388718,1
2023-05-23,1972.4000244140625,1972.4000244140625,1972.4000244140625,1972.4000244140625,1,0.48909595206445555,1
2023-05-22,1980.5,1980.5,1974.800048828125,1974.800048828125,8,0.1216804088600476,1
2023-05-19,1960.0,1978.699951171875,1960.0,1978.699951171875,106,0.19748340324703406,1
2023-05-18,1956.5,1956.800048828125,1956.5,1956.5,23,-1.121946314231581,0
2023-05-17,1983.5999755859373,1983.5999755859373,1980.699951171875,1980.699951171875,13,1.236900136564012,1
2023-05-16,1988.4000244140625,1988.4000244140625,1988.4000244140625,1988.4000244140625,49,0.3887551588837024,1
2023-05-15,2013.800048828125,2018.0,2013.800048828125,2018.0,3,1.4886328315480757,1
2023-05-12,2014.5,2014.5,2014.5,2014.5,115,-0.1734390485629289,0
2023-05-11,2034.0999755859373,2038.300048828125,2014.0,2014.699951171875,90,0.009925598008186931,1
2023-05-10,2032.300048828125,2044.300048828125,2029.5,2030.5,248,0.7842383089816884,1
2023-05-09,2026.5999755859373,2037.300048828125,2025.9000244140625,2036.199951171875,241,0.28071662998645497,1
2023-05-08,2022.5,2026.300048828125,2022.5,2026.300048828125,3,-0.48619499956535916,0
2023-05-05,2046.4000244140625,2046.4000244140625,2004.300048828125,2017.4000244140625,59,-0.43922539602215815,0
2023-05-04,2045.0,2072.0,2040.0,2048.0,930,1.5168025783495853,1
2023-05-03,2017.0999755859373,2035.0999755859373,2015.199951171875,2028.5999755859373,1349,-0.9472668170929066,0
2023-05-02,1994.699951171875,2018.0,1994.699951171875,2014.300048828125,1896,-0.7049160470231186,0
2023-05-01,1980.0999755859373,2005.0,1976.9000244140625,1983.4000244140625,210,-1.5340328483851917,0
2023-04-28,1986.9000244140625,1990.0999755859373,1977.699951171875,1990.0999755859373,152,0.3378013053042084,1
2023-04-27,1990.5999755859373,2002.300048828125,1979.9000244140625,1989.9000244140625,355,-0.010047292815829056,0
2023-04-26,1997.800048828125,1998.800048828125,1985.5999755859373,1985.699951171875,615,-0.2110695608149582,0
2023-04-25,1995.699951171875,1999.0999755859373,1982.300048828125,1994.0,306,0.4179910878895132,1
2023-04-24,1981.300048828125,1989.800048828125,1977.4000244140625,1989.0999755859373,145,-0.24573843601116696,0
2023-04-21,1996.199951171875,1996.199951171875,1974.0999755859373,1979.5,132,-0.48262911385886786,0
2023-04-20,1998.0,2007.5999755859373,1998.0,2007.5999755859373,164,1.4195491581680875,1
2023-04-19,2005.699951171875,2006.4000244140625,1969.800048828125,1995.199951171875,61,-0.6176541425013338,0
2023-04-18,1996.9000244140625,2007.4000244140625,1996.9000244140625,2007.4000244140625,72,0.61147120793692,1
2023-04-17,2002.699951171875,2007.5999755859373,1983.199951171875,1994.199951171875,554,-0.6575706427043859,0
2023-04-14,2041.0,2047.800048828125,1995.0,2002.199951171875,718,0.4011633836064954,1
2023-04-13,2015.5999755859373,2048.60009765625,2015.5999755859373,2041.300048828125,1043,1.9528567880228387,1
2023-04-12,2005.199951171875,2025.699951171875,2005.199951171875,2010.9000244140625,172,-1.489248208832139,0
2023-04-11,1991.4000244140625,2006.5,1991.4000244140625,2004.800048828125,68,-0.30334554238791167,0
2023-04-10,2000.0,2006.5999755859373,1984.0,1989.0999755859373,652,-0.7831241450420467,0
2023-04-06,2022.199951171875,2023.300048828125,2005.0,2011.9000244140625,0,1.1462495152567032,1
2023-04-05,2022.0999755859373,2033.800048828125,2013.5999755859373,2020.9000244140625,525,0.44733833146710644,1
2023-04-04,1984.5999755859373,2027.0999755859373,1979.0,2022.199951171875,811,0.06432414974062439,1
2023-04-03,1968.0999755859373,1991.699951171875,1950.0,1983.9000244140625,737,-1.8939732807142784,0
2023-03-31,1981.300048828125,1986.800048828125,1968.0,1969.0,957,-0.7510471410202779,0
2023-03-30,1965.9000244140625,1984.4000244140625,1954.9000244140625,1980.300048828125,10119,0.573897858208472,1
2023-03-29,1966.0999755859373,1966.0999755859373,1966.0999755859373,1966.0999755859373,88563,-0.7170667521111729,0
2023-03-28,1972.4000244140625,1972.4000244140625,1972.4000244140625,1972.4000244140625,21,0.3204337981972394,1
2023-03-27,1957.199951171875,1957.199951171875,1952.4000244140625,1952.4000244140625,877,-1.0139930922958396,0
2023-03-24,1991.699951171875,1995.4000244140625,1982.0999755859373,1982.0999755859373,19,1.5212021512234886,1
2023-03-23,1990.5,1994.5999755859373,1990.5,1993.800048828125,33,0.5902867355986441,1
2023-03-22,1946.800048828125,1974.0,1946.800048828125,1946.800048828125,50,-2.3573075959961276,0
2023-03-21,1973.800048828125,1973.800048828125,1938.0,1938.0,47,-0.4520263307689065,0
2023-03-20,1988.300048828125,2003.9000244140625,1968.9000244140625,1979.199951171875,389,2.1259004732649744,1
2023-03-17,1946.0,1985.0999755859373,1946.0,1969.800048828125,82,-0.4749344470317052,0
2023-03-16,1909.9000244140625,1931.699951171875,1909.9000244140625,1919.0,394,-2.578944439479891,0
2023-03-15,1903.9000244140625,1926.5999755859373,1898.5,1926.5999755859373,564,0.3960383317320071,1
2023-03-14,1912.199951171875,1912.199951171875,1901.0999755859373,1906.199951171875,107,-1.0588614487996195,0
2023-03-13,1890.800048828125,1913.0999755859373,1875.0999755859373,1911.699951171875,503,0.2885321656114215,1
2023-03-10,1852.300048828125,1868.5,1852.0,1862.0,248,-2.599777812486148,0
2023-03-09,1816.4000244140625,1829.300048828125,1815.5999755859373,1829.300048828125,332,-1.7561735323241123,0
2023-03-08,1811.5999755859373,1812.9000244140625,1811.5,1812.699951171875,75,-0.9074562517441764,0
2023-03-07,1840.9000244140625,1840.9000244140625,1813.9000244140625,1813.9000244140625,450,0.06620363405491769,1
2023-03-06,1853.300048828125,1853.800048828125,1844.199951171875,1847.9000244140625,5,1.874414220319709,1
2023-03-03,1837.300048828125,1855.4000244140625,1837.300048828125,1847.699951171875,61,-0.010827059881168832,0
2023-03-02,1830.0,1836.300048828125,1830.0,1833.5,154,-0.7685204062958917,0
2023-03-01,1827.0999755859373,1841.699951171875,1827.0999755859373,1837.699951171875,211,0.22906742142758674,1
2023-02-28,1808.0999755859373,1830.0,1808.0999755859373,1828.9000244140625,618,-0.4788554710577708,0
2023-02-27,1811.5999755859373,1817.5,1808.9000244140625,1817.0,829,-0.6506656599709393,0
2023-02-24,1808.800048828125,1808.800048828125,1808.800048828125,1808.800048828125,404,-0.4512906533778227,0
2023-02-23,1826.4000244140625,1827.5,1818.0,1818.0,291,0.5086217892262601,1
2023-02-22,1835.699951171875,1836.199951171875,1825.0999755859373,1832.0,278,0.7700770077007757,1
2023-02-21,1842.5999755859373,1843.0,1833.0,1833.0,862,0.05458515283842669,1
2023-02-17,1827.4000244140625,1842.199951171875,1818.4000244140625,1840.4000244140625,35,0.40371109733019495,1
2023-02-16,1838.5999755859373,1843.699951171875,1827.199951171875,1842.0,222,0.0869362945399299,1
2023-02-15,1842.0,1842.0,1828.199951171875,1834.199951171875,368,-0.4234554195507556,0
2023-02-14,1854.0999755859373,1862.0,1846.199951171875,1854.0,656,1.079492386611114,1
2023-02-13,1859.0,1861.0,1850.0,1851.9000244140625,569,-0.11326729158238624,0
2023-02-10,1861.5999755859373,1863.5,1852.4000244140625,1862.800048828125,27,0.5885860073635119,1
2023-02-09,1875.300048828125,1884.5999755859373,1859.800048828125,1866.199951171875,223,0.18251568899672055,1
2023-02-08,1872.0999755859373,1880.4000244140625,1872.0999755859373,1877.4000244140625,230,0.6001539778818676,1
2023-02-07,1870.0,1875.699951171875,1868.0,1871.699951171875,297,-0.30361527474500605,0
2023-02-06,1865.5999755859373,1880.0,1863.4000244140625,1866.199951171875,424,-0.2938505178971873,0
2023-02-03,1912.4000244140625,1917.0,1861.5,1862.9000244140625,992,-0.1768260017229295,0
2023-02-02,1952.300048828125,1959.0999755859373,1911.300048828125,1916.300048828125,748,2.8664997431012695,1
2023-02-01,1927.199951171875,1955.0,1922.0,1927.800048828125,2290,0.6001147892801262,1
2023-01-31,1923.0,1930.4000244140625,1900.5999755859373,1929.5,1910,0.08818088644142463,1
2023-01-30,1928.300048828125,1933.5999755859373,1920.300048828125,1922.9000244140625,27220,-0.3420562625518264,0
2023-01-27,1928.5999755859373,1928.5999755859373,1928.5999755859373,1928.5999755859373,150902,0.29642472824928934,1
2023-01-26,1936.5999755859373,1937.0999755859373,1927.0999755859373,1929.0999755859373,131,0.02592554217202281,1
2023-01-25,1941.199951171875,1941.199951171875,1939.800048828125,1941.199951171875,7,0.6272342407895426,1
2023-01-24,1931.800048828125,1936.800048828125,1931.800048828125,1933.9000244140625,201,-0.37605228422789017,0
2023-01-23,1926.5,1927.0999755859373,1915.0,1927.0999755859373,218,-0.3516235969946546,0
2023-01-20,1922.0999755859373,1928.5,1921.4000244140625,1926.4000244140625,1346,-0.03632147686899456,0
2023-01-19,1922.0999755859373,1931.800048828125,1922.0999755859373,1922.0999755859373,371,-0.22321681756795053,0
2023-01-18,1911.0999755859373,1911.0999755859373,1903.0999755859373,1904.4000244140625,1027,-0.920865272186433,0
2023-01-17,1920.0999755859373,1920.0999755859373,1905.199951171875,1907.199951171875,706,0.14702408747730988,1
2023-01-13,1899.0,1920.9000244140625,1898.300048828125,1918.4000244140625,512,0.5872521774817452,1
2023-01-12,1877.199951171875,1897.4000244140625,1877.199951171875,1895.5,59,-1.1937043433398076,0
2023-01-11,1873.0999755859373,1877.800048828125,1873.0999755859373,1874.5999755859373,1236,-1.1026127361679072,0
2023-01-10,1877.800048828125,1878.0999755859373,1871.5999755859373,1871.5999755859373,101,-0.16003414270088223,0
2023-01-09,1867.0,1880.0,1867.0,1872.699951171875,62,0.058771938463686446,1
2023-01-06,1838.4000244140625,1868.199951171875,1835.300048828125,1864.199951171875,26,-0.4538901170302756,0
2023-01-05,1855.199951171875,1855.199951171875,1834.800048828125,1834.800048828125,24,-1.5770788066628016,0
2023-01-04,1845.5999755859373,1859.0999755859373,1845.5999755859373,1852.800048828125,25,0.9810333290265927,1
2023-01-03,1836.199951171875,1839.699951171875,1836.199951171875,1839.699951171875,29,-0.7070432486514511,0
2022-12-30,1817.0,1822.300048828125,1816.800048828125,1819.699951171875,95,-1.0871338006646192,0
2022-12-29,1805.800048828125,1819.5,1805.800048828125,1819.5,277,-0.010988139651602058,0
2022-12-28,1803.199951171875,1807.9000244140625,1803.0999755859373,1807.9000244140625,434,-0.6375364433051645,0
2022-12-27,1803.4000244140625,1826.300048828125,1803.4000244140625,1814.800048828125,69,0.38165962281564436,1
2022-12-23,1794.300048828125,1802.800048828125,1794.0999755859375,1795.9000244140625,49,-1.0414383902109137,0
2022-12-22,1818.0999755859373,1818.0999755859373,1785.0,1787.0,411,-0.49557460287725785,0
2022-12-21,1817.4000244140625,1821.4000244140625,1814.4000244140625,1815.9000244140625,35,1.6172369565787603,1
2022-12-20,1786.5,1821.4000244140625,1786.5,1815.9000244140625,51,0.0,0
2022-12-19,1791.5999755859375,1796.300048828125,1785.5999755859375,1787.699951171875,79,-1.5529529634367822,0
2022-12-16,1777.9000244140625,1791.4000244140625,1777.9000244140625,1790.0,206,0.12865966834183507,1
2022-12-15,1801.0,1801.0,1774.800048828125,1777.199951171875,421,-0.7150865267108952,0
2022-12-14,1810.800048828125,1812.800048828125,1797.9000244140625,1807.5,1074,1.7049318962756743,1
2022-12-13,1780.699951171875,1819.800048828125,1780.5,1813.9000244140625,205,0.3540815720089796,1
2022-12-12,1787.300048828125,1793.9000244140625,1777.699951171875,1780.5,85,-1.8413376682571925,0
2022-12-09,1794.9000244140625,1804.300048828125,1791.0999755859375,1798.0999755859375,125,0.9884850090388975,1
2022-12-08,1782.0,1790.9000244140625,1782.0,1788.699951171875,713,-0.5227754041317589,0
2022-12-07,1769.300048828125,1790.300048828125,1769.300048828125,1785.5,422,-0.17889815280525134,0
2022-12-06,1768.5999755859375,1779.4000244140625,1767.9000244140625,1769.300048828125,105,-0.9073061423620854,0
2022-12-05,1795.699951171875,1808.0,1764.300048828125,1767.4000244140625,1713,-0.1073884791514601,0
2022-12-02,1802.0,1802.300048828125,1779.4000244140625,1795.9000244140625,1725,1.6125381694191532,1
2022-12-01,1768.699951171875,1803.699951171875,1768.699951171875,1801.0999755859375,1053,0.2895456930332996,1
2022-11-30,1748.0999755859375,1769.4000244140625,1745.0999755859375,1746.0,3339,-3.05924026055312,0
2022-11-29,1739.5,1758.199951171875,1737.9000244140625,1748.4000244140625,19416,0.1374584429589154,1
2022-11-28,1741.300048828125,1741.300048828125,1740.0999755859375,1740.0999755859375,132767,-0.4747225298687874,0
2022-11-25,1753.0,1757.9000244140625,1749.199951171875,1753.300048828125,216,0.7585813129928232,1
2022-11-23,1736.5,1750.9000244140625,1736.5,1744.9000244140625,39,-0.4790979398920814,0
2022-11-22,1741.699951171875,1741.699951171875,1738.300048828125,1738.300048828125,15,-0.37824376718395003,0
2022-11-21,1739.0,1744.9000244140625,1736.0999755859375,1737.4000244140625,544,-0.05177612545482768,0
2022-11-18,1763.300048828125,1763.300048828125,1747.5999755859375,1751.9000244140625,414,0.8345803957778841,1
2022-11-17,1763.0,1763.0,1756.0,1760.800048828125,18,0.5080212506440862,1
2022-11-16,1776.5999755859375,1778.9000244140625,1773.0,1773.0,303,0.6928640864131363,1
2022-11-15,1770.800048828125,1773.800048828125,1769.9000244140625,1773.800048828125,57,0.045124017378728176,1
2022-11-14,1762.0,1773.5999755859375,1761.5999755859375,1773.5999755859375,358,-0.01127935712481598,0
2022-11-11,1763.800048828125,1766.0,1757.5999755859375,1766.0,257,-0.42850562080249954,0
2022-11-10,1708.199951171875,1750.300048828125,1708.199951171875,1750.300048828125,325,-0.8890119576373201,0
2022-11-09,1707.4000244140625,1720.199951171875,1706.0,1710.0999755859375,497,-2.2967532491987686,0
2022-11-08,1703.199951171875,1712.0999755859375,1703.199951171875,1712.0999755859375,23,0.11695222668572924,1
2022-11-07,1676.9000244140625,1677.9000244140625,1672.9000244140625,1676.5,42,-2.0793164005363685,0
2022-11-04,1630.199951171875,1674.5,1629.0,1672.5,159,-0.23859230539815535,0
2022-11-03,1629.199951171875,1629.199951171875,1615.0999755859375,1627.300048828125,1427,-2.702538186659198,0
2022-11-02,1650.800048828125,1664.699951171875,1634.0,1645.699951171875,612,1.130701271532586,1
2022-11-01,1630.800048828125,1653.699951171875,1630.800048828125,1645.0,985,-0.04253212569986786,0
2022-10-31,1641.800048828125,1641.800048828125,1633.4000244140625,1635.9000244140625,522,-0.553190005224169,0
2022-10-28,1661.0,1661.0,1638.699951171875,1639.5999755859375,626,0.22617220592073828,1
2022-10-27,1660.699951171875,1660.699951171875,1660.699951171875,1660.699951171875,2298,1.2868977738546894,1
2022-10-26,1649.800048828125,1667.0,1649.800048828125,1664.0,89,0.19871433282070416,1
2022-10-25,1648.199951171875,1652.800048828125,1637.300048828125,1652.800048828125,880,-0.6730739886944059,0
2022-10-24,1662.699951171875,1662.699951171875,1648.699951171875,1648.699951171875,29,-0.24806979278328978,0
2022-10-21,1634.0999755859375,1653.9000244140625,1634.0999755859375,1651.0,224,0.13950681726473402,1
2022-10-20,1622.800048828125,1641.4000244140625,1622.800048828125,1630.800048828125,477,-1.223497951052388,0
2022-10-19,1637.5,1637.5,1627.5,1627.5,84,-0.2023576606154931,0
2022-10-18,1651.4000244140625,1655.199951171875,1649.0,1649.0,597,1.3210445468510024,1
2022-10-17,1650.199951171875,1657.0,1646.800048828125,1657.0,238,0.4851425106124907,1
2022-10-14,1665.300048828125,1667.0,1640.0,1641.699951171875,82,-0.9233584084565427,0
2022-10-13,1675.199951171875,1675.300048828125,1641.5,1670.0,729,1.7238258920531768,1
2022-10-12,1668.0,1672.699951171875,1668.0,1670.300048828125,149,0.01796699569611704,1
2022-10-11,1661.800048828125,1678.699951171875,1661.0,1678.699951171875,167,0.5028978086687674,1
2022-10-10,1693.4000244140625,1693.4000244140625,1667.0,1667.300048828125,195,-0.6790911226149721,0
2022-10-07,1710.0999755859375,1710.0999755859375,1693.699951171875,1700.5,179,1.9912403406459278,1
2022-10-06,1721.0,1723.300048828125,1709.0999755859375,1711.699951171875,133,0.6586269433622505,1
2022-10-05,1724.0999755859375,1726.5999755859375,1703.0,1711.4000244140625,418,-0.017522157292060303,0
2022-10-04,1701.199951171875,1728.0,1696.0,1721.0999755859375,291,0.5667845643040792,1
2022-10-03,1667.199951171875,1700.0,1661.9000244140625,1692.9000244140625,410,-1.6384842003309252,0
2022-09-30,1661.699951171875,1672.699951171875,1658.0,1662.4000244140625,548,-1.801642126537062,0
2022-09-29,1657.0,1662.5999755859375,1640.0,1658.5,6028,-0.23460204263634488,0
2022-09-28,1620.4000244140625,1660.4000244140625,1620.4000244140625,1660.4000244140625,18311,0.1145628226748574,1
2022-09-27,1632.199951171875,1636.5999755859375,1626.699951171875,1626.699951171875,888,-2.029635795390927,0
2022-09-26,1623.300048828125,1623.300048828125,1623.300048828125,1623.300048828125,1205,-0.20900611334626618,0
2022-09-23,1667.0,1667.0,1645.300048828125,1645.300048828125,1224,1.355263927693584,1
2022-09-22,1668.300048828125,1670.800048828125,1668.300048828125,1670.800048828125,973,1.5498692787472068,1
2022-09-21,1665.5,1680.0999755859375,1664.5999755859375,1664.5999755859375,2337,-0.3710840951037908,0
2022-09-20,1659.699951171875,1659.699951171875,1659.699951171875,1659.699951171875,2830,-0.2943664835954207,0
2022-09-19,1661.800048828125,1669.4000244140625,1658.5,1666.199951171875,580,0.3916370543609604,1
2022-09-16,1660.4000244140625,1674.9000244140625,1651.699951171875,1671.699951171875,464,0.33009243555264245,1
2022-09-15,1685.5,1686.0,1662.300048828125,1665.4000244140625,1125,-0.3768575068388458,0
2022-09-14,1698.699951171875,1701.800048828125,1696.5,1696.5,532,1.8674177452879137,1
2022-09-13,1720.5,1720.5,1697.300048828125,1705.0,432,0.5010315355142847,1
2022-09-12,1727.4000244140625,1728.0999755859375,1727.4000244140625,1728.0999755859375,68,1.3548372777675954,1
2022-09-09,1719.199951171875,1720.0,1712.800048828125,1716.199951171875,635,-0.6886189793520292,0
2022-09-08,1718.199951171875,1718.199951171875,1705.300048828125,1708.0,1193,-0.47779695869795136,0
2022-09-07,1694.800048828125,1715.300048828125,1694.699951171875,1715.300048828125,651,0.4274033271735922,1
2022-09-06,1709.699951171875,1717.4000244140625,1699.699951171875,1700.4000244140625,697,-0.8686541123952063,0
2022-09-02,1703.4000244140625,1715.699951171875,1703.0999755859375,1709.800048828125,182,0.5528125311161203,1
2022-09-01,1707.9000244140625,1707.9000244140625,1693.9000244140625,1696.5999755859375,683,-0.7720243809347549,0
2022-08-31,1718.300048828125,1720.9000244140625,1708.5,1712.800048828125,2133,0.9548552089653661,1
2022-08-30,1736.4000244140625,1739.0,1720.699951171875,1723.199951171875,385,0.6071871816482943,1
2022-08-29,1732.4000244140625,1741.199951171875,1732.0999755859375,1736.5999755859375,950,0.7776244657475617,1
2022-08-26,1754.0,1755.0,1736.0999755859375,1736.0999755859375,202,-0.028791892607926695,0
2022-08-25,1761.5999755859375,1761.800048828125,1755.0,1757.699951171875,172,1.2441665739121754,1
2022-08-24,1745.0,1751.800048828125,1743.5999755859375,1747.800048828125,187,-0.5632305068421717,0
2022-08-23,1738.0,1748.9000244140625,1731.9000244140625,1746.800048828125,509,-0.05721478270186431,0
2022-08-22,1740.5,1740.5,1726.5,1734.0,347,-0.7327712657617669,0
2022-08-19,1753.699951171875,1754.300048828125,1747.5,1747.5999755859375,49,0.784312317528113,1
2022-08-18,1762.9000244140625,1762.9000244140625,1753.4000244140625,1755.300048828125,321,0.4406084544379629,1
2022-08-17,1769.699951171875,1769.699951171875,1760.0,1760.300048828125,23,0.28485158439652825,1
2022-08-16,1777.4000244140625,1777.4000244140625,1771.4000244140625,1773.199951171875,308,0.7328240632804572,1
2022-08-15,1799.0,1799.0,1774.699951171875,1781.4000244140625,64,0.46244492826474914,1
2022-08-12,1786.300048828125,1800.4000244140625,1784.300048828125,1798.5999755859375,187,0.9655299728387634,1
2022-08-11,1794.300048828125,1794.300048828125,1785.699951171875,1789.699951171875,1235,-0.49483067579622064,0
2022-08-10,1804.4000244140625,1804.9000244140625,1787.800048828125,1795.5999755859375,601,0.32966556266591507,1
2022-08-09,1790.0,1796.0999755859375,1789.0,1794.0,249,-0.08910534683068683,0
2022-08-08,1771.800048828125,1786.800048828125,1771.800048828125,1786.800048828125,127,-0.40133507089604725,0
2022-08-05,1791.199951171875,1791.4000244140625,1764.199951171875,1772.9000244140625,645,-0.7779283654698155,0
2022-08-04,1769.4000244140625,1792.0999755859375,1767.699951171875,1788.5,285,0.879912875577582,1
2022-08-03,1756.699951171875,1770.5,1753.0,1758.0,399,-1.705339670114625,0
2022-08-02,1772.0999755859375,1786.5999755859375,1759.4000244140625,1771.0999755859375,1078,0.7451635714412763,1
2022-08-01,1763.9000244140625,1772.5,1756.0999755859375,1769.0,705,-0.11856900315538876,0
2022-07-29,1754.0,1765.699951171875,1750.0,1762.9000244140625,3485,-0.34482620610161163,0
2022-07-28,1732.300048828125,1755.0,1732.0,1750.300048828125,37236,-0.7147300136957746,0
2022-07-27,1719.0999755859375,1719.0999755859375,1719.0999755859375,1719.0999755859375,144865,-1.782555697411814,0
2022-07-26,1718.0,1718.0,1717.699951171875,1717.699951171875,1,-0.081439383046078,0
2022-07-25,1727.0,1732.0,1719.0,1719.0,67,0.07568544362117624,1
2022-07-22,1713.300048828125,1735.0,1713.0,1727.0999755859375,61,0.4712027682337139,1
2022-07-21,1687.0,1715.5,1679.800048828125,1712.699951171875,183,-0.8337690126581809,0
2022-07-20,1707.0999755859375,1708.5,1699.5,1699.5,130,-0.770710080469339,0
2022-07-19,1712.300048828125,1714.4000244140625,1706.0999755859375,1710.0,1684,0.6178287731685828,1
2022-07-18,1712.199951171875,1712.4000244140625,1709.199951171875,1709.199951171875,264,-0.04678648117689699,0
2022-07-15,1705.4000244140625,1709.699951171875,1701.0999755859375,1702.4000244140625,721,-0.3978426721314987,0
2022-07-14,1710.300048828125,1710.5,1704.5,1704.5,1289,0.12335382729216082,1
2022-07-13,1710.0,1734.199951171875,1710.0,1734.199951171875,368,1.7424436005793575,1
2022-07-12,1734.199951171875,1735.5,1723.300048828125,1723.300048828125,451,-0.6285262744001652,0
2022-07-11,1732.5,1736.699951171875,1730.0,1730.0,75,0.3887861070062115,1
2022-07-08,1738.0999755859375,1749.300048828125,1732.0999755859375,1740.5999755859375,370,0.6127153517882844,1
2022-07-07,1745.199951171875,1745.199951171875,1737.0,1737.9000244140625,1869,-0.15511612143772613,0
2022-07-06,1762.5,1768.0,1734.0,1734.9000244140625,1729,-0.17262212773209162,0
2022-07-05,1805.4000244140625,1805.4000244140625,1761.800048828125,1761.800048828125,64,1.550523029311024,1
2022-07-01,1795.5,1806.0999755859373,1791.5999755859375,1798.9000244140625,77,2.1057994413506087,1
2022-06-30,1809.5999755859373,1817.300048828125,1801.0,1804.0999755859373,328,0.289062821796815,1
2022-06-29,1818.300048828125,1830.300048828125,1812.800048828125,1813.699951171875,173,0.5321199332547932,1
2022-06-28,1824.199951171875,1826.0,1817.5,1817.5,391,0.20951915589288994,1
2022-06-27,1830.5,1830.699951171875,1819.9000244140625,1820.9000244140625,77,0.18707149458390138,1
2022-06-24,1820.5,1826.5,1815.800048828125,1826.5,61,0.3075388824677283,1
2022-06-23,1835.5,1841.199951171875,1825.699951171875,1825.699951171875,9,-0.043802290069805405,0
2022-06-22,1829.5,1842.699951171875,1821.5999755859373,1834.300048828125,115,0.47105756073060334,1
2022-06-21,1835.300048828125,1838.5999755859373,1830.0999755859373,1834.5999755859373,216,0.016351019453098026,1
2022-06-17,1853.699951171875,1853.699951171875,1833.5999755859373,1835.5999755859373,170,0.0545077953399975,1
2022-06-16,1819.199951171875,1850.5999755859373,1814.9000244140625,1845.699951171875,136,0.5502274853056655,1
2022-06-15,1814.0999755859373,1839.0,1810.800048828125,1815.300048828125,108,-1.647066324320401,0
2022-06-14,1825.0,1825.5,1805.300048828125,1809.5,536,-0.3195090988880489,0
2022-06-13,1873.800048828125,1873.800048828125,1818.699951171875,1828.0,127,1.022381873445699,1
2022-06-10,1842.699951171875,1875.5999755859373,1823.9000244140625,1871.5,1490,2.379649890590807,1
2022-06-09,1846.0999755859373,1850.0999755859373,1837.9000244140625,1848.800048828125,159,-1.2129281951309134,0
2022-06-08,1844.800048828125,1855.0,1844.4000244140625,1851.9000244140625,218,0.1676750056287757,1
2022-06-07,1836.9000244140625,1851.5999755859373,1835.0,1847.5,1168,-0.23759513775343244,0
2022-06-06,1849.0,1854.0999755859373,1839.199951171875,1839.199951171875,142,-0.4492583939445183,0
2022-06-03,1867.5999755859373,1871.800048828125,1845.4000244140625,1845.4000244140625,53,0.3371070795340714,1
2022-06-02,1845.4000244140625,1868.699951171875,1842.0999755859373,1866.5,551,1.1433822101870383,1
2022-06-01,1831.0,1847.9000244140625,1825.300048828125,1843.300048828125,1623,-1.24296550612778,0
2022-05-31,1850.300048828125,1862.0999755859373,1832.800048828125,1842.699951171875,4073,-0.032555614406426514,0
2022-05-27,1848.300048828125,1860.699951171875,1845.9000244140625,1851.300048828125,30091,0.46671177533710306,1
2022-05-26,1840.4000244140625,1847.4000244140625,1840.4000244140625,1847.4000244140625,123355,-0.21066409070378267,0
2022-05-25,1846.199951171875,1846.199951171875,1846.199951171875,1846.199951171875,0,-0.0649601183462245,0
2022-05-24,1852.5,1867.0,1852.5,1865.0999755859373,33,1.0237257563605384,1
2022-05-23,1846.300048828125,1863.0,1845.800048828125,1847.800048828125,216,-0.927560290829843,0
2022-05-20,1839.0999755859373,1841.800048828125,1836.300048828125,1841.800048828125,110,-0.3247104579202298,0
2022-05-19,1810.9000244140625,1841.199951171875,1810.699951171875,1841.199951171875,138,-0.032582128371194674,0
2022-05-18,1815.0,1819.699951171875,1805.0,1815.9000244140625,311,-1.374099903799686,0
2022-05-17,1824.9000244140625,1828.5999755859373,1816.699951171875,1818.199951171875,121,0.1266549219059998,1
2022-05-16,1790.5,1813.5,1787.0,1813.5,34,-0.25849473644775633,0
2022-05-13,1825.0,1825.0,1807.4000244140625,1807.4000244140625,335,-0.3363647965777483,0
2022-05-12,1849.800048828125,1851.9000244140625,1822.199951171875,1823.800048828125,153,0.9073821064807808,1
2022-05-11,1841.5,1852.5999755859373,1841.0,1852.5999755859373,892,1.5791164594121776,1
2022-05-10,1839.9000244140625,1839.9000244140625,1839.9000244140625,1839.9000244140625,1540,-0.685520422068342,0
2022-05-09,1866.5999755859373,1867.5,1854.0,1857.0999755859373,304,0.9348307486083174,1
2022-05-06,1874.699951171875,1890.300048828125,1871.5,1881.199951171875,214,1.2977209575555593,1
2022-05-05,1897.0,1904.300048828125,1874.0,1874.0,80,-0.38273183918540177,0
2022-05-04,1867.0,1867.0,1867.0,1867.0,1,-0.3735325506937004,0
2022-05-03,1868.800048828125,1868.800048828125,1868.800048828125,1868.800048828125,466,0.09641397044055644,1
2022-05-02,1896.699951171875,1896.800048828125,1853.0,1861.800048828125,385,-0.3745719080213816,0
2022-04-29,1902.699951171875,1918.199951171875,1902.4000244140625,1909.300048828125,132,2.5512943793238207,1
2022-04-28,1883.800048828125,1893.0,1872.9000244140625,1888.699951171875,513,-1.07893453775868,0
2022-04-27,1897.800048828125,1900.5999755859373,1882.199951171875,1885.9000244140625,1786,-0.1482462450467681,0
2022-04-26,1900.5,1909.0999755859373,1894.0,1901.4000244140625,302,0.8218887427405175,1
2022-04-25,1925.0,1925.0,1889.300048828125,1893.199951171875,748,-0.43126502245178777,0
2022-04-22,1949.5999755859373,1950.4000244140625,1930.199951171875,1931.0,178,1.9966221108725035,1
2022-04-21,1942.5,1944.9000244140625,1942.5,1944.9000244140625,4,0.7198355470772855,1
2022-04-20,1945.5,1953.5999755859373,1945.5,1952.300048828125,621,0.38048353751714004,1
2022-04-19,1973.800048828125,1978.300048828125,1945.699951171875,1955.699951171875,130,0.17414855599633405,1
2022-04-18,1973.4000244140625,1997.0999755859373,1972.800048828125,1982.9000244140625,196,1.3908101406807871,1
2022-04-14,1977.199951171875,1978.699951171875,1963.0,1970.9000244140625,101,-0.6051742322987774,0
2022-04-13,1969.5,1981.0,1969.5,1981.0,204,0.5124549931922573,1
2022-04-12,1952.5,1977.0999755859373,1950.5999755859373,1972.0999755859373,246,-0.4492692788522379,0
2022-04-11,1946.5999755859373,1968.4000244140625,1941.800048828125,1944.300048828125,163,-1.4096611278316407,0
2022-04-08,1928.800048828125,1947.699951171875,1928.800048828125,1941.5999755859373,153,-0.13887122225888504,0
2022-04-07,1919.5,1934.800048828125,1919.5,1933.800048828125,311,-0.4017267643124267,0
2022-04-06,1916.699951171875,1931.800048828125,1916.699951171875,1918.4000244140625,138,-0.7963607418147944,0
2022-04-05,1927.0999755859373,1943.5,1918.4000244140625,1922.9000244140625,412,0.2345704724109554,1
2022-04-04,1921.199951171875,1936.0999755859373,1915.5999755859373,1929.199951171875,371,0.3276263288691794,1
2022-04-01,1935.0,1938.0,1917.0,1919.0999755859373,1016,-0.5235318184516169,0
2022-03-31,1933.5,1949.9000244140625,1919.0999755859373,1949.199951171875,3617,1.5684422890343441,1
2022-03-30,1918.4000244140625,1937.0,1914.5,1933.5,17765,-0.8054561648452752,0
2022-03-29,1893.5,1912.0,1893.5,1912.0,128051,-1.1119731057667392,0
2022-03-28,1932.5999755859373,1939.5999755859373,1932.5999755859373,1939.5999755859373,7,1.4435133674653322,1
2022-03-25,1953.800048828125,1953.800048828125,1953.800048828125,1953.800048828125,83,0.7321134987072764,1
2022-03-24,1963.5999755859373,1964.0,1961.5999755859373,1961.5999755859373,8,0.39921827018536415,1
2022-03-23,1936.5999755859373,1936.5999755859373,1936.5999755859373,1936.5999755859373,204,-1.2744698364166918,0
2022-03-22,1920.699951171875,1920.699951171875,1920.699951171875,1920.699951171875,26,-0.8210278123778059,0
2022-03-21,1925.4000244140625,1928.5999755859373,1925.0,1928.5999755859373,5,0.41130965871281067,1
2022-03-18,1934.5,1939.300048828125,1928.199951171875,1928.199951171875,28,-0.02074169963320882,0
2022-03-17,1933.9000244140625,1947.199951171875,1933.9000244140625,1942.0999755859373,39,0.720880861220552,1
2022-03-16,1922.4000244140625,1922.4000244140625,1907.199951171875,1908.0,104,-1.7558300815924355,0
2022-03-15,1939.800048828125,1939.9000244140625,1910.699951171875,1928.5,71,1.0744234800838637,1
2022-03-14,1976.5,1977.699951171875,1959.5999755859373,1959.5999755859373,145,1.6126510544950623,1
2022-03-11,1985.0,1996.0,1959.9000244140625,1982.699951171875,865,1.1788107712662477,1
2022-03-10,1978.0999755859373,2010.5,1978.0999755859373,1998.0999755859373,670,0.7767198665113328,1
2022-03-09,2053.60009765625,2063.0,1980.800048828125,1985.9000244140625,1022,-0.6105776147811159,0
2022-03-08,1999.4000244140625,2072.0,1998.0,2040.0999755859373,1813,2.729238657815425,1
2022-03-07,1989.0,2001.0999755859373,1963.0,1993.9000244140625,2516,-2.26459250648271,0
2022-03-04,1937.0,1970.9000244140625,1935.5999755859373,1965.0999755859373,47,-1.444407867771036,0
2022-03-03,1930.5,1940.300048828125,1924.800048828125,1934.4000244140625,122,-1.5622589971648115,0
2022-03-02,1945.5999755859373,1948.199951171875,1919.800048828125,1920.9000244140625,109,-0.6978908100504833,0
2022-03-01,1908.300048828125,1942.4000244140625,1903.800048828125,1942.4000244140625,547,1.119266996030066,1
2022-02-28,1928.300048828125,1928.4000244140625,1894.199951171875,1899.4000244140625,390,-2.2137561500994773,0
2022-02-25,1906.9000244140625,1920.0,1883.5999755859373,1886.5,586,-0.6791631172081258,0
2022-02-24,1911.9000244140625,1972.5,1911.699951171875,1925.0999755859373,2706,2.0461158540120428,1
2022-02-23,1896.5999755859373,1910.5999755859373,1895.699951171875,1909.199951171875,73,-0.8259323991328227,0
2022-02-22,1908.0999755859373,1912.0,1890.800048828125,1906.0999755859373,173,-0.16237039939347442,0
2022-02-18,1899.4000244140625,1899.4000244140625,1890.699951171875,1898.5999755859373,51,-0.3934735898464381,0
2022-02-17,1876.300048828125,1900.699951171875,1876.199951171875,1900.699951171875,393,0.11060653180983149,1
2022-02-16,1858.699951171875,1870.199951171875,1856.300048828125,1870.199951171875,34,-1.6046720041843154,0
2022-02-15,1872.5999755859373,1879.699951171875,1847.4000244140625,1854.800048828125,86,-0.8234361429696468,0
2022-02-14,1861.800048828125,1870.5999755859373,1854.5999755859373,1868.0,79,0.7116643748319218,1
2022-02-11,1822.0,1864.800048828125,1822.0,1840.800048828125,181,-1.4561001698005893,0
2022-02-10,1833.300048828125,1842.0999755859373,1820.800048828125,1836.199951171875,365,-0.2498966500559585,0
2022-02-09,1825.4000244140625,1835.199951171875,1825.300048828125,1835.199951171875,683,-0.054460299890635167,0
2022-02-08,1818.9000244140625,1827.5999755859373,1815.0,1826.5999755859373,108,-0.46861245721188105,0
2022-02-07,1812.199951171875,1821.300048828125,1809.0999755859373,1820.5999755859373,601,-0.32847914596491057,0
2022-02-04,1806.0,1813.699951171875,1792.5,1806.5999755859373,571,-0.7689772705557818,0
2022-02-03,1805.800048828125,1808.0999755859373,1787.9000244140625,1803.0,466,-0.19926799704343967,0
2022-02-02,1797.800048828125,1810.0999755859373,1795.0999755859375,1809.199951171875,1690,0.3438686174084937,1
2022-02-01,1797.199951171875,1806.0999755859373,1797.0999755859375,1800.300048828125,223,-0.4919247503840207,0
2022-01-31,1788.5,1798.5,1785.0999755859375,1795.0,1735,-0.29439808278486357,0
2022-01-28,1797.5,1798.4000244140625,1778.800048828125,1784.9000244140625,28521,-0.5626727345926175,0
2022-01-27,1793.300048828125,1793.300048828125,1793.300048828125,1793.300048828125,196036,0.47061596163180397,1
2022-01-26,1829.9000244140625,1829.9000244140625,1829.9000244140625,1829.9000244140625,55,2.0409287118379638,1
2022-01-25,1843.0,1852.699951171875,1842.0,1852.699951171875,11,1.2459657059741946,1
2022-01-24,1837.9000244140625,1842.0999755859373,1837.9000244140625,1841.699951171875,8,-0.5937280881905482,0
2022-01-21,1838.0,1842.4000244140625,1828.9000244140625,1831.800048828125,19,-0.5375415434773045,0
2022-01-20,1840.5999755859373,1843.0,1838.199951171875,1842.5,20,0.5841222233136323,1
2022-01-19,1817.4000244140625,1843.0999755859373,1817.4000244140625,1843.0999755859373,4,0.032563125424012185,1
2022-01-18,1816.800048828125,1820.0999755859373,1812.300048828125,1812.300048828125,900,-1.6710936555691003,0
2022-01-14,1821.5,1822.0,1816.5,1816.5,816,0.23174700980617136,1
2022-01-13,1819.800048828125,1823.0,1815.4000244140625,1821.199951171875,40,0.25873664585054357,1
2022-01-12,1819.0,1827.199951171875,1816.9000244140625,1827.199951171875,1547,0.32945311667393895,1
2022-01-11,1803.9000244140625,1822.5,1803.0,1818.5999755859373,743,-0.47066417555572393,0
2022-01-10,1794.9000244140625,1798.699951171875,1790.4000244140625,1798.4000244140625,534,-1.1107418587403495,0
2022-01-07,1791.800048828125,1797.0,1784.4000244140625,1797.0,17,-0.0778483315756584,0
2022-01-06,1787.0999755859375,1791.300048828125,1787.0999755859375,1788.699951171875,30,-0.46188362983444753,0
2022-01-05,1813.0999755859373,1824.5999755859373,1813.0999755859373,1824.5999755859373,8,2.0070456417546234,1
2022-01-04,1800.5,1815.300048828125,1800.0,1814.0,38,-0.5809479188737421,0
2022-01-03,1830.0999755859373,1830.0999755859373,1798.800048828125,1799.4000244140625,116,-0.8048498117936842,0
2021-12-31,1825.0999755859373,1827.800048828125,1821.4000244140625,1827.5,80,1.5616302770190105,1
2021-12-30,1801.699951171875,1816.0,1796.0,1812.699951171875,306,-0.8098521930574587,0
2021-12-29,1803.199951171875,1805.0999755859373,1791.4000244140625,1805.0999755859373,623,-0.4192627456642506,0
2021-12-28,1812.0,1818.0,1805.5,1810.199951171875,146,0.2825314749828278,1
2021-12-27,1810.0,1812.0999755859373,1807.0,1808.0999755859373,150,-0.11600793517745345,0
2021-12-23,1806.0,1811.199951171875,1800.800048828125,1811.199951171875,193,0.17144934615316298,1
2021-12-22,1786.0,1805.199951171875,1785.5,1801.5999755859373,567,-0.5300340020286787,0
2021-12-21,1791.4000244140625,1796.5,1787.9000244140625,1787.9000244140625,575,-0.7604324687792596,0
2021-12-20,1796.800048828125,1799.800048828125,1792.0,1793.699951171875,226,0.32439882983463786,1
2021-12-17,1804.0,1812.9000244140625,1803.800048828125,1803.800048828125,654,0.5630873574842488,1
2021-12-16,1781.0,1798.0999755859375,1781.0,1796.5999755859375,21,-0.3991613841492714,0
2021-12-15,1767.4000244140625,1778.699951171875,1753.9000244140625,1762.5999755859375,283,-1.8924635679632207,0
2021-12-14,1787.0,1787.0,1769.0,1770.4000244140625,322,0.44253085987544516,1
2021-12-13,1784.4000244140625,1787.0999755859375,1783.800048828125,1786.300048828125,206,0.8981034904427698,1
2021-12-10,1773.800048828125,1785.4000244140625,1769.0999755859375,1782.9000244140625,545,-0.19033893081361608,0
2021-12-09,1783.5,1783.5,1771.800048828125,1774.5999755859375,455,-0.4655364133977602,0
2021-12-08,1789.9000244140625,1789.9000244140625,1779.0,1783.4000244140625,1383,0.49588915525704547,1
2021-12-07,1779.5,1786.0999755859375,1772.300048828125,1782.5999755859375,308,-0.04486087345366707,0
2021-12-06,1780.199951171875,1783.0,1777.199951171875,1777.5,381,-0.2860975909225627,0
2021-12-03,1767.5,1785.0999755859375,1766.5,1782.0,694,0.25316455696202667,1
2021-12-02,1780.9000244140625,1780.9000244140625,1760.5999755859375,1760.699951171875,1557,-1.19528893536055,0
2021-12-01,1774.800048828125,1790.5,1772.300048828125,1781.5999755859375,1128,1.1870293061660986,1
2021-11-30,1783.9000244140625,1808.0999755859373,1768.699951171875,1773.5999755859375,4903,-0.4490345818156438,0
2021-11-29,1791.699951171875,1798.9000244140625,1779.0999755859375,1782.300048828125,26926,0.49053187651930674,1
2021-11-26,1791.0999755859375,1791.4000244140625,1785.300048828125,1785.300048828125,186800,0.1683218267301667,1
2021-11-24,1793.0,1793.0,1781.4000244140625,1784.0999755859375,188,-0.06721969469363209,0
2021-11-23,1795.5,1795.5,1783.5,1783.5,264,-0.03362903391893601,0
2021-11-22,1841.5999755859373,1841.5999755859373,1805.699951171875,1806.0,14,1.2615643397813292,1
2021-11-19,1851.199951171875,1851.199951171875,1851.199951171875,1851.199951171875,21,2.5027658456187707,1
2021-11-18,1861.0,1861.0,1861.0,1861.0,9,0.5293889956037079,1
2021-11-17,1862.5999755859373,1869.699951171875,1862.5999755859373,1869.699951171875,2,0.4674879726961345,1
2021-11-16,1853.5999755859373,1853.5999755859373,1853.5999755859373,1853.5999755859373,1,-0.8610994280577877,0
2021-11-15,1864.5,1866.9000244140625,1864.5,1866.0999755859373,87,0.6743634098316464,1
2021-11-12,1860.800048828125,1867.9000244140625,1847.5999755859373,1867.9000244140625,210,0.09646047112561451,1
2021-11-11,1853.9000244140625,1866.5,1853.9000244140625,1863.199951171875,292,-0.2516233835192505,0
2021-11-10,1825.800048828125,1865.0,1824.9000244140625,1847.5999755859373,795,-0.8372679258673243,0
2021-11-09,1826.0999755859373,1832.699951171875,1820.699951171875,1830.199951171875,170,-0.9417636200468205,0
2021-11-08,1817.0,1827.4000244140625,1816.9000244140625,1827.4000244140625,261,-0.15298474661304962,0
2021-11-05,1794.9000244140625,1817.0999755859373,1794.9000244140625,1816.4000244140625,239,-0.6019481149742822,0
2021-11-04,1776.5999755859375,1798.199951171875,1776.199951171875,1793.0,103,-1.2882638240225175,0
2021-11-03,1768.0,1768.0,1761.800048828125,1763.5999755859375,108,-1.6397113449003076,0
2021-11-02,1790.5,1795.5,1787.699951171875,1788.699951171875,213,1.4232238565096589,1
2021-11-01,1787.5,1795.0999755859375,1786.699951171875,1795.0999755859375,142,0.3578031301375795,1
2021-10-29,1793.0999755859375,1797.0,1774.5999755859375,1783.0,583,-0.6740558047185097,0
2021-10-28,1795.5,1807.300048828125,1795.5,1801.5999755859373,452,1.0431842729073049,1
2021-10-27,1791.5,1798.0999755859375,1791.5,1797.9000244140625,543,-0.20537029429473774,0
2021-10-26,1808.800048828125,1808.800048828125,1788.5999755859375,1792.699951171875,359,-0.2892303894307058,0
2021-10-25,1794.300048828125,1809.0,1794.0,1806.0,140,0.7419004401395091,1
2021-10-22,1787.0999755859375,1806.9000244140625,1784.0,1795.5,532,-0.5813953488372103,0
2021-10-21,1782.0,1785.699951171875,1781.0,1781.199951171875,146,-0.7964382527499314,0
2021-10-20,1774.5999755859375,1785.5999755859375,1774.0,1784.0999755859375,127,0.16281296280939994,1
2021-10-19,1777.5999755859375,1785.0,1767.5,1769.699951171875,51,-0.8071310246687946,0
2021-10-18,1761.5999755859375,1770.0999755859375,1759.5,1764.800048828125,266,-0.2768775769307896,0
2021-10-15,1794.5,1795.4000244140625,1766.5999755859375,1767.199951171875,874,0.1359872097319803,1
2021-10-14,1792.199951171875,1799.9000244140625,1792.0,1796.699951171875,337,1.6693074250278217,1
2021-10-13,1760.800048828125,1794.5,1760.800048828125,1793.699951171875,150,-0.16697278797405124,0
2021-10-12,1751.9000244140625,1768.0,1749.800048828125,1758.300048828125,139,-1.9735687856055395,0
2021-10-11,1756.5999755859375,1757.800048828125,1752.199951171875,1754.5999755859375,128,-0.210434689156358,0
2021-10-08,1757.0,1780.0,1754.199951171875,1756.300048828125,254,0.09689235528569373,1
2021-10-07,1762.4000244140625,1762.4000244140625,1752.800048828125,1757.9000244140625,336,0.09109921661762943,1
2021-10-06,1759.300048828125,1762.9000244140625,1744.699951171875,1760.5,56,0.14790235791730666,1
2021-10-05,1764.300048828125,1764.300048828125,1749.0,1759.5999755859375,98,-0.051123227154925566,0
2021-10-04,1764.5,1768.9000244140625,1749.5,1766.199951171875,417,0.3750838643731935,1
2021-10-01,1754.300048828125,1762.5999755859375,1748.5,1757.0,2220,-0.5208895609905784,0
2021-09-30,1725.5,1760.300048828125,1724.5,1755.300048828125,997,-0.09675305474530216,0
2021-09-29,1732.4000244140625,1744.0999755859375,1721.4000244140625,1721.5,6634,-1.9255994922743103,0
2021-09-28,1739.5999755859375,1741.699951171875,1726.800048828125,1735.800048828125,15748,0.8306737628884786,1
2021-09-27,1751.699951171875,1754.4000244140625,1747.5,1750.0,808,0.8180637615180286,1
2021-09-24,1749.699951171875,1749.699951171875,1745.0,1749.699951171875,76,-0.017145647321425983,0
2021-09-23,1766.800048828125,1766.800048828125,1738.199951171875,1747.699951171875,31,-0.11430531267149213,0
2021-09-22,1776.699951171875,1784.300048828125,1767.0,1776.699951171875,17,1.6593237289132423,1
2021-09-21,1762.199951171875,1776.0,1759.0,1776.0,106,-0.039396138408931414,0
2021-09-20,1751.800048828125,1761.800048828125,1750.9000244140625,1761.800048828125,185,-0.7995468002181871,0
2021-09-17,1758.800048828125,1763.0,1749.4000244140625,1749.4000244140625,581,-0.7038269991143653,0
2021-09-16,1792.9000244140625,1792.9000244140625,1743.9000244140625,1754.5999755859375,1645,0.29724197435154753,1
2021-09-15,1803.699951171875,1803.699951171875,1792.4000244140625,1792.4000244140625,59,2.1543399837049337,1
2021-09-14,1791.4000244140625,1806.199951171875,1783.0,1804.699951171875,764,0.6862266564537256,1
2021-09-13,1789.800048828125,1796.0,1784.0,1792.0,533,-0.7037153829160592,0
2021-09-10,1789.5999755859375,1789.5999755859375,1789.5999755859375,1789.5999755859375,0,-0.1339299338204536,0
2021-09-09,1798.699951171875,1798.699951171875,1787.9000244140625,1797.4000244140625,49,0.4358543213307309,1
2021-09-08,1781.699951171875,1790.699951171875,1781.699951171875,1790.699951171875,69,-0.3727647241115184,0
2021-09-07,1825.699951171875,1825.699951171875,1792.699951171875,1795.9000244140625,48,0.29039333132188094,1
2021-09-03,1820.9000244140625,1833.9000244140625,1818.9000244140625,1830.9000244140625,53,1.948883541633628,1
2021-09-02,1813.199951171875,1813.9000244140625,1806.800048828125,1808.699951171875,26,-1.21252241772688,0
2021-09-01,1813.5,1815.9000244140625,1809.5,1813.0999755859373,114,0.2432700023689005,1
2021-08-31,1815.9000244140625,1815.9000244140625,1801.0999755859375,1815.0,82,0.10479424409284288,1
2021-08-30,1818.199951171875,1820.300048828125,1807.800048828125,1809.0,684,-0.33057851239669533,0
2021-08-27,1803.4000244140625,1816.5999755859373,1803.0999755859373,1816.5999755859373,1219,0.42012026456259566,1
2021-08-26,1787.4000244140625,1792.199951171875,1781.0,1792.199951171875,61,-1.343169918638365,0
2021-08-25,1792.0,1792.9000244140625,1784.0,1788.199951171875,812,-0.22318938226644214,0
