date,Open,High,Low,Close,Volume,daily_return,direction,sentiment_score,article_count,positive_count,negative_count,neutral_count,avg_confidence,Federal_Funds_Rate,CPI,Unemployment,GDP,PCE,Treasury10Y,MA7,MA20,volatility,momentum
2021-10-01,1754.300048828125,1762.5999755859375,1748.5,1757.0,2220,0.0968467569410602,1.0,0.0,0.0,0.0,0.0,0.0,0.0,0.08,276.55,4.5,24813.6,16704.2,1.48,1745.2857142857142,1771.4549987792968,12.521900522709682,0.41721718190801393
2021-10-04,1764.5,1768.9000244140625,1749.5,1766.199951171875,417,0.5236170274260044,0.0,0.0,0.0,0.0,0.0,0.0,0.0,0.08,276.55,4.5,24813.6,16704.2,1.48,1747.9285714285713,1768.2199951171874,14.85189024921813,0.9257114955357082
2021-10-05,1764.300048828125,1764.300048828125,1749.0,1759.5999755859375,98,-0.3736822425772557,1.0,0.0,0.0,0.0,0.0,0.0,0.0,0.08,276.55,4.5,24813.6,16704.2,1.48,1749.3428606305804,1766.4049926757812,15.505667001831371,1.3711214476506361
2021-10-06,1759.300048828125,1762.9000244140625,1744.699951171875,1760.5,56,0.051149376366788,0.0,0.0,0.0,0.0,0.0,0.0,0.0,0.08,276.55,4.5,24813.6,16704.2,1.48,1750.8428606305804,1764.8949951171876,16.077179384601404,2.2654661632297346
2021-10-07,1762.4000244140625,1762.4000244140625,1752.800048828125,1757.9000244140625,336,-0.147683929902731,0.0,0.0,0.0,0.0,0.0,0.0,0.0,0.08,276.55,4.5,24813.6,16704.2,1.48,1754.0,1762.9199951171875,14.745614334128637,0.14812143300932945
2021-10-08,1757.0,1780.0,1754.199951171875,1756.300048828125,254,-0.0910163014799847,0.0,0.0,0.0,0.0,0.0,0.0,0.0,0.08,276.55,4.5,24813.6,16704.2,1.48,1758.971435546875,1761.2549987792968,3.6658986478949114,-0.03983785838788112
2021-10-11,1756.5999755859375,1757.800048828125,1752.199951171875,1754.5999755859375,128,-0.0967985648763103,1.0,0.0,0.0,0.0,0.0,0.0,0.0,0.08,276.55,4.5,24813.6,16704.2,1.48,1758.8714250837054,1759.3849975585938,3.7901944647139127,-0.6567758977821803
2021-10-12,1751.9000244140625,1768.0,1749.800048828125,1758.300048828125,139,0.2108784505683081,1.0,0.0,0.0,0.0,0.0,0.0,0.0,0.08,276.55,4.5,24813.6,16704.2,1.48,1759.0571463448662,1757.0650024414062,3.7143020150870547,-0.0738762659609371
2021-10-13,1760.800048828125,1794.5,1760.800048828125,1793.699951171875,150,2.0133026992374514,1.0,0.0,0.0,0.0,0.0,0.0,0.0,0.08,276.55,4.5,24813.6,16704.2,1.48,1762.9857177734375,1757.1299987792968,13.686031735285683,1.8858251162666928
2021-10-14,1792.199951171875,1799.9000244140625,1792.0,1796.699951171875,337,0.167252053390543,0.0,0.0,0.0,0.0,0.0,0.0,0.0,0.08,276.55,4.5,24813.6,16704.2,1.48,1768.2857142857142,1759.2349975585937,18.495050374936334,2.2071748233091437
2021-10-15,1794.5,1795.4000244140625,1766.5999755859375,1767.199951171875,874,-1.6418990817447798,0.0,0.0,0.0,0.0,0.0,0.0,0.0,0.08,276.55,4.5,24813.6,16704.2,1.48,1769.2428501674108,1760.1249938964843,18.195924915380484,0.620617322821504
2021-10-18,1761.5999755859375,1770.0999755859375,1759.5,1764.800048828125,266,-0.1358025356529957,1.0,0.0,0.0,0.0,0.0,0.0,0.0,0.08,276.55,4.5,24813.6,16704.2,1.48,1770.2285679408483,1760.2749938964844,17.65798880641298,0.5813332602367716
2021-10-19,1777.5999755859375,1785.0,1767.5,1769.699951171875,51,0.2776463173266297,1.0,0.0,0.0,0.0,0.0,0.0,0.0,0.08,276.55,4.5,24813.6,16704.2,1.48,1772.1428397042412,1759.9599914550781,16.59041966743924,0.6483479512696233
2021-10-20,1774.5999755859375,1785.5999755859375,1774.0,1784.0999755859375,127,0.813698638830096,0.0,0.0,0.0,0.0,0.0,0.0,0.0,0.08,276.55,4.5,24813.6,16704.2,1.48,1776.3571254185267,1760.3299926757813,15.068464514227557,-0.5352052097490234
2021-10-21,1782.0,1785.699951171875,1781.0,1781.199951171875,146,-0.1625483130848648,1.0,0.0,0.0,0.0,0.0,0.0,0.0,0.08,276.55,4.5,24813.6,16704.2,1.48,1779.6285400390625,1762.0049926757813,12.811658803922175,-0.8626927378659
2021-10-22,1787.0999755859375,1806.9000244140625,1784.0,1795.5,532,0.8028323164233742,1.0,0.0,0.0,0.0,0.0,0.0,0.0,0.08,276.55,4.5,24813.6,16704.2,1.48,1779.8856898716517,1764.2949951171875,13.154640218169531,1.6014061572013238
2021-10-25,1794.300048828125,1809.0,1794.0,1806.0,140,0.5847953216374213,0.0,0.0,0.0,0.0,0.0,0.0,0.0,0.08,276.55,4.5,24813.6,16704.2,1.48,1781.2142682756696,1767.0949951171874,15.4118424271452,2.3345393263805025
2021-10-26,1808.800048828125,1808.800048828125,1788.5999755859375,1792.699951171875,359,-0.7364368121885345,1.0,0.0,0.0,0.0,0.0,0.0,0.0,0.08,276.55,4.5,24813.6,16704.2,1.48,1784.8571254185267,1769.939990234375,14.536025892924068,1.2996553446684267
2021-10-27,1791.5,1798.0999755859375,1791.5,1797.9000244140625,543,0.2900693581649349,1.0,0.0,0.0,0.0,0.0,0.0,0.0,0.08,276.55,4.5,24813.6,16704.2,1.48,1789.585693359375,1773.759991455078,12.104349782995035,0.7735019907498586
2021-10-28,1795.5,1807.300048828125,1795.5,1801.5999755859373,452,0.2057929318445062,0.0,0.0,0.0,0.0,0.0,0.0,0.0,0.08,276.55,4.5,24813.6,16704.2,1.48,1794.1428397042412,1776.0749877929688,8.968638482945815,1.1452967085834986
2021-10-29,1793.0999755859375,1797.0,1774.5999755859375,1783.0,583,-1.032414289408945,1.0,0.0,0.0,0.0,0.0,0.0,0.0,0.08,276.55,4.5,24813.6,16704.2,1.48,1793.9857003348213,1777.3749877929688,9.181047189113832,-0.696184906711228
2021-11-01,1787.5,1795.0999755859375,1786.699951171875,1795.0999755859375,142,0.6786301506414683,0.0,0.0,0.0,0.0,0.0,0.0,0.0,0.08,278.919,4.1,24813.6,16849.8,1.58,1795.9714181082588,1778.8199890136718,7.2561981216022415,-0.6035450949093302
2021-11-02,1790.5,1795.5,1787.699951171875,1788.699951171875,213,-0.3565274637126303,0.0,0.0,0.0,0.0,0.0,0.0,0.0,0.08,278.919,4.1,24813.6,16849.8,1.58,1794.9999825613838,1780.2749877929687,7.767031332300891,-0.2231271327577833
2021-11-03,1768.0,1768.0,1761.800048828125,1763.5999755859375,108,-1.4032524331145213,1.0,0.0,0.0,0.0,0.0,0.0,0.0,0.08,278.919,4.1,24813.6,16849.8,1.58,1788.942836216518,1780.4299865722655,12.715460116252167,-1.907783990341927
2021-11-04,1776.5999755859375,1798.199951171875,1776.199951171875,1793.0,103,1.66704608874213,1.0,0.0,0.0,0.0,0.0,0.0,0.0,0.08,278.919,4.1,24813.6,16849.8,1.58,1788.9857003348213,1782.1849853515625,12.730732891038143,-0.4773521149244231
2021-11-05,1794.9000244140625,1817.0999755859373,1794.9000244140625,1816.4000244140625,239,1.3050766544373982,1.0,0.0,0.0,0.0,0.0,0.0,0.0,0.08,278.919,4.1,24813.6,16849.8,1.58,1791.6285574776787,1785.1899841308593,16.307546787948773,1.8732487052194324
2021-11-08,1817.0,1827.4000244140625,1816.9000244140625,1827.4000244140625,261,0.6055934734722435,1.0,0.0,0.0,0.0,0.0,0.0,0.0,0.08,278.919,4.1,24813.6,16849.8,1.58,1795.3142787388392,1788.8299865722656,21.137223771635387,1.799345399555352
2021-11-09,1826.0999755859373,1832.699951171875,1820.699951171875,1830.199951171875,170,0.1532191485392076,1.0,0.0,0.0,0.0,0.0,0.0,0.0,0.08,278.919,4.1,24813.6,16849.8,1.58,1802.05712890625,1792.424981689453,23.901882262767913,2.320120821427385
2021-11-10,1825.800048828125,1865.0,1824.9000244140625,1847.5999755859373,795,0.9507171280887184,1.0,0.0,0.0,0.0,0.0,0.0,0.0,0.08,278.919,4.1,24813.6,16849.8,1.58,1809.55712890625,1795.1199829101563,29.039624525770765,4.7629848697458455
2021-11-11,1853.9000244140625,1866.5,1853.9000244140625,1863.199951171875,292,0.8443372911926206,1.0,0.0,0.0,0.0,0.0,0.0,0.0,0.08,278.919,4.1,24813.6,16849.8,1.58,1820.199986049107,1798.4449829101563,33.4400867623021,3.915223155151981
2021-11-12,1860.800048828125,1867.9000244140625,1847.5999755859373,1867.9000244140625,210,0.2522581239459143,0.0,0.0,0.0,0.0,0.0,0.0,0.0,0.08,278.919,4.1,24813.6,16849.8,1.58,1835.0999930245537,1803.4799865722657,26.542724792714232,2.8352785348928267
2021-11-15,1864.5,1866.9000244140625,1864.5,1866.0999755859373,87,-0.0963675145670528,0.0,0.0,0.0,0.0,0.0,0.0,0.0,0.08,278.919,4.1,24813.6,16849.8,1.58,1845.5428466796873,1808.5449829101562,21.0250429862083,2.1177602415915153
2021-11-16,1853.5999755859373,1853.5999755859373,1853.5999755859373,1853.5999755859373,1,-0.6698462120752757,1.0,0.0,0.0,0.0,0.0,0.0,0.0,0.08,278.919,4.1,24813.6,16849.8,1.58,1850.8571254185265,1812.7399841308593,16.68450839570952,1.2785501605482752
2021-11-17,1862.5999755859373,1869.699951171875,1862.5999755859373,1869.699951171875,2,0.8685787547471513,0.0,0.0,0.0,0.0,0.0,0.0,0.0,0.08,278.919,4.1,24813.6,16849.8,1.58,1856.899972098214,1817.0199829101562,14.25623515820913,1.1961450464367474
2021-11-18,1861.0,1861.0,1861.0,1861.0,9,-0.4653126918264139,0.0,0.0,0.0,0.0,0.0,0.0,0.0,0.08,278.919,4.1,24813.6,16849.8,1.58,1861.2999790736606,1821.0099853515626,8.03990181280816,-0.11807381008631657
2021-11-19,1851.199951171875,1851.199951171875,1851.199951171875,1851.199951171875,21,-0.5266012266590514,0.0,0.0,0.0,0.0,0.0,0.0,0.0,0.08,278.919,4.1,24813.6,16849.8,1.58,1861.8142613002233,1823.7949829101562,7.074710730845983,-0.8940560535313558
2021-11-22,1841.5999755859373,1841.5999755859373,1805.699951171875,1806.0,14,-2.441656890886468,0.0,0.0,0.0,0.0,0.0,0.0,0.0,0.08,278.919,4.1,24813.6,16849.8,1.58,1853.6428397042412,1823.7949829101562,22.15933175633952,-3.2206192793645227
2021-11-23,1795.5,1795.5,1783.5,1783.5,264,-1.2458471760797396,1.0,0.0,0.0,0.0,0.0,0.0,0.0,0.08,278.919,4.1,24813.6,16849.8,1.58,1841.585693359375,1823.3349853515624,33.27998172921018,-3.781828685219857
2021-11-24,1793.0,1793.0,1781.4000244140625,1784.0999755859375,188,0.0336403468425894,1.0,0.0,0.0,0.0,0.0,0.0,0.0,0.08,278.919,4.1,24813.6,16849.8,1.58,1829.8714076450892,1822.6449829101562,37.39079519001909,-4.578273403295851
2021-11-26,1791.0999755859375,1791.4000244140625,1785.300048828125,1785.300048828125,186800,0.0672649099607403,0.0,0.0,0.0,0.0,0.0,0.0,0.0,0.08,278.919,4.1,24813.6,16849.8,1.58,1820.1142752511162,1821.8299865722656,39.0418131666641,-4.067702910901394
2021-11-29,1791.699951171875,1798.9000244140625,1779.0999755859375,1782.300048828125,26926,-0.1680389804486481,0.0,0.0,0.0,0.0,0.0,0.0,0.0,0.08,278.919,4.1,24813.6,16849.8,1.58,1807.6285749162946,1821.794989013672,34.21867551873354,-3.7219049352358646
2021-11-30,1783.9000244140625,1808.0999755859373,1768.699951171875,1773.5999755859375,4903,-0.4881374069370614,1.0,0.0,0.0,0.0,0.0,0.0,0.0,0.08,278.919,4.1,24813.6,16849.8,1.58,1795.142857142857,1820.719989013672,26.594770927863355,-1.7940212853855164
2021-12-01,1774.800048828125,1790.5,1772.300048828125,1781.5999755859375,1128,0.4510599971877527,0.0,0.0,0.0,0.0,0.0,0.0,0.0,0.08,280.845,3.9,24813.6,16891.0,1.43,1785.2000034877233,1820.364990234375,9.938817187069356,-0.1065334686886743
2021-12-02,1780.9000244140625,1780.9000244140625,1760.5999755859375,1760.699951171875,1557,-1.173104215338172,1.0,0.0,0.0,0.0,0.0,0.0,0.0,0.08,280.845,3.9,24813.6,16891.0,1.43,1778.7285679408483,1820.219989013672,8.82361306169404,-1.3115870598214285
2021-12-03,1767.5,1785.0999755859375,1766.5,1782.0,694,1.209748930472121,0.0,0.0,0.0,0.0,0.0,0.0,0.0,0.08,280.845,3.9,24813.6,16891.0,1.43,1778.5142822265625,1819.669989013672,8.705852055046101,-0.1848456135029597
2021-12-06,1780.199951171875,1783.0,1777.199951171875,1777.5,381,-0.2525252525252486,1.0,0.0,0.0,0.0,0.0,0.0,0.0,0.08,280.845,3.9,24813.6,16891.0,1.43,1777.5714285714287,1817.7249877929687,8.35022102553041,-0.2693176623813187
2021-12-07,1779.5,1786.0999755859375,1772.300048828125,1782.5999755859375,308,0.2869184577179995,1.0,0.0,0.0,0.0,0.0,0.0,0.0,0.08,280.845,3.9,24813.6,16891.0,1.43,1777.1857038225446,1815.4849853515625,7.988224416632042,0.5074424968362301
2021-12-08,1789.9000244140625,1789.9000244140625,1779.0,1783.4000244140625,1383,0.0448810074656247,0.0,0.0,0.0,0.0,0.0,0.0,0.0,0.08,280.845,3.9,24813.6,16891.0,1.43,1777.3428431919642,1813.1449890136719,8.1154049199754,0.10103552159810292
2021-12-09,1783.5,1783.5,1771.800048828125,1774.5999755859375,455,-0.4934422287571904,1.0,0.0,0.0,0.0,0.0,0.0,0.0,0.08,280.845,3.9,24813.6,16891.0,1.43,1777.4857003348213,1809.4949890136718,8.047051113462366,0.7894601465065598
2021-12-10,1773.800048828125,1785.4000244140625,1769.0999755859375,1782.9000244140625,545,0.4677137914072427,1.0,0.0,0.0,0.0,0.0,0.0,0.0,0.08,280.845,3.9,24813.6,16891.0,1.43,1777.671421595982,1805.4799926757812,8.171866243615256,0.05050642054222898
2021-12-13,1784.4000244140625,1787.0999755859375,1783.800048828125,1786.300048828125,206,0.1907019107916463,0.0,0.0,0.0,0.0,0.0,0.0,0.0,0.08,280.845,3.9,24813.6,16891.0,1.43,1781.328578404018,1801.3999938964844,3.947049859203982,0.4950801028481111
2021-12-14,1787.0,1787.0,1769.0,1770.4000244140625,322,-0.8901093869696508,0.0,0.0,0.0,0.0,0.0,0.0,0.0,0.08,280.845,3.9,24813.6,16891.0,1.43,1779.6714390345983,1796.6149963378907,5.675017249170529,-0.6843908526288911
2021-12-15,1767.4000244140625,1778.699951171875,1753.9000244140625,1762.5999755859375,283,-0.4405811523136682,1.0,0.0,0.0,0.0,0.0,0.0,0.0,0.08,280.845,3.9,24813.6,16891.0,1.43,1777.5428641183037,1792.0649963378905,8.643290492710872,-1.1663142617124755
2021-12-16,1781.0,1798.0999755859375,1781.0,1796.5999755859375,21,1.928968595877656,1.0,0.0,0.0,0.0,0.0,0.0,0.0,0.08,280.845,3.9,24813.6,16891.0,1.43,1779.5428641183037,1788.4099975585937,11.23860863528101,1.2397160093917003
2021-12-17,1804.0,1812.9000244140625,1803.800048828125,1803.800048828125,654,0.4007610675737183,0.0,0.0,0.0,0.0,0.0,0.0,0.0,0.08,280.845,3.9,24813.6,16891.0,1.43,1782.4571533203125,1785.55,14.559760174139102,1.172248815293564
2021-12-20,1796.800048828125,1799.800048828125,1792.0,1793.699951171875,226,-0.5599344374567328,0.0,0.0,0.0,0.0,0.0,0.0,0.0,0.08,280.845,3.9,24813.6,16891.0,1.43,1785.1857212611608,1782.675,14.631412431804952,0.4142586430876838
2021-12-21,1791.4000244140625,1796.5,1787.9000244140625,1787.9000244140625,575,-0.3233498865862882,1.0,0.0,0.0,0.0,0.0,0.0,0.0,0.08,280.845,3.9,24813.6,16891.0,1.43,1785.9000069754463,1781.770001220703,14.623274721342062,0.98847716666699
2021-12-22,1786.0,1805.199951171875,1785.5,1801.5999755859373,567,0.7662593536998497,1.0,0.0,0.0,0.0,0.0,0.0,0.0,0.08,280.845,3.9,24813.6,16891.0,1.43,1788.0857107979912,1782.675,15.789916898358268,2.2126404482125883
2021-12-23,1806.0,1811.199951171875,1800.800048828125,1811.199951171875,193,0.5328583323728875,0.0,0.0,0.0,0.0,0.0,0.0,0.0,0.08,280.845,3.9,24813.6,16891.0,1.43,1793.914271763393,1784.0299987792969,15.703548424064136,0.8126447614570376
2021-12-27,1810.0,1812.0999755859373,1807.0,1808.0999755859373,150,-0.1711559004808904,1.0,0.0,0.0,0.0,0.0,0.0,0.0,0.08,280.845,3.9,24813.6,16891.0,1.43,1800.414271763393,1785.1699951171875,8.210842897181363,0.23838156344466732
2021-12-28,1812.0,1818.0,1805.5,1810.199951171875,146,0.116142669890662,0.0,0.0,0.0,0.0,0.0,0.0,0.0,0.08,280.845,3.9,24813.6,16891.0,1.43,1802.3571254185267,1786.564990234375,8.749243304162002,0.9198862936479424
2021-12-29,1803.199951171875,1805.0999755859373,1791.4000244140625,1805.0999755859373,623,-0.2817354835655705,1.0,0.0,0.0,0.0,0.0,0.0,0.0,0.08,280.845,3.9,24813.6,16891.0,1.43,1802.5428292410713,1788.139990234375,8.798630083517605,0.9620197403102271
2021-12-30,1801.699951171875,1816.0,1796.0,1812.699951171875,306,0.4210279590453503,1.0,0.0,0.0,0.0,0.0,0.0,0.0,0.08,280.845,3.9,24813.6,16891.0,1.43,1805.257114955357,1789.6949890136718,8.542975212405072,0.6161176585455674
2021-12-31,1825.0999755859373,1827.800048828125,1821.4000244140625,1827.5,80,0.8164643474810607,0.0,0.0,0.0,0.0,0.0,0.0,0.0,0.08,280.845,3.9,24813.6,16891.0,1.43,1810.9142543247767,1793.0349914550782,8.239633032017231,0.8999585505497842
2022-01-03,1830.0999755859373,1830.0999755859373,1798.800048828125,1799.4000244140625,116,-1.5376183631156004,1.0,0.0,0.0,0.0,0.0,0.0,0.0,0.08,282.543,4.0,25250.347,16993.8,1.43,1810.5999755859375,1793.9049926757812,8.684081405518576,-0.4811653829626006
2022-01-04,1800.5,1815.300048828125,1800.0,1814.0,38,0.8113802038371976,1.0,0.0,0.0,0.0,0.0,0.0,0.0,0.08,282.543,4.0,25250.347,16993.8,1.43,1810.9999825613838,1795.7299926757812,8.78027880532751,0.20992425868009423
2022-01-05,1813.0999755859373,1824.5999755859373,1813.0999755859373,1824.5999755859373,8,0.5843426453107758,0.0,0.0,0.0,0.0,0.0,0.0,0.0,0.08,282.543,4.0,25250.347,16993.8,1.43,1813.3571254185267,1797.8299926757813,10.001805570854929,1.0802725756876796
2022-01-06,1787.0999755859375,1791.300048828125,1787.0999755859375,1788.699951171875,30,-1.967555896877271,1.0,0.0,0.0,0.0,0.0,0.0,0.0,0.08,282.543,4.0,25250.347,16993.8,1.43,1810.2856968470983,1798.094989013672,13.736747955656604,-1.3239918710476362
2022-01-07,1791.800048828125,1797.0,1784.4000244140625,1797.0,17,0.4640268940963032,1.0,0.0,0.0,0.0,0.0,0.0,0.0,0.08,282.543,4.0,25250.347,16993.8,1.43,1809.1285574776787,1799.214990234375,14.562707517583663,-1.6689466484268167
2022-01-10,1794.9000244140625,1798.699951171875,1790.4000244140625,1798.4000244140625,534,0.0779089824186174,1.0,0.0,0.0,0.0,0.0,0.0,0.0,0.08,282.543,4.0,25250.347,16993.8,1.43,1807.0857107979912,1799.989990234375,14.975361500017883,-0.05557407949494664
2022-01-11,1803.9000244140625,1822.5,1803.0,1818.5999755859373,743,1.1232179102341977,1.0,0.0,0.0,0.0,0.0,0.0,0.0,0.08,282.543,4.0,25250.347,16993.8,1.43,1805.8142787388392,1801.6049865722657,13.229311055088429,0.25358189558639666
2022-01-12,1819.0,1827.199951171875,1816.9000244140625,1827.199951171875,1547,0.4728898988996644,0.0,0.0,0.0,0.0,0.0,0.0,0.0,0.08,282.543,4.0,25250.347,16993.8,1.43,1809.7856968470983,1804.4449829101563,15.032671199145174,0.14249564949724292
2022-01-13,1819.800048828125,1823.0,1815.4000244140625,1821.199951171875,40,-0.3283712872338862,0.0,0.0,0.0,0.0,0.0,0.0,0.0,0.08,282.543,4.0,25250.347,16993.8,1.43,1810.8142613002233,1807.374981689453,15.604521017834099,1.8169620890696292
2022-01-14,1821.5,1822.0,1816.5,1816.5,816,-0.2580689269649272,0.0,0.0,0.0,0.0,0.0,0.0,0.0,0.08,282.543,4.0,25250.347,16993.8,1.43,1809.6571219308037,1808.3699829101563,14.685113566290678,1.085141903171949
2022-01-18,1816.800048828125,1820.0999755859373,1812.300048828125,1812.300048828125,900,-0.2312111847990627,1.0,0.0,0.0,0.0,0.0,0.0,0.0,0.08,282.543,4.0,25250.347,16993.8,1.43,1813.028564453125,1808.7949829101562,11.417319054296463,0.7729105997199559
2022-01-19,1817.4000244140625,1843.0999755859373,1817.4000244140625,1843.0999755859373,4,1.6994937884445838,0.0,0.0,0.0,0.0,0.0,0.0,0.0,0.08,282.543,4.0,25250.347,16993.8,1.43,1819.6142752511162,1811.2649841308594,13.698569441203299,1.347190164351919
2022-01-20,1840.5999755859373,1843.0,1838.199951171875,1842.5,20,-0.0325525253043634,0.0,0.0,0.0,0.0,0.0,0.0,0.0,0.08,282.543,4.0,25250.347,16993.8,1.43,1825.914271763393,1813.9949829101563,12.394804655810145,0.8373494547387894
2022-01-21,1838.0,1842.4000244140625,1828.9000244140625,1831.800048828125,19,-0.5807300500339174,1.0,0.0,0.0,0.0,0.0,0.0,0.0,0.08,282.543,4.0,25250.347,16993.8,1.43,1827.7999965122767,1815.5049865722656,12.097099053206007,0.582039201649942
2022-01-24,1837.9000244140625,1842.0999755859373,1837.9000244140625,1841.699951171875,8,0.5404466688426757,1.0,0.0,0.0,0.0,0.0,0.0,0.0,0.08,282.543,4.0,25250.347,16993.8,1.43,1829.8714250837054,1817.0299865722657,13.17100226419825,1.387280548960912
2022-01-25,1843.0,1852.699951171875,1842.0,1852.699951171875,11,0.5972742733147518,0.0,0.0,0.0,0.0,0.0,0.0,0.0,0.08,282.543,4.0,25250.347,16993.8,1.43,1834.3714250837054,1819.2599853515626,14.97246888690351,2.229206050613608
2022-01-26,1829.9000244140625,1829.9000244140625,1829.9000244140625,1829.9000244140625,55,-1.2306324477091457,0.0,0.0,0.0,0.0,0.0,0.0,0.0,0.08,282.543,4.0,25250.347,16993.8,1.43,1836.2857142857142,1820.2449890136718,13.038424079103326,-0.7161820490870774
2022-01-27,1793.300048828125,1793.300048828125,1793.300048828125,1793.300048828125,196036,-2.000107934730311,0.0,0.0,0.0,0.0,0.0,0.0,0.0,0.08,282.543,4.0,25250.347,16993.8,1.43,1833.5714285714287,1819.6549926757812,19.325660288919085,-2.670282288839887
2022-01-28,1797.5,1798.4000244140625,1778.800048828125,1784.9000244140625,28521,-0.4684115421483281,1.0,0.0,0.0,0.0,0.0,0.0,0.0,0.08,282.543,4.0,25250.347,16993.8,1.43,1825.2571498325892,1818.2649963378906,25.932954039948324,-2.5603244439296957
2022-01-31,1788.5,1798.5,1785.0999755859375,1795.0,1735,0.5658566557111833,1.0,0.0,0.0,0.0,0.0,0.0,0.0,0.08,282.543,4.0,25250.347,16993.8,1.43,1818.471435546875,1816.6399963378906,26.866852057734107,-2.5356981272741996
2022-02-01,1797.199951171875,1806.0999755859373,1797.0999755859375,1800.300048828125,223,0.2952673441852349,1.0,0.0,0.0,0.0,0.0,0.0,0.0,0.08,284.5,3.9,25250.347,17106.0,1.81,1813.971435546875,1816.6849975585938,26.90032156014219,-2.828299439993287
2022-02-02,1797.800048828125,1810.0999755859373,1795.0999755859375,1809.199951171875,1690,0.4943566129181231,0.0,0.0,0.0,0.0,0.0,0.0,0.0,0.08,284.5,3.9,25250.347,17106.0,1.81,1809.328578404018,1816.4449951171875,23.96096626970094,-1.1312133431341853
2022-02-03,1805.800048828125,1808.0999755859373,1787.9000244140625,1803.0,466,-0.3426902133099818,1.0,0.0,0.0,0.0,0.0,0.0,0.0,0.08,284.5,3.9,25250.347,17106.0,1.81,1802.2285853794642,1815.3649963378907,14.438796404553829,0.5408995097174962
2022-02-04,1806.0,1813.699951171875,1792.5,1806.5999755859373,571,0.1996658672178242,1.0,0.0,0.0,0.0,0.0,0.0,0.0,0.08,284.5,3.9,25250.347,17106.0,1.81,1798.900006975446,1816.2599975585938,8.433242994471948,1.2157516317474526
2022-02-07,1812.199951171875,1821.300048828125,1809.0999755859373,1820.5999755859373,601,0.7749363549869104,1.0,0.0,0.0,0.0,0.0,0.0,0.0,0.08,284.5,3.9,25250.347,17106.0,1.81,1802.7999965122767,1817.4399963378905,11.252978880839178,1.4261824838962323
2022-02-08,1818.9000244140625,1827.5999755859373,1815.0,1826.5999755859373,108,0.3295616873810525,1.0,0.0,0.0,0.0,0.0,0.0,0.0,0.08,284.5,3.9,25250.347,17106.0,1.81,1808.7571323939733,1818.8499938964844,11.235323237855008,1.4608635252180147
2022-02-09,1825.4000244140625,1835.199951171875,1825.300048828125,1835.199951171875,683,0.4708187726313317,1.0,0.0,0.0,0.0,0.0,0.0,0.0,0.08,284.5,3.9,25250.347,17106.0,1.81,1814.4999825613838,1819.6799926757812,13.143417911974183,1.4370993091813222
2022-02-10,1833.300048828125,1842.0999755859373,1820.800048828125,1836.199951171875,365,0.0544899752946026,1.0,0.0,0.0,0.0,0.0,0.0,0.0,0.08,284.5,3.9,25250.347,17106.0,1.81,1819.6285400390625,1820.1299926757813,13.672554098796962,1.8413727771422694
2022-02-11,1822.0,1864.800048828125,1822.0,1840.800048828125,181,0.2505226978856134,1.0,0.0,0.0,0.0,0.0,0.0,0.0,0.08,284.5,3.9,25250.347,17106.0,1.81,1824.1428397042412,1821.1099975585937,14.823727724397674,1.8930628641847358
2022-02-14,1861.800048828125,1870.5999755859373,1854.5999755859373,1868.0,79,1.4776157350273156,0.0,0.0,0.0,0.0,0.0,0.0,0.0,0.08,284.5,3.9,25250.347,17106.0,1.81,1833.4285539899554,1823.6849975585938,19.11071615507754,2.603538671300254
2022-02-15,1872.5999755859373,1879.699951171875,1847.4000244140625,1854.800048828125,86,-0.7066355017063652,1.0,0.0,0.0,0.0,0.0,0.0,0.0,0.08,284.5,3.9,25250.347,17106.0,1.81,1840.3142787388392,1825.8099975585938,16.31151212577197,1.5438559957902998
2022-02-16,1858.699951171875,1870.199951171875,1856.300048828125,1870.199951171875,34,0.8302729101975048,1.0,0.0,0.0,0.0,0.0,0.0,0.0,0.08,284.5,3.9,25250.347,17106.0,1.81,1847.3999895368304,1827.1649963378907,17.075524161578983,1.9071491353108705
2022-02-17,1876.300048828125,1900.699951171875,1876.199951171875,1900.699951171875,393,1.6308416637958123,0.0,0.0,0.0,0.0,0.0,0.0,0.0,0.08,284.5,3.9,25250.347,17106.0,1.81,1857.9857003348213,1830.0749938964843,23.711057795203473,3.512689342946329
2022-02-18,1899.4000244140625,1899.4000244140625,1890.699951171875,1898.5999755859373,51,-0.1104843289254087,1.0,0.0,0.0,0.0,0.0,0.0,0.0,0.08,284.5,3.9,25250.347,17106.0,1.81,1867.0428466796875,1833.414990234375,25.590985588924504,3.139935094776236
2022-02-22,1908.0999755859373,1912.0,1890.800048828125,1906.0999755859373,173,0.3950279203856821,1.0,0.0,0.0,0.0,0.0,0.0,0.0,0.08,284.5,3.9,25250.347,17106.0,1.81,1877.028564453125,1836.6349914550779,25.18453381016989,2.0396132540651646
2022-02-23,1896.5999755859373,1910.5999755859373,1895.699951171875,1909.199951171875,73,0.1626344696313619,1.0,0.0,0.0,0.0,0.0,0.0,0.0,0.08,284.5,3.9,25250.347,17106.0,1.81,1886.7999790736608,1839.4599914550777,21.831527021813542,2.9329254319418574
2022-02-24,1911.9000244140625,1972.5,1911.699951171875,1925.0999755859373,2706,0.8328108537978274,0.0,0.0,0.0,0.0,0.0,0.0,0.0,0.08,284.5,3.9,25250.347,17106.0,1.81,1894.9571184430804,1844.2199890136715,24.177715267887983,2.9355163002577234
2022-02-25,1906.9000244140625,1920.0,1883.5999755859373,1886.5,586,-2.0050894018732057,1.0,0.0,0.0,0.0,0.0,0.0,0.0,0.08,284.5,3.9,25250.347,17106.0,1.81,1899.4856828962054,1848.8799865722654,17.429614805972886,-0.747090626435809
2022-02-28,1928.300048828125,1928.4000244140625,1894.199951171875,1899.4000244140625,390,0.6838072840743337,1.0,0.0,0.0,0.0,0.0,0.0,0.0,0.08,284.5,3.9,25250.347,17106.0,1.81,1903.6571219308037,1854.6049865722653,11.855348744470062,0.04213888330417692
2022-03-01,1908.300048828125,1942.4000244140625,1903.800048828125,1942.4000244140625,547,2.2638727728386154,0.0,0.0,0.0,0.0,0.0,0.0,0.0,0.2,287.674,3.7,25250.347,17347.2,1.72,1909.6142752511162,1861.9749877929685,18.650959167810086,1.9044147365337771
2022-03-02,1945.5999755859373,1948.199951171875,1919.800048828125,1920.9000244140625,109,-1.1068780750497331,1.0,0.0,0.0,0.0,0.0,0.0,0.0,0.2,287.674,3.7,25250.347,17347.2,1.72,1912.7999965122767,1868.0049865722654,18.35829178987803,0.6128259763994892
2022-03-03,1930.5,1940.300048828125,1924.800048828125,1934.4000244140625,122,0.7027955556467846,1.0,0.0,0.0,0.0,0.0,0.0,0.0,0.2,287.674,3.7,25250.347,17347.2,1.72,1916.8428606305804,1874.2649902343746,19.70371765955549,0.4830943299604318
2022-03-04,1937.0,1970.9000244140625,1935.5999755859373,1965.0999755859373,47,1.5870528734703626,1.0,0.0,0.0,0.0,0.0,0.0,0.0,0.2,287.674,3.7,25250.347,17347.2,1.72,1924.828578404018,1882.3699890136716,26.310176098379504,4.1664445049529375
2022-03-07,1989.0,2001.0999755859373,1963.0,1993.9000244140625,2516,1.4655767740029635,1.0,0.0,0.0,0.0,0.0,0.0,0.0,0.2,287.674,3.7,25250.347,17347.2,1.72,1934.6571568080358,1891.7349914550778,37.07635482205848,4.975255279843016
2022-03-08,1999.4000244140625,2072.0,1998.0,2040.0999755859373,1813,2.3170645772699228,0.0,0.0,0.0,0.0,0.0,0.0,0.0,0.2,287.674,3.7,25250.347,17347.2,1.72,1956.6000104631696,1902.7099914550777,47.74339573111699,5.029857390026882
2022-03-09,2053.60009765625,2063.0,1980.800048828125,1985.9000244140625,1022,-2.656730151487208,1.0,0.0,0.0,0.0,0.0,0.0,0.0,0.2,287.674,3.7,25250.347,17347.2,1.72,1968.9571533203125,1910.674993896484,41.21963644508479,3.383830453114145
2022-03-10,1978.0999755859373,2010.5,1978.0999755859373,1998.0999755859373,670,0.614328567495459,0.0,0.0,0.0,0.0,0.0,0.0,0.0,0.2,287.674,3.7,25250.347,17347.2,1.72,1976.9142892020086,1918.819995117187,40.61026447786708,3.2930081869271044
2022-03-11,1985.0,1996.0,1959.9000244140625,1982.699951171875,865,-0.7707334268670096,0.0,0.0,0.0,0.0,0.0,0.0,0.0,0.2,287.674,3.7,25250.347,17347.2,1.72,1985.7428501674106,1926.1449951171871,32.263067351153744,0.8956274899291072
2022-03-14,1976.5,1977.699951171875,1959.5999755859373,1959.5999755859373,145,-1.1650767213810864,0.0,0.0,0.0,0.0,0.0,0.0,0.0,0.2,287.674,3.7,25250.347,17347.2,1.72,1989.342843191964,1932.0849914550777,26.464056051043453,-1.7202491804073738
2022-03-15,1939.800048828125,1939.9000244140625,1910.699951171875,1928.5,71,-1.5870573572873248,0.0,0.0,0.0,0.0,0.0,0.0,0.0,0.2,287.674,3.7,25250.347,17347.2,1.72,1984.1142752511157,1935.1099914550778,34.4597520182865,-5.470318951103592
2022-03-16,1922.4000244140625,1922.4000244140625,1907.199951171875,1908.0,104,-1.0630023334197602,1.0,0.0,0.0,0.0,0.0,0.0,0.0,0.2,287.674,3.7,25250.347,17347.2,1.72,1971.842843191964,1937.7699890136714,44.28760690422099,-3.9226558968922354
2022-03-17,1933.9000244140625,1947.199951171875,1933.9000244140625,1942.0999755859373,39,1.787210460478894,0.0,0.0,0.0,0.0,0.0,0.0,0.0,0.2,287.674,3.7,25250.347,17347.2,1.72,1957.8428431919642,1941.3649902343745,33.2213656216353,-2.802662563647651
2022-03-18,1934.5,1939.300048828125,1928.199951171875,1928.199951171875,28,-0.7157213628957826,1.0,0.0,0.0,0.0,0.0,0.0,0.0,0.2,287.674,3.7,25250.347,17347.2,1.72,1949.5999755859375,1942.7399902343745,32.2434395580194,-2.74877698805549
2022-03-21,1925.4000244140625,1928.5999755859373,1925.0,1928.5999755859373,5,0.020746002706784,0.0,0.0,0.0,0.0,0.0,0.0,0.0,0.2,287.674,3.7,25250.347,17347.2,1.72,1939.6714041573662,1944.239990234375,24.61893124171004,-1.5819555208317793
2022-03-22,1920.699951171875,1920.699951171875,1920.699951171875,1920.699951171875,26,-0.4096248322134399,1.0,0.0,0.0,0.0,0.0,0.0,0.0,0.2,287.674,3.7,25250.347,17347.2,1.72,1930.8142613002233,1944.969989013672,16.308831789158248,-0.4044619563456031
2022-03-23,1936.5999755859373,1936.5999755859373,1936.5999755859373,1936.5999755859373,204,0.827824481609496,1.0,0.0,0.0,0.0,0.0,0.0,0.0,0.2,287.674,3.7,25250.347,17347.2,1.72,1927.5285470145088,1946.339990234375,10.993586617115229,1.4989505024076033
2022-03-24,1963.5999755859373,1964.0,1961.5999755859373,1961.5999755859373,8,1.290922251118798,0.0,0.0,0.0,0.0,0.0,0.0,0.0,0.2,287.674,3.7,25250.347,17347.2,1.72,1932.257114955357,1948.164990234375,16.97329628585483,1.0040677743233584
2022-03-25,1953.800048828125,1953.800048828125,1953.800048828125,1953.800048828125,83,-0.3976308551636442,0.0,0.0,0.0,0.0,0.0,0.0,0.0,0.2,287.674,3.7,25250.347,17347.2,1.72,1938.7999790736608,1951.5299926757812,14.745528127986264,1.3276682037405507
2022-03-28,1932.5999755859373,1939.5999755859373,1932.5999755859373,1939.5999755859373,7,-0.7267925523241181,0.0,0.0,0.0,0.0,0.0,0.0,0.0,0.2,287.674,3.7,25250.347,17347.2,1.72,1938.442836216518,1953.539990234375,14.682420094198628,0.5703619277843242
2022-03-29,1893.5,1912.0,1893.5,1912.0,128051,-1.4229725682276095,1.0,0.0,0.0,0.0,0.0,0.0,0.0,0.2,287.674,3.7,25250.347,17347.2,1.72,1936.1285574776787,1952.0199890136719,17.560639934731366,-0.4529573276954024
2022-03-30,1918.4000244140625,1937.0,1914.5,1933.5,17765,1.124476987447709,1.0,0.0,0.0,0.0,0.0,0.0,0.0,0.2,287.674,3.7,25250.347,17347.2,1.72,1936.8285609654017,1952.6499877929687,17.3063388408059,-0.16007309847245743
2022-03-31,1933.5,1949.9000244140625,1919.0999755859373,1949.199951171875,3617,0.8119964402314439,0.0,0.0,0.0,0.0,0.0,0.0,0.0,0.2,287.674,3.7,25250.347,17347.2,1.72,1940.8999895368304,1953.3899841308594,16.196397294460052,-0.6321382834621136
2022-04-01,1935.0,1938.0,1917.0,1919.0999755859373,1016,-1.5442220572518206,1.0,0.0,0.0,0.0,0.0,0.0,0.0,0.33,288.561,3.7,25861.292,17490.0,2.39,1938.3999895368304,1951.0899841308594,18.197711395489783,-1.7760299096624799
2022-04-04,1921.199951171875,1936.0999755859373,1915.5999755859373,1929.199951171875,371,0.5262870988706148,0.0,0.0,0.0,0.0,0.0,0.0,0.0,0.33,288.561,3.7,25861.292,17490.0,2.39,1933.7714146205358,1947.85498046875,15.184288004100923,-0.5361942949561271
2022-04-05,1927.0999755859373,1943.5,1918.4000244140625,1922.9000244140625,412,-0.3265564439800861,0.0,0.0,0.0,0.0,0.0,0.0,0.0,0.33,288.561,3.7,25861.292,17490.0,2.39,1929.3571254185267,1941.9949829101563,12.675533557712075,0.570084958894479
2022-04-06,1916.699951171875,1931.800048828125,1916.699951171875,1918.4000244140625,138,-0.2340215270095091,1.0,0.0,0.0,0.0,0.0,0.0,0.0,0.33,288.561,3.7,25861.292,17490.0,2.39,1926.3285609654017,1938.6199829101563,12.348762219881412,-0.7809658953161325
2022-04-07,1919.5,1934.800048828125,1919.5,1933.800048828125,311,0.8027535559882004,1.0,0.0,0.0,0.0,0.0,0.0,0.0,0.33,288.561,3.7,25861.292,17490.0,2.39,1929.4428536551338,1935.4049865722657,10.782511372753465,-0.7900627298134011
2022-04-08,1928.800048828125,1947.699951171875,1928.800048828125,1941.5999755859373,153,0.403347117637054,1.0,0.0,0.0,0.0,0.0,0.0,0.0,0.33,288.561,3.7,25861.292,17490.0,2.39,1930.5999930245532,1933.3499877929687,11.687155952556573,1.1724245889342066
2022-04-11,1946.5999755859373,1968.4000244140625,1941.800048828125,1944.300048828125,163,0.1390643426111948,1.0,0.0,0.0,0.0,0.0,0.0,0.0,0.33,288.561,3.7,25861.292,17490.0,2.39,1929.900006975446,1932.5849914550781,10.470919318223894,0.7827129399976096
2022-04-12,1952.5,1977.0999755859373,1950.5999755859373,1972.0999755859373,246,1.429816698022912,1.0,0.0,0.0,0.0,0.0,0.0,0.0,0.33,288.561,3.7,25861.292,17490.0,2.39,1937.471435546875,1934.764990234375,17.89204602907293,2.5586328226745225
2022-04-13,1969.5,1981.0,1969.5,1981.0,204,0.4512968168065789,0.0,0.0,0.0,0.0,0.0,0.0,0.0,0.33,288.561,3.7,25861.292,17490.0,2.39,1944.8714425223213,1938.414990234375,23.677519625044276,3.2631346324683896
2022-04-14,1977.199951171875,1978.699951171875,1963.0,1970.9000244140625,101,-0.5098422809660552,1.0,0.0,0.0,0.0,0.0,0.0,0.0,0.33,288.561,3.7,25861.292,17490.0,2.39,1951.7285853794642,1939.8549926757812,23.199678941853172,1.918501119514393
2022-04-18,1973.4000244140625,1997.0999755859373,1972.800048828125,1982.9000244140625,196,0.6088588894085367,0.0,0.0,0.0,0.0,0.0,0.0,0.0,0.33,288.561,3.7,25861.292,17490.0,2.39,1960.94287109375,1942.5899963378906,20.395648330473556,2.127114202072522
2022-04-19,1973.800048828125,1978.300048828125,1945.699951171875,1955.699951171875,130,-1.371731953567601,0.0,0.0,0.0,0.0,0.0,0.0,0.0,0.33,288.561,3.7,25861.292,17490.0,2.39,1964.0714285714287,1943.9449951171875,16.92205233045526,0.5863242327551754
2022-04-20,1945.5,1953.5999755859373,1945.5,1952.300048828125,621,-0.1738458060354664,0.0,0.0,0.0,0.0,0.0,0.0,0.0,0.33,288.561,3.7,25861.292,17490.0,2.39,1965.6000104631696,1945.525,14.918547594809604,-1.0040021805653887
2022-04-21,1942.5,1944.9000244140625,1942.5,1944.9000244140625,4,-0.3790413475891929,0.0,0.0,0.0,0.0,0.0,0.0,0.0,0.33,288.561,3.7,25861.292,17490.0,2.39,1965.6857212611608,1945.9400024414062,14.77682874426608,-1.8223107312436926
2022-04-22,1949.5999755859373,1950.4000244140625,1930.199951171875,1931.0,178,-0.7146909475848284,0.0,0.0,0.0,0.0,0.0,0.0,0.0,0.33,288.561,3.7,25861.292,17490.0,2.39,1959.8142961774554,1944.4100036621094,19.281982866972395,-2.0244570460099642
2022-04-25,1925.0,1925.0,1889.300048828125,1893.199951171875,748,-1.957537484625837,1.0,0.0,0.0,0.0,0.0,0.0,0.0,0.33,288.561,3.7,25861.292,17490.0,2.39,1947.2714320591517,1941.3799987792968,29.206568929288483,-4.523681080123721
2022-04-26,1900.5,1909.0999755859373,1894.0,1901.4000244140625,302,0.4331329734670541,0.0,0.0,0.0,0.0,0.0,0.0,0.0,0.33,288.561,3.7,25861.292,17490.0,2.39,1937.3428606305804,1939.4700012207031,31.554138556110768,-2.7764957873663287
2022-04-27,1897.800048828125,1900.5999755859373,1882.199951171875,1885.9000244140625,1786,-0.815188797779498,1.0,0.0,0.0,0.0,0.0,0.0,0.0,0.33,288.561,3.7,25861.292,17490.0,2.39,1923.4857177734375,1938.1650024414062,29.44132393131313,-3.4011177971295603
2022-04-28,1883.800048828125,1893.0,1872.9000244140625,1888.699951171875,513,0.1484663408221953,1.0,0.0,0.0,0.0,0.0,0.0,0.0,0.33,288.561,3.7,25861.292,17490.0,2.39,1913.9142892020088,1935.925,28.08248665181072,-2.8896124498285602
2022-04-29,1902.699951171875,1918.199951171875,1902.4000244140625,1909.300048828125,132,1.0907025037761198,0.0,0.0,0.0,0.0,0.0,0.0,0.0,0.33,288.561,3.7,25861.292,17490.0,2.39,1907.7714320591517,1933.9300048828125,22.418140549957734,-1.1237675386781443
2022-05-02,1896.699951171875,1896.800048828125,1853.0,1861.800048828125,385,-2.4878226986457253,1.0,0.0,0.0,0.0,0.0,0.0,0.0,0.77,291.298,3.6,25861.292,17574.5,2.39,1895.9000069754463,1931.065008544922,21.462209911052998,-1.6585623892665824
2022-05-03,1868.800048828125,1868.800048828125,1868.800048828125,1868.800048828125,466,0.375980224321415,0.0,0.0,0.0,0.0,0.0,0.0,0.0,0.77,291.298,3.6,25861.292,17574.5,2.39,1887.0142996651787,1928.0450134277344,16.89904526905431,-1.7145248326155604
2022-05-04,1867.0,1867.0,1867.0,1867.0,1,-0.0963211034403443,1.0,0.0,0.0,0.0,0.0,0.0,0.0,0.77,291.298,3.6,25861.292,17574.5,2.39,1883.271449497768,1925.2500122070312,18.155411502399513,-1.0021753098992892
2022-05-05,1897.0,1904.300048828125,1874.0,1874.0,80,0.3749330476700674,1.0,0.0,0.0,0.0,0.0,0.0,0.0,0.77,291.298,3.6,25861.292,17574.5,2.39,1879.3571602957588,1923.030010986328,16.47106922517978,-0.7783105602747642
2022-05-06,1874.699951171875,1890.300048828125,1871.5,1881.199951171875,214,0.3842023037286646,0.0,0.0,0.0,0.0,0.0,0.0,0.0,0.77,291.298,3.6,25861.292,17574.5,2.39,1878.6857212611608,1920.4000061035156,16.25426981455553,-1.4717486480711583
2022-05-09,1866.5999755859373,1867.5,1854.0,1857.0999755859373,304,-1.281095907477825,0.0,0.0,0.0,0.0,0.0,0.0,0.0,0.77,291.298,3.6,25861.292,17574.5,2.39,1874.1714390345983,1916.1750061035157,17.35999294704936,-0.25244779884640023
2022-05-10,1839.9000244140625,1839.9000244140625,1839.9000244140625,1839.9000244140625,1540,-0.9261726023364948,1.0,0.0,0.0,0.0,0.0,0.0,0.0,0.77,291.298,3.6,25861.292,17574.5,2.39,1864.2571498325892,1910.9550048828125,13.295831753654815,-1.5464481838056932
2022-05-11,1841.5,1852.5999755859373,1841.0,1852.5999755859373,892,0.6902522421520896,0.0,0.0,0.0,0.0,0.0,0.0,0.0,0.77,291.298,3.6,25861.292,17574.5,2.39,1862.9428536551338,1904.9800048828124,14.01449010313452,-0.7712921485839686
2022-05-12,1849.800048828125,1851.9000244140625,1822.199951171875,1823.800048828125,153,-1.5545680199365974,0.0,0.0,0.0,0.0,0.0,0.0,0.0,0.77,291.298,3.6,25861.292,17574.5,2.39,1856.5142822265625,1897.1200073242187,19.945769464768897,-2.6787594008471194
2022-05-13,1825.0,1825.0,1807.4000244140625,1807.4000244140625,335,-0.8992227204183023,1.0,0.0,0.0,0.0,0.0,0.0,0.0,0.77,291.298,3.6,25861.292,17574.5,2.39,1848.0,1888.9450073242188,26.400162081774855,-3.923024063010394
2022-05-16,1790.5,1813.5,1787.0,1813.5,34,0.3375000278599049,1.0,0.0,0.0,0.0,0.0,0.0,0.0,0.77,291.298,3.6,25861.292,17574.5,2.39,1839.357142857143,1880.4750061035156,26.37286639244039,-2.347745202687912
2022-05-17,1824.9000244140625,1828.5999755859373,1816.699951171875,1818.199951171875,121,0.2591646634615419,0.0,0.0,0.0,0.0,0.0,0.0,0.0,0.77,291.298,3.6,25861.292,17574.5,2.39,1830.357142857143,1873.6000061035156,19.591557037258223,-1.1794158896811902
2022-05-18,1815.0,1819.699951171875,1805.0,1815.9000244140625,311,-0.1264947101296654,1.0,0.0,0.0,0.0,0.0,0.0,0.0,0.77,291.298,3.6,25861.292,17574.5,2.39,1824.471435546875,1866.7800048828126,16.095097392202323,-1.9809970665830012
2022-05-19,1810.9000244140625,1841.199951171875,1810.699951171875,1841.199951171875,138,1.3932444747874362,1.0,0.0,0.0,0.0,0.0,0.0,0.0,0.77,291.298,3.6,25861.292,17574.5,2.39,1824.6571393694196,1861.5950012207031,16.30885975782326,0.9540465992930569
2022-05-20,1839.0999755859373,1841.800048828125,1836.300048828125,1841.800048828125,110,0.0325927477821119,1.0,0.0,0.0,0.0,0.0,0.0,0.0,0.77,291.298,3.6,25861.292,17574.5,2.39,1823.114292689732,1857.1350036621093,13.492516798514451,1.9032878139533471
2022-05-23,1846.300048828125,1863.0,1845.800048828125,1847.800048828125,216,0.3257682615340096,1.0,0.0,0.0,0.0,0.0,0.0,0.0,0.77,291.298,3.6,25861.292,17574.5,2.39,1826.5428641183037,1854.865008544922,16.426191675219506,1.8913729709470584
2022-05-24,1852.5,1867.0,1852.5,1865.0999755859373,33,0.9362445232526052,0.0,0.0,0.0,0.0,0.0,0.0,0.0,0.77,291.298,3.6,25861.292,17574.5,2.39,1834.7857142857142,1853.0500061035157,19.42296372130546,2.5794756172902833
2022-05-25,1846.199951171875,1846.199951171875,1846.199951171875,1846.199951171875,0,-1.0133518128498498,1.0,0.0,0.0,0.0,0.0,0.0,0.0,0.77,291.298,3.6,25861.292,17574.5,2.39,1839.4571358816963,1851.0650024414062,17.262469074379084,1.6685900297616518
2022-05-26,1840.4000244140625,1847.4000244140625,1840.4000244140625,1847.4000244140625,123355,0.0650023439457747,1.0,0.0,0.0,0.0,0.0,0.0,0.0,0.77,291.298,3.6,25861.292,17574.5,2.39,1843.6285749162946,1849.0000061035157,14.590934870539234,0.3367408976000297
2022-05-27,1848.300048828125,1860.699951171875,1845.9000244140625,1851.300048828125,30091,0.2111088211823153,0.0,0.0,0.0,0.0,0.0,0.0,0.0,0.77,291.298,3.6,25861.292,17574.5,2.39,1848.6857212611608,1846.1000061035156,8.044958849379086,0.5157997474288578
2022-05-31,1850.300048828125,1862.0999755859373,1832.800048828125,1842.699951171875,4073,-0.4645436952099624,1.0,0.0,0.0,0.0,0.0,0.0,0.0,0.77,291.298,3.6,25861.292,17574.5,2.39,1848.9000069754463,1845.145001220703,7.829425675934879,-0.2760091742331383
2022-06-01,1831.0,1847.9000244140625,1825.300048828125,1843.300048828125,1623,0.03256621653831,1.0,0.0,0.0,0.0,0.0,0.0,0.0,1.21,294.957,3.6,25861.292,17755.2,2.94,1849.114292689732,1843.8700012207032,7.620456411052838,-1.168834220319137
2022-06-02,1845.4000244140625,1868.699951171875,1842.0999755859373,1866.5,551,1.2586095891780724,0.0,0.0,0.0,0.0,0.0,0.0,0.0,1.21,294.957,3.6,25861.292,17755.2,2.94,1851.7857142857142,1843.8450012207031,9.991732113958944,1.0995585183088963
2022-06-03,1867.5999755859373,1871.800048828125,1845.4000244140625,1845.4000244140625,53,-1.130456768600996,0.0,0.0,0.0,0.0,0.0,0.0,0.0,1.21,294.957,3.6,25861.292,17755.2,2.94,1848.971435546875,1842.4150024414062,8.23685408443691,-0.10826025622870938
2022-06-06,1849.0,1854.0999755859373,1839.199951171875,1839.199951171875,142,-0.3359744857571511,1.0,0.0,0.0,0.0,0.0,0.0,0.0,1.21,294.957,3.6,25861.292,17755.2,2.94,1847.971435546875,1840.3150024414062,9.017347840873446,-0.6536000290125465
2022-06-07,1836.9000244140625,1851.5999755859373,1835.0,1847.5,1168,0.4512858334319025,1.0,0.0,0.0,0.0,0.0,0.0,0.0,1.21,294.957,3.6,25861.292,17755.2,2.94,1847.9857177734375,1839.8350036621093,9.016371086510878,0.26048998509347054
2022-06-08,1844.800048828125,1855.0,1844.4000244140625,1851.9000244140625,218,0.2381609967016196,0.0,0.0,0.0,0.0,0.0,0.0,0.0,1.21,294.957,3.6,25861.292,17755.2,2.94,1848.0714285714287,1840.4350036621095,9.055893727002182,0.46655321207227374
2022-06-09,1846.0999755859373,1850.0999755859373,1837.9000244140625,1848.800048828125,159,-0.1673943271812583,1.0,0.0,0.0,0.0,0.0,0.0,0.0,1.21,294.957,3.6,25861.292,17755.2,2.94,1848.94287109375,1840.2450073242187,8.740876202314505,-0.9482963392378752
2022-06-10,1842.699951171875,1875.5999755859373,1823.9000244140625,1871.5,1490,1.2278207795517693,0.0,0.0,0.0,0.0,0.0,0.0,0.0,1.21,294.957,3.6,25861.292,17755.2,2.94,1852.971435546875,1842.6300048828125,11.703238876524711,1.4143261753897907
2022-06-13,1873.800048828125,1873.800048828125,1818.699951171875,1828.0,127,-2.3243387656959658,0.0,0.0,0.0,0.0,0.0,0.0,0.0,1.21,294.957,3.6,25861.292,17755.2,2.94,1847.471435546875,1843.6600036621094,13.232506302759198,-0.6089577788830791
2022-06-14,1825.0,1825.5,1805.300048828125,1809.5,536,-1.0120350109409149,1.0,0.0,0.0,0.0,0.0,0.0,0.0,1.21,294.957,3.6,25861.292,17755.2,2.94,1842.3428606305804,1843.4600036621093,19.595996814912592,-2.0568335588633246
2022-06-15,1814.0999755859373,1839.0,1810.800048828125,1815.300048828125,108,0.3205332317283815,1.0,0.0,0.0,0.0,0.0,0.0,0.0,1.21,294.957,3.6,25861.292,17755.2,2.94,1838.9285888671875,1843.315008544922,22.150446103926345,-1.9763472705562335
2022-06-16,1819.199951171875,1850.5999755859373,1814.9000244140625,1845.699951171875,136,1.674648902443132,0.0,0.0,0.0,0.0,0.0,0.0,0.0,1.21,294.957,3.6,25861.292,17755.2,2.94,1838.6714390345983,1844.8050048828125,22.044549409534742,-0.1676816083067023
2022-06-17,1853.699951171875,1853.699951171875,1833.5999755859373,1835.5999755859373,170,-0.5472165494464609,0.0,0.0,0.0,0.0,0.0,0.0,0.0,1.21,294.957,3.6,25861.292,17755.2,2.94,1836.3428606305804,1844.5250061035156,21.26129279114819,-1.9182486996560333
2022-06-21,1835.300048828125,1838.5999755859373,1830.0999755859373,1834.5999755859373,216,-0.0544781005284544,0.0,0.0,0.0,0.0,0.0,0.0,0.0,1.21,294.957,3.6,25861.292,17755.2,2.94,1834.3142787388392,1844.1650024414062,20.5398211853417,0.36104899266615753
2022-06-22,1829.5,1842.699951171875,1821.5999755859373,1834.300048828125,115,-0.0163483463318181,0.0,0.0,0.0,0.0,0.0,0.0,0.0,1.21,294.957,3.6,25861.292,17755.2,2.94,1829.0,1843.4900024414062,12.588599029372526,1.3705470476996329
2022-06-23,1835.5,1841.199951171875,1825.699951171875,1825.699951171875,9,-0.4688490120111077,1.0,0.0,0.0,0.0,0.0,0.0,0.0,1.21,294.957,3.6,25861.292,17755.2,2.94,1828.671421595982,1841.520001220703,12.648923070290833,0.572902664243502
2022-06-24,1820.5,1826.5,1815.800048828125,1826.5,61,0.0438214848837326,0.0,0.0,0.0,0.0,0.0,0.0,0.0,1.21,294.957,3.6,25861.292,17755.2,2.94,1831.0999930245537,1840.5350036621094,9.625118877878062,-1.040253111546352
2022-06-27,1830.5,1830.699951171875,1819.9000244140625,1820.9000244140625,77,-0.3065959806152429,0.0,0.0,0.0,0.0,0.0,0.0,0.0,1.21,294.957,3.6,25861.292,17755.2,2.94,1831.8999895368304,1839.2100036621093,8.223732350002539,-0.8008254177047758
2022-06-28,1824.199951171875,1826.0,1817.5,1817.5,391,-0.1867221905912486,0.0,0.0,0.0,0.0,0.0,0.0,0.0,1.21,294.957,3.6,25861.292,17755.2,2.94,1827.8714250837054,1837.520001220703,7.1774424326972746,-0.9320819695571969
2022-06-29,1818.300048828125,1830.300048828125,1812.800048828125,1813.699951171875,173,-0.209081090955987,0.0,0.0,0.0,0.0,0.0,0.0,0.0,1.21,294.957,3.6,25861.292,17755.2,2.94,1824.7428501674108,1836.070001220703,7.975779921823257,-1.1230495070536972
2022-06-30,1809.5999755859373,1817.300048828125,1801.0,1804.0999755859373,328,-0.5293034043329481,0.0,0.0,0.0,0.0,0.0,0.0,0.0,1.21,294.957,3.6,25861.292,17755.2,2.94,1820.385707310268,1834.1099975585937,9.812839246748519,-1.183106543442325
2022-07-01,1795.5,1806.0999755859373,1791.5999755859375,1798.9000244140625,77,-0.2882296570169806,0.0,0.0,0.0,0.0,0.0,0.0,0.0,1.68,294.913,3.5,26336.304,17770.1,2.88,1815.3285609654017,1830.729998779297,10.541611594550231,-1.5110854413324715
2022-07-05,1805.4000244140625,1805.4000244140625,1761.800048828125,1761.800048828125,64,-2.0623700640629905,0.0,0.0,0.0,0.0,0.0,0.0,0.0,1.68,294.913,3.5,26336.304,17770.1,2.88,1806.2000034877233,1826.55,21.76072683955661,-3.245646372318267
2022-07-06,1762.5,1768.0,1734.0,1734.9000244140625,1729,-1.5268488857152265,1.0,0.0,0.0,0.0,0.0,0.0,0.0,1.68,294.913,3.5,26336.304,17770.1,2.88,1793.114292689732,1821.3350036621093,32.44000041974963,-4.544702920821875
2022-07-07,1745.199951171875,1745.199951171875,1737.0,1737.9000244140625,1869,0.1729206269976968,1.0,0.0,0.0,0.0,0.0,0.0,0.0,1.68,294.913,3.5,26336.304,17770.1,2.88,1781.2571498325892,1815.8550048828124,35.605588138236584,-4.179298053618863
2022-07-08,1738.0999755859375,1749.300048828125,1732.0999755859375,1740.5999755859375,370,0.155357105353926,0.0,0.0,0.0,0.0,0.0,0.0,0.0,1.68,294.913,3.5,26336.304,17770.1,2.88,1770.2714320591517,1810.2900024414062,34.402536496844306,-3.5197605930556097
2022-07-11,1732.5,1736.699951171875,1730.0,1730.0,75,-0.6089840132491808,0.0,0.0,0.0,0.0,0.0,0.0,0.0,1.68,294.913,3.5,26336.304,17770.1,2.88,1758.3142961774554,1804.35,31.187998179902024,-3.8301197108774665
2022-07-12,1734.199951171875,1735.5,1723.300048828125,1723.300048828125,451,-0.3872804145592434,1.0,0.0,0.0,0.0,0.0,0.0,0.0,1.68,294.913,3.5,26336.304,17770.1,2.88,1746.771449497768,1796.9400024414062,25.926676400526784,-2.1852650092505477
2022-07-13,1710.0,1734.199951171875,1710.0,1734.199951171875,368,0.6325017138577804,0.0,0.0,0.0,0.0,0.0,0.0,0.0,1.68,294.913,3.5,26336.304,17770.1,2.88,1737.5285818917412,1792.25,12.081634349583277,-0.040352367994456184
2022-07-14,1710.300048828125,1710.5,1704.5,1704.5,1289,-1.7126024684642305,0.0,0.0,0.0,0.0,0.0,0.0,0.0,1.68,294.913,3.5,26336.304,17770.1,2.88,1729.3428606305804,1787.0,12.305393247946885,-1.9218610935530345
2022-07-15,1705.4000244140625,1709.699951171875,1701.0999755859375,1702.4000244140625,721,-0.1232018530910816,1.0,0.0,0.0,0.0,0.0,0.0,0.0,1.68,294.913,3.5,26336.304,17770.1,2.88,1724.7000034877233,1781.354998779297,15.559979192630124,-2.194642750067588
2022-07-18,1712.199951171875,1712.4000244140625,1709.199951171875,1709.199951171875,264,0.3994317822071824,1.0,0.0,0.0,0.0,0.0,0.0,0.0,1.68,294.913,3.5,26336.304,17770.1,2.88,1720.5999930245537,1774.5299987792969,15.2808059538866,-1.2023149611632977
2022-07-19,1712.300048828125,1714.4000244140625,1706.0999755859375,1710.0,1684,0.0468083811713482,0.0,0.0,0.0,0.0,0.0,0.0,0.0,1.68,294.913,3.5,26336.304,17770.1,2.88,1716.2285679408483,1768.25,12.777670839070472,-0.7717778942308517
2022-07-20,1707.0999755859375,1708.5,1699.5,1699.5,130,-0.6140350877193002,1.0,0.0,0.0,0.0,0.0,0.0,0.0,1.68,294.913,3.5,26336.304,17770.1,2.88,1711.8714250837054,1761.4950012207032,12.496086185139903,-2.0009198563537445
2022-07-21,1687.0,1715.5,1679.800048828125,1712.699951171875,183,0.7766961560385477,1.0,0.0,0.0,0.0,0.0,0.0,0.0,1.68,294.913,3.5,26336.304,17770.1,2.88,1710.3571254185267,1755.4149963378907,11.481392991373824,0.4810766307934866
2022-07-22,1713.300048828125,1735.0,1713.0,1727.0999755859375,61,0.8407791688327837,0.0,0.0,0.0,0.0,0.0,0.0,0.0,1.68,294.913,3.5,26336.304,17770.1,2.88,1709.3428431919642,1750.4849975585937,9.088230694256932,1.450889968142266
2022-07-25,1727.0,1732.0,1719.0,1719.0,67,-0.4689928608903826,0.0,0.0,0.0,0.0,0.0,0.0,0.0,1.68,294.913,3.5,26336.304,17770.1,2.88,1711.414271763393,1745.1099975585937,9.445876137760907,0.5733705305459358
2022-07-26,1718.0,1718.0,1717.699951171875,1717.699951171875,1,-0.0756282040794031,1.0,0.0,0.0,0.0,0.0,0.0,0.0,1.68,294.913,3.5,26336.304,17770.1,2.88,1713.5999755859375,1739.9499938964843,8.757467841901422,0.45028954221491
2022-07-27,1719.0999755859375,1719.0999755859375,1719.0999755859375,1719.0999755859375,144865,0.0815057608348546,1.0,0.0,0.0,0.0,0.0,0.0,0.0,1.68,294.913,3.5,26336.304,17770.1,2.88,1715.0142647879463,1735.0299926757812,8.727807528610706,1.1532789400375165
2022-07-28,1732.300048828125,1755.0,1732.0,1750.300048828125,37236,1.814907433266244,1.0,0.0,0.0,0.0,0.0,0.0,0.0,1.68,294.913,3.5,26336.304,17770.1,2.88,1720.7714146205358,1731.8599975585937,15.518687821146074,2.1953698095526386
2022-07-29,1754.0,1765.699951171875,1750.0,1762.9000244140625,3485,0.7198751776515966,1.0,0.0,0.0,0.0,0.0,0.0,0.0,1.68,294.913,3.5,26336.304,17770.1,2.88,1729.8285609654017,1729.8,19.118496340504624,2.0728417193092374
2022-08-01,1763.9000244140625,1772.5,1756.0999755859375,1769.0,705,0.346019371572992,1.0,0.0,0.0,0.0,0.0,0.0,0.0,2.33,295.097,3.6,26336.304,17916.5,2.6,1737.8714250837054,1728.304998779297,22.290880549136226,2.908667830133793
2022-08-02,1772.0999755859375,1786.5999755859375,1759.4000244140625,1771.0999755859375,1078,0.1187097561298866,0.0,0.0,0.0,0.0,0.0,0.0,0.0,2.33,295.097,3.6,26336.304,17916.5,2.6,1744.1571393694196,1728.7699951171876,24.80873888223032,3.1088097998507314
2022-08-03,1756.699951171875,1770.5,1753.0,1758.0,399,-0.7396519545207259,1.0,0.0,0.0,0.0,0.0,0.0,0.0,2.33,295.097,3.6,26336.304,17916.5,2.6,1749.7285679408483,1729.9249938964845,22.488139705407807,2.2628133887794277
2022-08-04,1769.4000244140625,1792.0999755859375,1767.699951171875,1788.5,285,1.7349260523321863,0.0,0.0,0.0,0.0,0.0,0.0,0.0,2.33,295.097,3.6,26336.304,17916.5,2.6,1759.8428606305804,1732.4549926757813,21.58548045928192,2.182480152328803
2022-08-05,1791.199951171875,1791.4000244140625,1764.199951171875,1772.9000244140625,645,-0.8722379416235659,1.0,0.0,0.0,0.0,0.0,0.0,0.0,2.33,295.097,3.6,26336.304,17916.5,2.6,1767.5285818917412,1734.0699951171875,12.197079330220063,0.5672471417273783
2022-08-08,1771.800048828125,1786.800048828125,1771.800048828125,1786.800048828125,127,0.7840275380816442,1.0,0.0,0.0,0.0,0.0,0.0,0.0,2.33,295.097,3.6,26336.304,17916.5,2.6,1772.7428676060267,1736.9099975585937,11.378767675738898,1.0062209625848029
2022-08-09,1790.0,1796.0999755859375,1789.0,1794.0,249,0.402952259632916,1.0,0.0,0.0,0.0,0.0,0.0,0.0,2.33,295.097,3.6,26336.304,17916.5,2.6,1777.1857212611608,1740.4449951171875,12.86901704493749,1.2929831590385854
2022-08-10,1804.4000244140625,1804.9000244140625,1787.800048828125,1795.5999755859375,601,0.0891848152696495,0.0,0.0,0.0,0.0,0.0,0.0,0.0,2.33,295.097,3.6,26336.304,17916.5,2.6,1780.9857177734375,1743.5149963378906,13.932387409295915,2.1387926954458125
2022-08-11,1794.300048828125,1794.300048828125,1785.699951171875,1789.699951171875,1235,-0.3285823398464504,1.0,0.0,0.0,0.0,0.0,0.0,0.0,2.33,295.097,3.6,26336.304,17916.5,2.6,1783.642857142857,1747.7749938964844,13.499726856874469,0.06709260116717353
2022-08-12,1786.300048828125,1800.4000244140625,1784.300048828125,1798.5999755859375,187,0.4972914263217554,0.0,0.0,0.0,0.0,0.0,0.0,0.0,2.33,295.097,3.6,26336.304,17916.5,2.6,1789.4428536551338,1752.5849914550781,8.407687991115132,1.4495995723373456
2022-08-15,1799.0,1799.0,1774.699951171875,1781.4000244140625,64,-0.9562966421297614,0.0,0.0,0.0,0.0,0.0,0.0,0.0,2.33,295.097,3.6,26336.304,17916.5,2.6,1788.4285714285713,1756.1949951171875,8.951089824483642,-0.3022176106164842
2022-08-16,1777.4000244140625,1777.4000244140625,1771.4000244140625,1773.199951171875,308,-0.4603162192548304,0.0,0.0,0.0,0.0,0.0,0.0,0.0,2.33,295.097,3.6,26336.304,17916.5,2.6,1788.4714181082588,1759.3549926757812,8.864670570594415,-1.1594230116011683
2022-08-17,1769.699951171875,1769.699951171875,1760.0,1760.300048828125,23,-0.7274928208307663,0.0,0.0,0.0,0.0,0.0,0.0,0.0,2.33,295.097,3.6,26336.304,17916.5,2.6,1784.6857038225446,1762.3949951171876,13.91644979407871,-1.9659126329790388
2022-08-18,1762.9000244140625,1762.9000244140625,1753.4000244140625,1755.300048828125,321,-0.2840424848779999,0.0,0.0,0.0,0.0,0.0,0.0,0.0,2.33,295.097,3.6,26336.304,17916.5,2.6,1779.1571393694196,1764.525,16.95489546320832,-1.9221044466825488
2022-08-19,1753.699951171875,1754.300048828125,1747.5,1747.5999755859375,49,-0.4386756126012914,0.0,0.0,0.0,0.0,0.0,0.0,0.0,2.33,295.097,3.6,26336.304,17916.5,2.6,1772.2999965122767,1765.55,18.802285973968797,-2.8355387908523433
2022-08-22,1740.5,1740.5,1726.5,1734.0,347,-0.7782087305979513,1.0,0.0,0.0,0.0,0.0,0.0,0.0,2.33,295.097,3.6,26336.304,17916.5,2.6,1764.3428606305804,1766.3,21.764171542879712,-2.6608298958373133
2022-08-23,1738.0,1748.9000244140625,1731.9000244140625,1746.800048828125,509,0.7381804399149372,1.0,0.0,0.0,0.0,0.0,0.0,0.0,2.33,295.097,3.6,26336.304,17916.5,2.6,1756.94287109375,1767.7550048828125,16.293947662362562,-1.4888282805502473
2022-08-24,1745.0,1751.800048828125,1743.5999755859375,1747.800048828125,187,0.0572475367556224,1.0,0.0,0.0,0.0,0.0,0.0,0.0,2.33,295.097,3.6,26336.304,17916.5,2.6,1752.1428745814733,1769.190008544922,12.363356255249881,-0.7101062121949941
2022-08-25,1761.5999755859375,1761.800048828125,1755.0,1757.699951171875,172,0.5664207613672811,0.0,0.0,0.0,0.0,0.0,0.0,0.0,2.33,295.097,3.6,26336.304,17916.5,2.6,1749.9285888671875,1769.5600036621095,8.853197769652674,0.13672319700281932
2022-08-26,1754.0,1755.0,1736.0999755859375,1736.0999755859375,202,-1.2288772933933712,1.0,0.0,0.0,0.0,0.0,0.0,0.0,2.33,295.097,3.6,26336.304,17916.5,2.6,1746.471435546875,1768.2200012207031,8.853197769653006,-0.658045328487955
2022-08-29,1732.4000244140625,1741.199951171875,1732.0999755859375,1736.5999755859375,950,0.0288001847261742,0.0,0.0,0.0,0.0,0.0,0.0,0.0,2.33,295.097,3.6,26336.304,17916.5,2.6,1743.7999965122767,1766.6,8.561735300870822,0.14994092191105146
2022-08-30,1736.4000244140625,1739.0,1720.699951171875,1723.199951171875,385,-0.7716241277465952,0.0,0.0,0.0,0.0,0.0,0.0,0.0,2.33,295.097,3.6,26336.304,17916.5,2.6,1740.3142787388392,1764.2049987792968,11.289303908767288,-1.3510474580123
2022-08-31,1718.300048828125,1720.9000244140625,1708.5,1712.800048828125,2133,-0.6035226693615781,0.0,0.0,0.0,0.0,0.0,0.0,0.0,2.33,295.097,3.6,26336.304,17916.5,2.6,1737.2857142857142,1761.945001220703,15.371226417822834,-2.002517394565073
2022-09-01,1707.9000244140625,1707.9000244140625,1693.9000244140625,1696.5999755859375,683,-0.9458239596192964,1.0,0.0,0.0,0.0,0.0,0.0,0.0,2.56,296.349,3.5,26336.304,17992.8,3.26,1730.1142752511162,1757.35,20.906329250974142,-3.4761322912480908
2022-09-02,1703.4000244140625,1715.699951171875,1703.0999755859375,1709.800048828125,182,0.7780309697121623,0.0,0.0,0.0,0.0,0.0,0.0,0.0,2.56,296.349,3.5,26336.304,17992.8,3.26,1724.6857038225446,1754.195001220703,20.477805507274145,-1.514885497820262
2022-09-06,1709.699951171875,1717.4000244140625,1699.699951171875,1700.4000244140625,697,-0.5497733153362105,1.0,0.0,0.0,0.0,0.0,0.0,0.0,2.56,296.349,3.5,26336.304,17992.8,3.26,1716.5,1749.875,16.056445108628562,-2.0845302131056953
2022-09-07,1694.800048828125,1715.300048828125,1694.699951171875,1715.300048828125,651,0.8762658315767169,0.0,0.0,0.0,0.0,0.0,0.0,0.0,2.56,296.349,3.5,26336.304,17992.8,3.26,1713.5285818917412,1745.9400024414062,13.554409725161753,-0.45844374231659435
2022-09-08,1718.199951171875,1718.199951171875,1705.300048828125,1708.0,1193,-0.4255843654357938,1.0,0.0,0.0,0.0,0.0,0.0,0.0,2.56,296.349,3.5,26336.304,17992.8,3.26,1709.44287109375,1741.5600036621095,8.979206717492143,-0.2802457199489905
2022-09-09,1719.199951171875,1720.0,1712.800048828125,1716.199951171875,635,0.4800908180254692,1.0,0.0,0.0,0.0,0.0,0.0,0.0,2.56,296.349,3.5,26336.304,17992.8,3.26,1708.44287109375,1737.8850036621093,7.451597128121779,1.1552502574549761
2022-09-12,1727.4000244140625,1728.0999755859375,1727.4000244140625,1728.0999755859375,68,0.6933938208037338,0.0,0.0,0.0,0.0,0.0,0.0,0.0,2.56,296.349,3.5,26336.304,17992.8,3.26,1710.6285749162946,1734.3600036621094,10.544615129436218,1.0702963057203752
2022-09-13,1720.5,1720.5,1697.300048828125,1705.0,432,-1.3367268047154046,0.0,0.0,0.0,0.0,0.0,0.0,0.0,2.56,296.349,3.5,26336.304,17992.8,3.26,1711.828578404018,1730.5400024414062,9.054765294127407,0.27052314278357414
2022-09-14,1698.699951171875,1701.800048828125,1696.5,1696.5,532,-0.4985337243401777,0.0,0.0,0.0,0.0,0.0,0.0,0.0,2.56,296.349,3.5,26336.304,17992.8,3.26,1709.9285714285713,1726.7050048828125,10.78202860698499,-1.0960210046614849
2022-09-15,1685.5,1686.0,1662.300048828125,1665.4000244140625,1125,-1.833184532032861,1.0,0.0,0.0,0.0,0.0,0.0,0.0,2.56,296.349,3.5,26336.304,17992.8,3.26,1704.9285714285713,1721.9600036621093,20.06037194864011,-2.4941437696684665
2022-09-16,1660.4000244140625,1674.9000244140625,1651.699951171875,1671.699951171875,464,0.3782830950797455,0.0,0.0,0.0,0.0,0.0,0.0,0.0,2.56,296.349,3.5,26336.304,17992.8,3.26,1698.699986049107,1717.7799987792969,22.87472355467249,-2.592937959799735
2022-09-19,1661.800048828125,1669.4000244140625,1658.5,1666.199951171875,580,-0.3290064102798196,0.0,0.0,0.0,0.0,0.0,0.0,0.0,2.56,296.349,3.5,26336.304,17992.8,3.26,1692.728550502232,1713.7099975585938,25.362944020484278,-3.5819700994483505
2022-09-20,1659.699951171875,1659.699951171875,1659.699951171875,1659.699951171875,2830,-0.3901092420167451,1.0,0.0,0.0,0.0,0.0,0.0,0.0,2.56,296.349,3.5,26336.304,17992.8,3.26,1684.6571219308037,1709.9949951171875,25.637276202052693,-2.656894359420825
2022-09-21,1665.5,1680.0999755859375,1664.5999755859375,1664.5999755859375,2337,0.2952355581262056,1.0,0.0,0.0,0.0,0.0,0.0,0.0,2.56,296.349,3.5,26336.304,17992.8,3.26,1675.585693359375,1705.884991455078,17.71341985555193,-1.8803433194260255
2022-09-22,1668.300048828125,1670.800048828125,1668.300048828125,1670.800048828125,973,0.372466258147397,0.0,0.0,0.0,0.0,0.0,0.0,0.0,2.56,296.349,3.5,26336.304,17992.8,3.26,1670.699986049107,1702.0349914550782,12.063729832670154,0.3242478884892819
2022-09-23,1667.0,1667.0,1645.300048828125,1645.300048828125,1224,-1.526214942229942,0.0,0.0,0.0,0.0,0.0,0.0,0.0,2.56,296.349,3.5,26336.304,17992.8,3.26,1663.385707310268,1696.4149963378907,8.927736196180025,-1.579224927609968
2022-09-26,1623.300048828125,1623.300048828125,1623.300048828125,1623.300048828125,1205,-1.3371421228407288,1.0,0.0,0.0,0.0,0.0,0.0,0.0,2.56,296.349,3.5,26336.304,17992.8,3.26,1657.3714250837054,1690.775,17.453883279367314,-2.57471513629427
2022-09-27,1632.199951171875,1636.5999755859375,1626.699951171875,1626.699951171875,888,0.2094438638256868,1.0,0.0,0.0,0.0,0.0,0.0,0.0,2.56,296.349,3.5,26336.304,17992.8,3.26,1650.9428536551338,1685.2799987792969,19.467816120277938,-1.9883111990633862
2022-09-28,1620.4000244140625,1660.4000244140625,1620.4000244140625,1660.4000244140625,18311,2.071683423726056,0.0,0.0,0.0,0.0,0.0,0.0,0.0,2.56,296.349,3.5,26336.304,17992.8,3.26,1650.114292689732,1682.1400024414063,18.822985275863306,-0.2523099383319738
2022-09-29,1657.0,1662.5999755859375,1640.0,1658.5,6028,-0.1144317264589855,1.0,0.0,0.0,0.0,0.0,0.0,0.0,2.56,296.349,3.5,26336.304,17992.8,3.26,1649.94287109375,1679.425,18.726354820521532,-0.7361771886918556
2022-09-30,1661.699951171875,1672.699951171875,1658.0,1662.4000244140625,548,0.2351537180622642,1.0,0.0,0.0,0.0,0.0,0.0,0.0,2.56,296.349,3.5,26336.304,17992.8,3.26,1649.6285923549108,1677.7150024414063,18.45587868429049,1.0393226207047856
2022-10-03,1667.199951171875,1700.0,1661.9000244140625,1692.9000244140625,410,1.8346967969246952,1.0,0.0,0.0,0.0,0.0,0.0,0.0,3.08,298.007,3.6,26770.514,18109.6,3.26,1652.7857317243304,1676.8700012207032,23.798215298359708,4.287560739998897
2022-10-04,1701.199951171875,1728.0,1696.0,1721.0999755859375,291,1.6657777048373124,0.0,0.0,0.0,0.0,0.0,0.0,0.0,3.08,298.007,3.6,26770.514,18109.6,3.26,1663.614292689732,1677.9049987792969,34.612441516052904,5.80316144634152
2022-10-05,1724.0999755859375,1726.5999755859375,1703.0,1711.4000244140625,418,-0.563590221920296,1.0,0.0,0.0,0.0,0.0,0.0,0.0,3.08,298.007,3.6,26770.514,18109.6,3.26,1676.2000034877233,1677.7099975585938,33.510107257549755,3.0715489791682815
2022-10-06,1721.0,1723.300048828125,1709.0999755859375,1711.699951171875,133,0.0175252280900872,0.0,0.0,0.0,0.0,0.0,0.0,0.0,3.08,298.007,3.6,26770.514,18109.6,3.26,1688.3428606305804,1677.8949951171876,27.432984950110313,3.2077148731911365
2022-10-07,1710.0999755859375,1710.0999755859375,1693.699951171875,1700.5,179,-0.6543174324569634,0.0,0.0,0.0,0.0,0.0,0.0,0.0,3.08,298.007,3.6,26770.514,18109.6,3.26,1694.0714285714287,1677.1099975585937,24.6735029498307,2.2918656777189517
2022-10-10,1693.4000244140625,1693.4000244140625,1667.0,1667.300048828125,195,-1.9523640794986807,1.0,0.0,0.0,0.0,0.0,0.0,0.0,3.08,298.007,3.6,26770.514,18109.6,3.26,1695.328578404018,1674.070001220703,22.704653523483856,-1.5121965394736203
2022-10-11,1661.800048828125,1678.699951171875,1661.0,1678.699951171875,167,0.6837343015591246,0.0,0.0,0.0,0.0,0.0,0.0,0.0,3.08,298.007,3.6,26770.514,18109.6,3.26,1697.6571393694196,1672.7549987792968,19.35318213411641,-2.463542212277803
2022-10-12,1668.0,1672.699951171875,1668.0,1670.300048828125,149,-0.5003814015653085,0.0,0.0,0.0,0.0,0.0,0.0,0.0,3.08,298.007,3.6,26770.514,18109.6,3.26,1694.4285714285713,1671.445001220703,21.98517931032597,-2.4015411358901284
2022-10-13,1675.199951171875,1675.300048828125,1641.5,1670.0,729,-0.017963768146656,0.0,0.0,0.0,0.0,0.0,0.0,0.0,3.08,298.007,3.6,26770.514,18109.6,3.26,1687.1285749162946,1671.675,20.05180920600279,-2.4361717801841487
2022-10-14,1665.300048828125,1667.0,1640.0,1641.699951171875,82,-1.6946137022829322,1.0,0.0,0.0,0.0,0.0,0.0,0.0,3.08,298.007,3.6,26770.514,18109.6,3.26,1677.171421595982,1670.175,23.06907234619393,-3.4578093988900327
2022-10-17,1650.199951171875,1657.0,1646.800048828125,1657.0,238,0.931963774330602,0.0,0.0,0.0,0.0,0.0,0.0,0.0,3.08,298.007,3.6,26770.514,18109.6,3.26,1669.357142857143,1669.7150024414063,18.16736461605096,-0.6177681596881368
2022-10-18,1651.4000244140625,1655.199951171875,1649.0,1649.0,597,-0.4828002414001164,0.0,0.0,0.0,0.0,0.0,0.0,0.0,3.08,298.007,3.6,26770.514,18109.6,3.26,1662.0,1669.1800048828125,13.203293021680539,-1.76922332970475
2022-10-19,1637.5,1637.5,1627.5,1627.5,84,-1.3038204972710687,1.0,0.0,0.0,0.0,0.0,0.0,0.0,3.08,298.007,3.6,26770.514,18109.6,3.26,1656.3142787388392,1667.3250061035155,18.174291266788455,-2.5624167860231695
2022-10-20,1622.800048828125,1641.4000244140625,1622.800048828125,1630.800048828125,477,0.2027679771505308,1.0,0.0,0.0,0.0,0.0,0.0,0.0,3.08,298.007,3.6,26770.514,18109.6,3.26,1649.471435546875,1665.3250061035155,17.339335124264704,-2.34730246538174
2022-10-21,1634.0999755859375,1653.9000244140625,1634.0999755859375,1651.0,224,1.23865284320972,0.0,0.0,0.0,0.0,0.0,0.0,0.0,3.08,298.007,3.6,26770.514,18109.6,3.26,1646.7142857142858,1665.6100036621094,14.827943816667222,0.5664889507663418
2022-10-24,1662.699951171875,1662.699951171875,1648.699951171875,1648.699951171875,29,-0.1393124668761403,1.0,0.0,0.0,0.0,0.0,0.0,0.0,3.08,298.007,3.6,26770.514,18109.6,3.26,1643.671421595982,1666.8799987792968,10.924839664710415,-0.5009081972314422
2022-10-25,1648.199951171875,1652.800048828125,1637.300048828125,1652.800048828125,880,0.2486867093879352,1.0,0.0,0.0,0.0,0.0,0.0,0.0,3.08,298.007,3.6,26770.514,18109.6,3.26,1645.2571498325892,1668.1850036621095,11.386806191271324,0.23044565361582947
2022-10-26,1649.800048828125,1667.0,1649.800048828125,1664.0,89,0.6776349734389342,0.0,0.0,0.0,0.0,0.0,0.0,0.0,3.08,298.007,3.6,26770.514,18109.6,3.26,1646.2571498325892,1668.3650024414062,12.808565062548281,2.2427035330261136
2022-10-27,1660.699951171875,1660.699951171875,1660.699951171875,1660.699951171875,2298,-0.1983202420748231,0.0,0.0,0.0,0.0,0.0,0.0,0.0,3.08,298.007,3.6,26770.514,18109.6,3.26,1647.9285714285713,1668.475,13.939582527188458,1.83344992939114
2022-10-28,1661.0,1661.0,1638.699951171875,1639.5999755859375,626,-1.2705471311086791,0.0,0.0,0.0,0.0,0.0,0.0,0.0,3.08,298.007,3.6,26770.514,18109.6,3.26,1649.6571393694196,1667.3349975585938,11.525299088010513,-0.690492090494399
2022-10-31,1641.800048828125,1641.800048828125,1633.4000244140625,1635.9000244140625,522,-0.2256618216008865,1.0,0.0,0.0,0.0,0.0,0.0,0.0,3.08,298.007,3.6,26770.514,18109.6,3.26,1650.385707310268,1664.4849975585937,10.22209847919266,-0.7763648412019708
2022-11-01,1630.800048828125,1653.699951171875,1630.800048828125,1645.0,985,0.5562672198869079,1.0,0.0,0.0,0.0,0.0,0.0,0.0,3.78,298.786,3.6,26770.514,18108.0,4.07,1649.528564453125,1660.679998779297,10.411799512173992,-0.47192936820490416
2022-11-02,1650.800048828125,1664.699951171875,1634.0,1645.699951171875,612,0.0425502232142882,0.0,0.0,0.0,0.0,0.0,0.0,0.0,3.78,298.786,3.6,26770.514,18108.0,4.07,1649.0999930245537,1657.3949951171876,10.512844365283422,-1.0997625497671248
2022-11-03,1629.199951171875,1629.199951171875,1615.0999755859375,1627.300048828125,1427,-1.1180593601310962,1.0,0.0,0.0,0.0,0.0,0.0,0.0,3.78,298.786,3.6,26770.514,18108.0,4.07,1645.4571358816963,1653.175,13.11343888768986,-2.0111942750513867
2022-11-04,1630.199951171875,1674.5,1629.0,1672.5,159,2.7776039953065323,1.0,0.0,0.0,0.0,0.0,0.0,0.0,3.78,298.786,3.6,26770.514,18108.0,4.07,1646.671421595982,1651.775,15.323897122940515,2.0065884913364362
2022-11-07,1676.9000244140625,1677.9000244140625,1672.9000244140625,1676.5,42,0.2391629297458841,1.0,0.0,0.0,0.0,0.0,0.0,0.0,3.78,298.786,3.6,26770.514,18108.0,4.07,1648.9285714285713,1652.2349975585937,18.55717430080346,2.4818127623953856
2022-11-08,1703.199951171875,1712.0999755859375,1703.199951171875,1712.0999755859375,23,2.123470061791677,0.0,0.0,0.0,0.0,0.0,0.0,0.0,3.78,298.786,3.6,26770.514,18108.0,4.07,1659.2857142857142,1653.9049987792969,29.49271959274452,4.079025871485564
2022-11-09,1707.4000244140625,1720.199951171875,1706.0,1710.0999755859375,497,-0.1168156082307914,1.0,0.0,0.0,0.0,0.0,0.0,0.0,3.78,298.786,3.6,26770.514,18108.0,4.07,1669.885707310268,1655.8949951171876,32.83190204086983,3.9132300130533704
2022-11-10,1708.199951171875,1750.300048828125,1708.199951171875,1750.300048828125,325,2.3507440393017776,1.0,0.0,0.0,0.0,0.0,0.0,0.0,3.78,298.786,3.6,26770.514,18108.0,4.07,1684.9285714285713,1659.9099975585937,42.290180729836685,7.558532311762445
2022-11-11,1763.800048828125,1766.0,1757.5999755859375,1766.0,257,0.8969862728614109,1.0,0.0,0.0,0.0,0.0,0.0,0.0,3.78,298.786,3.6,26770.514,18108.0,4.07,1702.114292689732,1666.125,47.779014035936456,5.590433482810164
2022-11-14,1762.0,1773.5999755859375,1761.5999755859375,1773.5999755859375,358,0.4303496934279449,1.0,0.0,0.0,0.0,0.0,0.0,0.0,3.78,298.786,3.6,26770.514,18108.0,4.07,1723.0142822265625,1671.9549987792968,41.134677036843435,5.791826757288243
2022-11-15,1770.800048828125,1773.800048828125,1769.9000244140625,1773.800048828125,57,0.0112806295073042,0.0,0.0,0.0,0.0,0.0,0.0,0.0,3.78,298.786,3.6,26770.514,18108.0,4.07,1737.4857177734375,1678.195001220703,38.109303725128115,3.603765791835367
2022-11-16,1776.5999755859375,1778.9000244140625,1773.0,1773.0,303,-0.0451036647932001,0.0,0.0,0.0,0.0,0.0,0.0,0.0,3.78,298.786,3.6,26770.514,18108.0,4.07,1751.2714320591517,1685.4700012207031,28.651931940794,3.6781489569059245
2022-11-17,1763.0,1763.0,1756.0,1760.800048828125,18,-0.6880965127961103,0.0,0.0,0.0,0.0,0.0,0.0,0.0,3.78,298.786,3.6,26770.514,18108.0,4.07,1758.2285853794642,1691.9700012207031,22.888049584444545,0.5998971437514378
2022-11-18,1763.300048828125,1763.300048828125,1747.5999755859375,1751.9000244140625,414,-0.5054534397580079,0.0,0.0,0.0,0.0,0.0,0.0,0.0,3.78,298.786,3.6,26770.514,18108.0,4.07,1764.2000209263392,1697.0150024414063,10.142798664419887,-0.7984131135864936
2022-11-21,1739.0,1744.9000244140625,1736.0999755859375,1737.4000244140625,544,-0.827672800840884,1.0,0.0,0.0,0.0,0.0,0.0,0.0,3.78,298.786,3.6,26770.514,18108.0,4.07,1762.3571602957588,1701.4500061035155,13.653545510736274,-2.0410437342228582
2022-11-22,1741.699951171875,1741.699951171875,1738.300048828125,1738.300048828125,15,0.0518029470136571,1.0,0.0,0.0,0.0,0.0,0.0,0.0,3.78,298.786,3.6,26770.514,18108.0,4.07,1758.4000244140625,1705.7250061035156,16.198650614760236,-2.001352972306736
2022-11-23,1736.5,1750.9000244140625,1736.5,1744.9000244140625,39,0.3796798826754211,1.0,0.0,0.0,0.0,0.0,0.0,0.0,3.78,298.786,3.6,26770.514,18108.0,4.07,1754.3000313895088,1709.7700073242188,15.318396212818694,-1.5848829997708647
2022-11-25,1753.0,1757.9000244140625,1749.199951171875,1753.300048828125,216,0.4814043381587529,0.0,0.0,0.0,0.0,0.0,0.0,0.0,3.78,298.786,3.6,26770.514,18108.0,4.07,1751.3714599609375,1714.4000122070313,12.705859186011113,-0.42594274148228806
2022-11-28,1741.300048828125,1741.300048828125,1740.0999755859375,1740.0999755859375,132767,-0.7528701804925042,1.0,0.0,0.0,0.0,0.0,0.0,0.0,3.78,298.786,3.6,26770.514,18108.0,4.07,1746.6714564732142,1719.4250122070312,8.881211743814351,-0.6735572043885085
2022-11-29,1739.5,1758.199951171875,1737.9000244140625,1748.4000244140625,19416,0.4769868941197019,0.0,0.0,0.0,0.0,0.0,0.0,0.0,3.78,298.786,3.6,26770.514,18108.0,4.07,1744.9000244140625,1725.0500122070312,6.514861940777836,0.6331299554177106
2022-11-30,1748.0999755859375,1769.4000244140625,1745.0999755859375,1746.0,3339,-0.1372697540922729,1.0,0.0,0.0,0.0,0.0,0.0,0.0,3.78,298.786,3.6,26770.514,18108.0,4.07,1744.057163783482,1730.1000122070313,5.8008275937715545,0.4429586927219953
2022-12-01,1768.699951171875,1803.699951171875,1768.699951171875,1801.0999755859375,1053,3.155783252344646,0.0,0.0,0.0,0.0,0.0,0.0,0.0,4.1,298.832,3.5,26770.514,18116.5,3.53,1753.1571568080358,1737.8700134277344,21.724768380252897,3.2208121030170123
2022-12-02,1802.0,1802.300048828125,1779.4000244140625,1795.9000244140625,1725,-0.2887097463972421,0.0,0.0,0.0,0.0,0.0,0.0,0.0,4.1,298.832,3.5,26770.514,18116.5,3.53,1761.3857247488838,1746.3000122070312,25.703589659206475,2.429702526638877
2022-12-05,1795.699951171875,1808.0,1764.300048828125,1767.4000244140625,1713,-1.5869480267588163,1.0,0.0,0.0,0.0,0.0,0.0,0.0,4.1,298.832,3.5,26770.514,18116.5,3.53,1764.6000104631696,1751.0450134277344,24.685080462277703,1.5688781800558438
2022-12-06,1768.5999755859375,1779.4000244140625,1767.9000244140625,1769.300048828125,105,0.1075039259825993,1.0,0.0,0.0,0.0,0.0,0.0,0.0,4.1,298.832,3.5,26770.514,18116.5,3.53,1766.8857247488838,1755.6850158691407,24.20037528525073,1.195380011566094
2022-12-07,1769.300048828125,1790.300048828125,1769.300048828125,1785.5,422,0.9156135604362126,1.0,0.0,0.0,0.0,0.0,0.0,0.0,4.1,298.832,3.5,26770.514,18116.5,3.53,1773.3714425223213,1759.3550170898438,21.78880493636192,2.2623138602519965
2022-12-08,1782.0,1790.9000244140625,1782.0,1788.699951171875,713,0.1792187718776317,1.0,0.0,0.0,0.0,0.0,0.0,0.0,4.1,298.832,3.5,26770.514,18116.5,3.53,1779.1285749162946,1763.2850158691406,19.269542308172415,-0.6884695231883731
2022-12-09,1794.9000244140625,1804.300048828125,1791.0999755859375,1798.0999755859375,125,0.5255227075901647,0.0,0.0,0.0,0.0,0.0,0.0,0.0,4.1,298.832,3.5,26770.514,18116.5,3.53,1786.5714285714287,1765.6750122070312,13.555630061957833,0.12249853232184638
2022-12-12,1787.300048828125,1793.9000244140625,1777.699951171875,1780.5,85,-0.9788096226519438,1.0,0.0,0.0,0.0,0.0,0.0,0.0,4.1,298.832,3.5,26770.514,18116.5,3.53,1783.6285749162946,1766.4000122070313,12.025608032835635,0.7412003737116812
2022-12-13,1780.699951171875,1819.800048828125,1780.5,1813.9000244140625,205,1.8758789336738249,0.0,0.0,0.0,0.0,0.0,0.0,0.0,4.1,298.832,3.5,26770.514,18116.5,3.53,1786.2000034877233,1768.4150146484376,16.26436779686549,2.5207694769170397
2022-12-14,1810.800048828125,1812.800048828125,1797.9000244140625,1807.5,1074,-0.3528322580032994,0.0,0.0,0.0,0.0,0.0,0.0,0.0,4.1,298.832,3.5,26770.514,18116.5,3.53,1791.9285714285713,1770.1000122070313,15.586923807435056,1.2321478577429268
2022-12-15,1801.0,1801.0,1774.800048828125,1777.199951171875,421,-1.6763512491355437,1.0,0.0,0.0,0.0,0.0,0.0,0.0,4.1,298.832,3.5,26770.514,18116.5,3.53,1793.05712890625,1770.310009765625,13.866505738630144,-0.6429250469015657
2022-12-16,1777.9000244140625,1791.4000244140625,1777.9000244140625,1790.0,206,0.720236843338018,0.0,0.0,0.0,0.0,0.0,0.0,0.0,4.1,298.832,3.5,26770.514,18116.5,3.53,1793.699986049107,1771.7700073242188,13.558655729199083,-0.45047415026508997
2022-12-19,1791.5999755859375,1796.300048828125,1785.5999755859375,1787.699951171875,79,-0.1284943479399447,1.0,0.0,0.0,0.0,0.0,0.0,0.0,4.1,298.832,3.5,26770.514,18116.5,3.53,1793.55712890625,1773.5600036621095,13.6252222227093,0.404378049529619
2022-12-20,1786.5,1821.4000244140625,1786.5,1815.9000244140625,51,1.5774500202733632,0.0,0.0,0.0,0.0,0.0,0.0,0.0,4.1,298.832,3.5,26770.514,18116.5,3.53,1796.0999930245537,1777.4850036621094,16.058146955974376,0.11025966001880771
2022-12-21,1817.4000244140625,1821.4000244140625,1814.4000244140625,1815.9000244140625,35,0.0,0.0,0.0,0.0,0.0,0.0,0.0,0.0,4.1,298.832,3.5,26770.514,18116.5,3.53,1801.1571393694196,1781.3650024414062,15.89991015982794,0.46473164116529464
2022-12-22,1818.0999755859373,1818.0999755859373,1785.0,1787.0,411,-1.5914986522117425,1.0,0.0,0.0,0.0,0.0,0.0,0.0,4.1,298.832,3.5,26770.514,18116.5,3.53,1797.3142787388392,1783.4700012207031,15.553741723592902,0.5514319771201315
2022-12-23,1794.300048828125,1802.800048828125,1794.0999755859375,1795.9000244140625,49,0.4980427763884965,1.0,0.0,0.0,0.0,0.0,0.0,0.0,4.1,298.832,3.5,26770.514,18116.5,3.53,1795.6571393694196,1785.6,14.891506030188054,0.3296103024615915
2022-12-27,1803.4000244140625,1826.300048828125,1803.4000244140625,1814.800048828125,69,1.0523984719154278,0.0,0.0,0.0,0.0,0.0,0.0,0.0,4.1,298.832,3.5,26770.514,18116.5,3.53,1801.0285818917412,1789.3350036621093,13.870581182686912,1.5159198073751323
2022-12-28,1803.199951171875,1807.9000244140625,1803.0999755859373,1807.9000244140625,434,-0.3802085204107186,1.0,0.0,0.0,0.0,0.0,0.0,0.0,4.1,298.832,3.5,26770.514,18116.5,3.53,1803.585728236607,1792.3100036621095,13.12867253929539,-0.44055288795875613
2022-12-29,1805.800048828125,1819.5,1805.800048828125,1819.5,277,0.6416270495763099,1.0,0.0,0.0,0.0,0.0,0.0,0.0,4.1,298.832,3.5,26770.514,18116.5,3.53,1808.1285923549108,1795.9850036621094,12.183425133430076,0.19824745512071473
2022-12-30,1817.0,1822.300048828125,1816.800048828125,1819.699951171875,95,0.0109893471764266,1.0,0.0,0.0,0.0,0.0,0.0,0.0,4.1,298.832,3.5,26770.514,18116.5,3.53,1808.6714390345983,1796.9150024414062,12.662632025562164,1.8298797522034116
2023-01-03,1836.199951171875,1839.699951171875,1836.199951171875,1839.699951171875,29,1.0990822957993809,1.0,0.0,0.0,0.0,0.0,0.0,0.0,4.33,300.42,3.5,27216.445,18449.1,3.53,1812.0714285714287,1799.104998779297,17.280287978887653,2.438884468087399
2023-01-04,1845.5999755859373,1859.0999755859373,1845.5999755859373,1852.800048828125,25,0.712077947705847,0.0,0.0,0.0,0.0,0.0,0.0,0.0,4.33,300.42,3.5,27216.445,18449.1,3.53,1821.471435546875,1803.375,19.163216393359907,2.0938945877005954
2023-01-05,1855.199951171875,1855.199951171875,1834.800048828125,1834.800048828125,24,-0.971502565070892,1.0,0.0,0.0,0.0,0.0,0.0,0.0,4.33,300.42,3.5,27216.445,18449.1,3.53,1827.0285818917412,1806.65,15.869020718695463,1.4879154848610021
2023-01-06,1838.4000244140625,1868.199951171875,1835.300048828125,1864.199951171875,26,1.6023491149636415,1.0,0.0,0.0,0.0,0.0,0.0,0.0,4.33,300.42,3.5,27216.445,18449.1,3.53,1834.0857107979912,1810.5849975585938,19.977099830799254,2.4567161952115946
2023-01-09,1867.0,1880.0,1867.0,1872.699951171875,62,0.4559596729233117,0.0,0.0,0.0,0.0,0.0,0.0,0.0,4.33,300.42,3.5,27216.445,18449.1,3.53,1843.3428431919642,1814.7849975585937,20.816720014753937,2.91256808386835
2023-01-10,1877.800048828125,1878.0999755859373,1871.5999755859373,1871.5999755859373,101,-0.0587374173449117,1.0,0.0,0.0,0.0,0.0,0.0,0.0,4.33,300.42,3.5,27216.445,18449.1,3.53,1850.785696847098,1818.4599975585938,20.175178061864123,1.7339797391276779
2023-01-11,1873.0999755859373,1877.800048828125,1873.0999755859373,1874.5999755859373,1236,0.1602906624884381,1.0,0.0,0.0,0.0,0.0,0.0,0.0,4.33,300.42,3.5,27216.445,18449.1,3.53,1858.6285574776787,1823.1649963378907,16.39334166940396,1.1765935979762387
2023-01-12,1877.199951171875,1897.4000244140625,1877.199951171875,1895.5,59,1.1149058298440595,1.0,0.0,0.0,0.0,0.0,0.0,0.0,4.33,300.42,3.5,27216.445,18449.1,3.53,1866.5999930245537,1827.2449951171875,19.012515837335496,3.3082597316608897
2023-01-13,1899.0,1920.9000244140625,1898.300048828125,1918.4000244140625,512,1.2081257934087208,0.0,0.0,0.0,0.0,0.0,0.0,0.0,4.33,300.42,3.5,27216.445,18449.1,3.53,1875.9714181082588,1832.7899963378907,25.970797979726054,2.907417372697396
2023-01-17,1920.0999755859373,1920.0999755859373,1905.199951171875,1907.199951171875,706,-0.5838236603238345,0.0,0.0,0.0,0.0,0.0,0.0,0.0,4.33,300.42,3.5,27216.445,18449.1,3.53,1886.3142613002233,1839.2899963378907,20.72925821985077,1.842259886769959
2023-01-18,1911.0999755859373,1911.0999755859373,1903.0999755859373,1904.4000244140625,1027,-0.1468082439962326,1.0,0.0,0.0,0.0,0.0,0.0,0.0,4.33,300.42,3.5,27216.445,18449.1,3.53,1892.05712890625,1845.0099975585938,19.084903696578507,1.7525138521043537
2023-01-19,1922.0999755859373,1931.800048828125,1922.0999755859373,1922.0999755859373,371,0.92942401517353,1.0,0.0,0.0,0.0,0.0,0.0,0.0,4.33,300.42,3.5,27216.445,18449.1,3.53,1899.1142752511162,1851.729998779297,19.85216360876451,2.5338739260973853
2023-01-20,1922.0999755859373,1928.5,1921.4000244140625,1926.4000244140625,1346,0.2237161897270301,1.0,0.0,0.0,0.0,0.0,0.0,0.0,4.33,300.42,3.5,27216.445,18449.1,3.53,1906.9428536551338,1857.2549987792968,17.903069300251996,1.630178022372064
2023-01-23,1926.5,1927.0999755859373,1915.0,1927.0999755859373,218,0.0363346741592662,1.0,0.0,0.0,0.0,0.0,0.0,0.0,4.33,300.42,3.5,27216.445,18449.1,3.53,1914.4428536551338,1862.8149963378905,12.176597396590651,0.45350036807532135
2023-01-24,1931.800048828125,1936.800048828125,1931.800048828125,1933.9000244140625,201,0.3528643513192708,1.0,0.0,0.0,0.0,0.0,0.0,0.0,4.33,300.42,3.5,27216.445,18449.1,3.53,1919.9285714285713,1870.1599975585937,10.791317789975594,1.3999619298323607
2023-01-25,1941.199951171875,1941.199951171875,1939.800048828125,1941.199951171875,7,0.3774717754618351,0.0,0.0,0.0,0.0,0.0,0.0,0.0,4.33,300.42,3.5,27216.445,18449.1,3.53,1923.1857038225446,1877.4249938964845,13.382750078929796,1.9323632790403389
2023-01-26,1936.5999755859373,1937.0999755859373,1927.0999755859373,1929.0999755859373,131,-0.6233245358693296,0.0,0.0,0.0,0.0,0.0,0.0,0.0,4.33,300.42,3.5,27216.445,18449.1,3.53,1926.3142787388392,1883.139990234375,11.441929132837931,0.3641850106088418
2023-01-27,1928.5999755859373,1928.5999755859373,1928.5999755859373,1928.5999755859373,150902,-0.0259188225767426,0.0,0.0,0.0,0.0,0.0,0.0,0.0,4.33,300.42,3.5,27216.445,18449.1,3.53,1929.7714146205358,1889.1749877929688,6.148628595325104,0.11420012167742133
2023-01-30,1928.300048828125,1933.5999755859373,1920.300048828125,1922.9000244140625,27220,-0.2955486489697345,1.0,0.0,0.0,0.0,0.0,0.0,0.0,4.33,300.42,3.5,27216.445,18449.1,3.53,1929.885707310268,1894.344989013672,5.987589782139204,-0.21794153002351324
2023-01-31,1923.0,1930.4000244140625,1900.5999755859373,1929.5,1910,0.3432303032992356,0.0,0.0,0.0,0.0,0.0,0.0,0.0,4.33,300.42,3.5,27216.445,18449.1,3.53,1930.3285609654017,1899.8349914550781,5.798467293924844,-0.22752077969467877
2023-02-01,1927.199951171875,1955.0,1922.0,1927.800048828125,2290,-0.0881031962619904,0.0,0.0,0.0,0.0,0.0,0.0,0.0,4.57,301.45,3.6,27216.445,18491.6,3.39,1930.4285714285713,1904.2399963378907,5.739235332036181,-0.6902896497427147
2023-02-02,1952.300048828125,1959.0999755859373,1911.300048828125,1916.300048828125,748,-0.5965348951511129,0.0,0.0,0.0,0.0,0.0,0.0,0.0,4.57,301.45,3.6,27216.445,18491.6,3.39,1927.9142892020088,1907.4149963378907,7.538189353951805,-0.6635180612619362
2023-02-03,1912.4000244140625,1917.0,1861.5,1862.9000244140625,992,-2.786621252069488,1.0,0.0,0.0,0.0,0.0,0.0,0.0,4.57,301.45,3.6,27216.445,18491.6,3.39,1916.7285853794642,1908.8199951171875,24.205549688436495,-3.4066137096115057
2023-02-06,1865.5999755859373,1880.0,1863.4000244140625,1866.199951171875,424,0.1771392299407148,1.0,0.0,0.0,0.0,0.0,0.0,0.0,4.57,301.45,3.6,27216.445,18491.6,3.39,1907.7428676060267,1908.9199951171875,29.86174120351101,-2.948675049263927
2023-02-07,1870.0,1875.699951171875,1868.0,1871.699951171875,297,0.2947165439880272,1.0,0.0,0.0,0.0,0.0,0.0,0.0,4.57,301.45,3.6,27216.445,18491.6,3.39,1899.614292689732,1908.8699951171875,30.962068963054964,-2.9955972442666456
2023-02-08,1872.0999755859373,1880.4000244140625,1872.0999755859373,1877.4000244140625,230,0.3045399044124819,0.0,0.0,0.0,0.0,0.0,0.0,0.0,4.57,301.45,3.6,27216.445,18491.6,3.39,1893.114292689732,1909.1599975585937,30.020539357590582,-2.614380285170126
2023-02-09,1875.300048828125,1884.5999755859373,1859.800048828125,1866.199951171875,223,-0.596573617584939,0.0,0.0,0.0,0.0,0.0,0.0,0.0,4.57,301.45,3.6,27216.445,18491.6,3.39,1884.0714285714287,1908.7399963378907,26.568919945933892,-2.6144182215560474
2023-02-10,1861.5999755859373,1863.5,1852.4000244140625,1862.800048828125,27,-0.1821831761176007,0.0,0.0,0.0,0.0,0.0,0.0,0.0,4.57,301.45,3.6,27216.445,18491.6,3.39,1874.7857142857142,1907.104998779297,19.026967618877283,-0.005366664052142145
2023-02-13,1859.0,1861.0,1850.0,1851.9000244140625,569,-0.5851419437593264,1.0,0.0,0.0,0.0,0.0,0.0,0.0,4.57,301.45,3.6,27216.445,18491.6,3.39,1865.5857107979912,1903.7799987792969,7.958091896536943,-0.766259089698984
2023-02-14,1854.0999755859373,1862.0,1846.199951171875,1854.0,656,0.1133957318566247,0.0,0.0,0.0,0.0,0.0,0.0,0.0,4.57,301.45,3.6,27216.445,18491.6,3.39,1864.3142787388392,1901.1200012207032,9.08925525714268,-0.9456617852019011
2023-02-15,1842.0,1842.0,1828.199951171875,1834.199951171875,368,-1.067963798712246,1.0,0.0,0.0,0.0,0.0,0.0,0.0,4.57,301.45,3.6,27216.445,18491.6,3.39,1859.7428501674108,1897.6099975585937,14.449444146039266,-2.3010585213809276
2023-02-16,1838.5999755859373,1843.699951171875,1827.199951171875,1842.0,222,0.425256189934009,0.0,0.0,0.0,0.0,0.0,0.0,0.0,4.57,301.45,3.6,27216.445,18491.6,3.39,1855.5,1893.604998779297,14.711348463049797,-1.296750177100725
2023-02-17,1827.4000244140625,1842.199951171875,1818.4000244140625,1840.4000244140625,35,-0.0868607809955235,0.0,0.0,0.0,0.0,0.0,0.0,0.0,4.57,301.45,3.6,27216.445,18491.6,3.39,1850.2142857142858,1889.304998779297,11.911964618229408,-1.2024921530442434
2023-02-21,1842.5999755859373,1843.0,1833.0,1833.0,862,-0.4020878241630332,0.0,0.0,0.0,0.0,0.0,0.0,0.0,4.57,301.45,3.6,27216.445,18491.6,3.39,1845.471435546875,1884.6,11.065691309578781,-1.0205747699605139
2023-02-22,1835.699951171875,1836.199951171875,1825.0999755859373,1832.0,278,-0.0545553737043125,0.0,0.0,0.0,0.0,0.0,0.0,0.0,4.57,301.45,3.6,27216.445,18491.6,3.39,1841.0714285714287,1879.5049987792968,8.947769300297306,-1.1866235167206085
2023-02-23,1826.4000244140625,1827.5,1818.0,1818.0,291,-0.7641921397379958,0.0,0.0,0.0,0.0,0.0,0.0,0.0,4.57,301.45,3.6,27216.445,18491.6,3.39,1836.2285679408483,1873.3450012207031,11.039585495698228,-0.8832162034201785
2023-02-24,1808.800048828125,1808.800048828125,1808.800048828125,1808.800048828125,404,-0.5060479192450451,1.0,0.0,0.0,0.0,0.0,0.0,0.0,4.57,301.45,3.6,27216.445,18491.6,3.39,1829.7714320591517,1867.3300048828125,12.08216539796173,-1.8023860571050543
2023-02-27,1811.5999755859373,1817.5,1808.9000244140625,1817.0,829,0.4533365187151306,1.0,0.0,0.0,0.0,0.0,0.0,0.0,4.57,301.45,3.6,27216.445,18491.6,3.39,1827.3142961774554,1861.7500061035157,12.761317867839223,-1.2714640351905282
2023-02-28,1808.0999755859373,1830.0,1808.0999755859373,1828.9000244140625,618,0.6549270453529266,1.0,0.0,0.0,0.0,0.0,0.0,0.0,4.57,301.45,3.6,27216.445,18491.6,3.39,1825.44287109375,1857.0500061035157,11.101324370795036,-0.22367570026936567
2023-03-01,1827.0999755859373,1841.699951171875,1827.0999755859373,1837.699951171875,211,0.4811595297906867,0.0,0.0,0.0,0.0,0.0,0.0,0.0,4.65,301.821,3.5,27216.445,18520.4,4.01,1825.0571463448662,1852.4600036621093,10.527064391641305,0.31113270588838393
2023-03-02,1830.0,1836.300048828125,1830.0,1833.5,154,-0.2285439018049007,1.0,0.0,0.0,0.0,0.0,0.0,0.0,4.65,301.821,3.5,27216.445,18520.4,4.01,1825.1285749162946,1847.7450012207032,10.591440314423668,0.8525852585258509
2023-03-03,1837.300048828125,1855.4000244140625,1837.300048828125,1847.699951171875,61,0.7744723846127677,1.0,0.0,0.0,0.0,0.0,0.0,0.0,4.65,301.821,3.5,27216.445,18520.4,4.01,1827.3714250837054,1844.3149963378905,13.540738242305318,2.1505916239305867
2023-03-06,1853.300048828125,1853.800048828125,1844.199951171875,1847.9000244140625,5,0.0108282322603736,0.0,0.0,0.0,0.0,0.0,0.0,0.0,4.65,301.821,3.5,27216.445,18520.4,4.01,1831.642857142857,1843.5649963378905,14.753493441638907,1.7006067371525768
2023-03-07,1840.9000244140625,1840.9000244140625,1813.9000244140625,1813.9000244140625,450,-1.8399263786351705,0.0,0.0,0.0,0.0,0.0,0.0,0.0,4.65,301.821,3.5,27216.445,18520.4,4.01,1832.3714250837054,1840.95,13.511056924005171,-0.8201651156304002
2023-03-08,1811.5999755859373,1812.9000244140625,1811.5,1812.699951171875,75,-0.0661598338406288,1.0,0.0,0.0,0.0,0.0,0.0,0.0,4.65,301.821,3.5,27216.445,18520.4,4.01,1831.7571323939733,1838.0,14.395234416416594,-1.3603961835041645
2023-03-09,1816.4000244140625,1829.300048828125,1815.5999755859373,1829.300048828125,332,0.9157664314779934,1.0,0.0,0.0,0.0,0.0,0.0,0.0,4.65,301.821,3.5,27216.445,18520.4,4.01,1831.8142787388392,1835.5950012207031,14.382790510010445,-0.22906742142759784
2023-03-10,1852.300048828125,1868.5,1852.0,1862.0,248,1.7875662985316731,1.0,0.0,0.0,0.0,0.0,0.0,0.0,4.65,301.821,3.5,27216.445,18520.4,4.01,1835.2857142857142,1835.3850036621093,18.409094454932447,0.7739378257306084
2023-03-13,1890.800048828125,1913.0999755859373,1875.0999755859373,1911.699951171875,503,2.669170309982549,0.0,0.0,0.0,0.0,0.0,0.0,0.0,4.65,301.821,3.5,27216.445,18520.4,4.01,1846.4571358816963,1837.8299987792968,34.1460362559633,3.452563770490902
2023-03-14,1912.199951171875,1912.199951171875,1901.0999755859373,1906.199951171875,107,-0.2877020526483975,1.0,0.0,0.0,0.0,0.0,0.0,0.0,4.65,301.821,3.5,27216.445,18520.4,4.01,1854.8142787388392,1840.5449951171875,40.97657315216671,5.088479272038593
2023-03-15,1903.9000244140625,1926.5999755859373,1898.5,1926.5999755859373,564,1.0701933132209351,0.0,0.0,0.0,0.0,0.0,0.0,0.0,4.65,301.821,3.5,27216.445,18520.4,4.01,1866.05712890625,1844.1749938964845,48.81093607570068,6.283446101514389
2023-03-16,1909.9000244140625,1931.699951171875,1909.9000244140625,1919.0,394,-0.3944760553433513,1.0,0.0,0.0,0.0,0.0,0.0,0.0,4.65,301.821,3.5,27216.445,18520.4,4.01,1881.0714111328125,1848.4149963378907,46.18735079128791,4.90351220562959
2023-03-17,1946.0,1985.0999755859373,1946.0,1969.800048828125,82,2.6472146340867697,1.0,0.0,0.0,0.0,0.0,0.0,0.0,4.65,301.821,3.5,27216.445,18520.4,4.01,1903.5142822265625,1854.804998779297,45.592334166073826,5.789476306558816
2023-03-20,1988.300048828125,2003.9000244140625,1968.9000244140625,1979.199951171875,389,0.4772008381938253,0.0,0.0,0.0,0.0,0.0,0.0,0.0,4.65,301.821,3.5,27216.445,18520.4,4.01,1924.9285539899554,1861.7449951171875,39.75453099323361,3.530888827957668
2023-03-21,1973.800048828125,1973.800048828125,1938.0,1938.0,47,-2.0816467354640267,1.0,0.0,0.0,0.0,0.0,0.0,0.0,4.65,301.821,3.5,27216.445,18520.4,4.01,1935.7856968470983,1866.9949951171875,28.48465476748125,1.6682430827141381
2023-03-22,1946.800048828125,1974.0,1946.800048828125,1946.800048828125,50,0.4540788869001444,1.0,0.0,0.0,0.0,0.0,0.0,0.0,4.65,301.821,3.5,27216.445,18520.4,4.01,1940.7999965122767,1872.7349975585937,26.562642125864215,1.048483001046674
2023-03-23,1990.5,1994.5999755859373,1990.5,1993.800048828125,33,2.414218143681035,0.0,0.0,0.0,0.0,0.0,0.0,0.0,4.65,301.821,3.5,27216.445,18520.4,4.01,1953.3142961774554,1881.525,28.133705394644192,3.8978660150143396
2023-03-24,1991.699951171875,1995.4000244140625,1982.0999755859373,1982.0999755859373,19,-0.5868227984578755,0.0,0.0,0.0,0.0,0.0,0.0,0.0,4.65,301.821,3.5,27216.445,18520.4,4.01,1961.2428676060267,1890.1899963378905,27.153750432955633,0.6244251422945046
2023-03-27,1957.199951171875,1957.199951171875,1952.4000244140625,1952.4000244140625,877,-1.4984083314513508,1.0,0.0,0.0,0.0,0.0,0.0,0.0,4.65,301.821,3.5,27216.445,18520.4,4.01,1966.0142996651787,1896.9599975585938,20.649160759067964,-1.3540787903690288
2023-03-28,1972.4000244140625,1972.4000244140625,1972.4000244140625,1972.4000244140625,21,1.0243802371392663,0.0,0.0,0.0,0.0,0.0,0.0,0.0,4.65,301.821,3.5,27216.445,18520.4,4.01,1966.3857247488838,1904.1349975585938,20.75173457817084,1.7750270595491502
2023-03-29,1966.0999755859373,1966.0999755859373,1966.0999755859373,1966.0999755859373,88563,-0.3194102996422754,1.0,0.0,0.0,0.0,0.0,0.0,0.0,4.65,301.821,3.5,27216.445,18520.4,4.01,1964.5142996651782,1910.554998779297,19.97985885366449,0.9913666670303245
2023-03-30,1965.9000244140625,1984.4000244140625,1954.9000244140625,1980.300048828125,10119,0.7222457361536705,0.0,0.0,0.0,0.0,0.0,0.0,0.0,4.65,301.821,3.5,27216.445,18520.4,4.01,1970.5571637834819,1917.895001220703,16.761746634865954,-0.6770989903393199
2023-03-31,1981.300048828125,1986.800048828125,1968.0,1969.0,957,-0.5706230646619459,1.0,0.0,0.0,0.0,0.0,0.0,0.0,4.65,301.821,3.5,27216.445,18520.4,4.01,1973.728585379464,1923.9600036621093,13.249878898684901,-0.660913967372645
2023-04-03,1968.0999755859373,1991.699951171875,1950.0,1983.9000244140625,737,0.7567305441372518,1.0,0.0,0.0,0.0,0.0,0.0,0.0,4.83,302.845,3.4,27530.055,18641.8,4.01,1972.3142961774552,1930.7600036621093,11.105169775185091,1.613398873494365
2023-04-04,1984.5999755859373,2027.0999755859373,1979.0,2022.199951171875,811,1.9305371382877248,0.0,0.0,0.0,0.0,0.0,0.0,0.0,4.83,302.845,3.4,27530.055,18641.8,4.01,1978.0428641183037,1941.175,21.996410285090867,2.5248390864630155
2023-04-05,2022.0999755859373,2033.800048828125,2013.5999755859373,2020.9000244140625,525,-0.0642828003758588,0.0,0.0,0.0,0.0,0.0,0.0,0.0,4.83,302.845,3.4,27530.055,18641.8,4.01,1987.828578404018,1951.5850036621093,23.84642504488434,2.787246300218982
2023-04-06,2022.199951171875,2023.300048828125,2005.0,2011.9000244140625,0,-0.4453461275309434,0.0,0.0,0.0,0.0,0.0,0.0,0.0,4.83,302.845,3.4,27530.055,18641.8,4.01,1993.471435546875,1960.7150024414063,24.25700346353025,1.5957165483400981
2023-04-10,2000.0,2006.5999755859373,1984.0,1989.0999755859373,652,-1.1332595333490958,1.0,0.0,0.0,0.0,0.0,0.0,0.0,4.83,302.845,3.4,27530.055,18641.8,4.01,1996.7571498325892,1967.070001220703,21.310227260651537,1.0208215127444076
2023-04-11,1991.4000244140625,2006.5,1991.4000244140625,2004.800048828125,68,0.7893053860986932,1.0,0.0,0.0,0.0,0.0,0.0,0.0,4.83,302.845,3.4,27530.055,18641.8,4.01,2000.2571498325892,1971.7250061035156,20.136437810533465,1.0534817358165638
2023-04-12,2005.199951171875,2025.699951171875,2005.199951171875,2010.9000244140625,172,0.3042685274026846,1.0,0.0,0.0,0.0,0.0,0.0,0.0,4.83,302.845,3.4,27530.055,18641.8,4.01,2006.2428676060267,1976.960009765625,14.822934982891153,-0.558793741007868
2023-04-13,2015.5999755859373,2048.60009765625,2015.5999755859373,2041.300048828125,1043,1.5117620988104763,0.0,0.0,0.0,0.0,0.0,0.0,0.0,4.83,302.845,3.4,27530.055,18641.8,4.01,2014.44287109375,1982.6950134277345,16.214393410329397,1.0094524304821606
2023-04-14,2041.0,2047.800048828125,1995.0,2002.199951171875,718,-1.9154507774933327,0.0,0.0,0.0,0.0,0.0,0.0,0.0,4.83,302.845,3.4,27530.055,18641.8,4.01,2011.585728236607,1986.8550109863281,16.38095063237473,-0.4821349532520891
2023-04-17,2002.699951171875,2007.5999755859373,1983.199951171875,1994.199951171875,554,-0.3995604932123586,1.0,0.0,0.0,0.0,0.0,0.0,0.0,4.83,302.845,3.4,27530.055,18641.8,4.01,2007.7714320591517,1988.0750061035155,16.949338262793624,0.25639614139734146
2023-04-18,1996.9000244140625,2007.4000244140625,1996.9000244140625,2007.4000244140625,72,0.661923255711172,0.0,0.0,0.0,0.0,0.0,0.0,0.0,4.83,302.845,3.4,27530.055,18641.8,4.01,2007.1285749162946,1989.485009765625,16.85170721787833,0.12968752606812295
2023-04-19,2005.699951171875,2006.4000244140625,1969.800048828125,1995.199951171875,61,-0.607754961333562,1.0,0.0,0.0,0.0,0.0,0.0,0.0,4.83,302.845,3.4,27530.055,18641.8,4.01,2008.0,1992.3450073242188,15.894580920491617,-0.7807485728566821
2023-04-20,1998.0,2007.5999755859373,1998.0,2007.5999755859373,164,0.6214928186410118,0.0,0.0,0.0,0.0,0.0,0.0,0.0,4.83,302.845,3.4,27530.055,18641.8,4.01,2008.3999895368304,1995.3850036621093,15.835753884016048,-1.6509122831567247
2023-04-21,1996.199951171875,1996.199951171875,1974.0999755859373,1979.5,132,-1.3996800123359243,1.0,0.0,0.0,0.0,0.0,0.0,0.0,4.83,302.845,3.4,27530.055,18641.8,4.01,2003.914271763393,1994.6700012207032,19.116895579965586,-1.1337504607663584
2023-04-24,1981.300048828125,1989.800048828125,1977.4000244140625,1989.0999755859373,145,0.4849697189157398,1.0,0.0,0.0,0.0,0.0,0.0,0.0,4.83,302.845,3.4,27530.055,18641.8,4.01,1996.4571184430804,1995.020001220703,10.208144417514147,-0.25574043279565917
2023-04-25,1995.699951171875,1999.0999755859373,1982.300048828125,1994.0,306,0.2463437974061344,0.0,0.0,0.0,0.0,0.0,0.0,0.0,4.83,302.845,3.4,27530.055,18641.8,4.01,1995.2856968470983,1997.1,9.905293013473894,-0.6675313465722366
2023-04-26,1997.800048828125,1998.800048828125,1985.5999755859373,1985.699951171875,615,-0.416251194991224,1.0,0.0,0.0,0.0,0.0,0.0,0.0,4.83,302.845,3.4,27530.055,18641.8,4.01,1994.0714111328125,1997.7649963378906,10.559949700038306,-0.47614275423474295
2023-04-27,1990.5999755859373,2002.300048828125,1979.9000244140625,1989.9000244140625,355,0.2115160067214017,1.0,0.0,0.0,0.0,0.0,0.0,0.0,4.83,302.845,3.4,27530.055,18641.8,4.01,1991.5714111328125,1998.9549987792968,8.804106628541073,-0.8816473095796362
2023-04-28,1986.9000244140625,1990.0999755859373,1977.699951171875,1990.0999755859373,152,0.0100483023981912,0.0,0.0,0.0,0.0,0.0,0.0,0.0,4.83,302.845,3.4,27530.055,18641.8,4.01,1990.8428431919642,1999.444995117187,8.663687650214172,0.5354875264429015
2023-05-01,1980.0999755859373,2005.0,1976.9000244140625,1983.4000244140625,210,-0.3366640497496687,1.0,0.0,0.0,0.0,0.0,0.0,0.0,5.06,303.334,3.6,27530.055,18664.6,3.59,1987.385707310268,2000.1649963378902,4.852635846679183,-0.2865593103330899
2023-05-02,1994.699951171875,2018.0,1994.699951171875,2014.300048828125,1896,1.5579320375974648,1.0,0.0,0.0,0.0,0.0,0.0,0.0,5.06,303.334,3.6,27530.055,18664.6,3.59,1992.357142857143,2001.6849975585933,10.250850759345795,1.0180566112399703
2023-05-03,2017.0999755859373,2035.0999755859373,2015.199951171875,2028.5999755859373,1349,0.7099203897717121,1.0,0.0,0.0,0.0,0.0,0.0,0.0,5.06,303.334,3.6,27530.055,18664.6,3.59,1998.0,2002.0049987792966,16.884512509861864,2.160448480081012
2023-05-04,2045.0,2072.0,2040.0,2048.0,930,0.9563257738115284,0.0,0.0,0.0,0.0,0.0,0.0,0.0,5.06,303.334,3.6,27530.055,18664.6,3.59,2005.7142857142858,2003.3599975585935,25.092990879269298,2.919743448068224
2023-05-05,2046.4000244140625,2046.4000244140625,2004.300048828125,2017.4000244140625,59,-1.4941394329071045,1.0,0.0,0.0,0.0,0.0,0.0,0.0,5.06,303.334,3.6,27530.055,18664.6,3.59,2010.2428676060267,2003.6349975585933,23.700828648435426,1.371792832673524
2023-05-08,2022.5,2026.300048828125,2022.5,2026.300048828125,3,0.4411630963793378,1.0,0.0,0.0,0.0,0.0,0.0,0.0,5.06,303.334,3.6,27530.055,18664.6,3.59,2015.44287109375,2005.4950012207028,22.45401678057864,2.1629537100936513
2023-05-09,2026.5999755859373,2037.300048828125,2025.9000244140625,2036.199951171875,241,0.4885704044411021,0.0,0.0,0.0,0.0,0.0,0.0,0.0,5.06,303.334,3.6,27530.055,18664.6,3.59,2022.0285818917412,2007.0649963378903,20.453565830686262,1.0872214572248406
2023-05-10,2032.300048828125,2044.300048828125,2029.5,2030.5,248,-0.279930817628915,0.0,0.0,0.0,0.0,0.0,0.0,0.0,5.06,303.334,3.6,27530.055,18664.6,3.59,2028.7571498325892,2008.0449951171872,11.348819449305095,0.09366185728725274
2023-05-11,2034.0999755859373,2038.300048828125,2014.0,2014.699951171875,90,-0.7781358693979334,0.0,0.0,0.0,0.0,0.0,0.0,0.0,5.06,303.334,3.6,27530.055,18664.6,3.59,2028.8142787388392,2006.7149902343747,11.264608560350664,-1.625978946685791
2023-05-12,2014.5,2014.5,2014.5,2014.5,115,-0.0099246129310115,1.0,0.0,0.0,0.0,0.0,0.0,0.0,5.06,303.334,3.6,27530.055,18664.6,3.59,2026.7999965122767,2007.3299926757809,12.50199821269722,-0.14375058882557523
2023-05-15,2013.800048828125,2018.0,2013.800048828125,2018.0,3,0.1737403822288374,0.0,0.0,0.0,0.0,0.0,0.0,0.0,5.06,303.334,3.6,27530.055,18664.6,3.59,2022.5142822265625,2008.5199951171871,8.536471929579116,-0.40961598125238696
2023-05-16,1988.4000244140625,1988.4000244140625,1988.4000244140625,1988.4000244140625,49,-1.4667976008888806,0.0,0.0,0.0,0.0,0.0,0.0,0.0,5.06,303.334,3.6,27530.055,18664.6,3.59,2018.3714250837054,2007.569995117187,15.570871384357194,-2.347506527062959
2023-05-17,1983.5999755859373,1983.5999755859373,1980.699951171875,1980.699951171875,13,-0.3872497056751189,0.0,0.0,0.0,0.0,0.0,0.0,0.0,5.06,303.334,3.6,27530.055,18664.6,3.59,2011.8571254185267,2006.8449951171872,20.46923050713023,-2.452600287029061
2023-05-18,1956.5,1956.800048828125,1956.5,1956.5,23,-1.2217878410890617,1.0,0.0,0.0,0.0,0.0,0.0,0.0,5.06,303.334,3.6,27530.055,18664.6,3.59,2000.4714181082588,2004.2899963378902,26.071485821306123,-2.888765204864485
2023-05-19,1960.0,1978.699951171875,1960.0,1978.699951171875,106,1.1346767785266998,0.0,0.0,0.0,0.0,0.0,0.0,0.0,5.06,303.334,3.6,27530.055,18664.6,3.59,1993.0714111328125,2004.249993896484,23.335575691277302,-1.7771183334884588
2023-05-22,1980.5,1980.5,1974.800048828125,1974.800048828125,8,-0.1970941749627197,0.0,0.0,0.0,0.0,0.0,0.0,0.0,5.06,303.334,3.6,27530.055,18664.6,3.59,1987.3714250837054,2003.5349975585937,22.007251102715326,-2.1407309797757734
2023-05-23,1972.4000244140625,1972.4000244140625,1972.4000244140625,1972.4000244140625,1,-0.1215325275835788,0.0,0.0,0.0,0.0,0.0,0.0,0.0,5.06,303.334,3.6,27530.055,18664.6,3.59,1981.357142857143,2002.4549987792968,18.889577076193017,-0.8046670591203009
2023-05-24,1975.4000244140625,1975.4000244140625,1962.800048828125,1962.800048828125,189,-0.4867154465174605,0.0,0.0,0.0,0.0,0.0,0.0,0.0,5.06,303.334,3.6,27530.055,18664.6,3.59,1973.471435546875,2001.3100036621095,10.857200632393043,-0.903715998637733
2023-05-25,1943.0999755859373,1943.0999755859373,1943.0999755859373,1943.0999755859373,1,-1.003671935607986,1.0,0.0,0.0,0.0,0.0,0.0,0.0,5.06,303.334,3.6,27530.055,18664.6,3.59,1967.0,1998.9700012207031,13.623994163265328,-0.6848977466937245
2023-05-26,1948.199951171875,1948.4000244140625,1944.0999755859373,1944.0999755859373,166036,0.0514641558625239,1.0,0.0,0.0,0.0,0.0,0.0,0.0,5.06,303.334,3.6,27530.055,18664.6,3.59,1961.7714320591517,1996.6700012207032,14.485833877922722,-1.7486216424802636
2023-05-30,1942.699951171875,1962.5999755859373,1931.0,1958.0,37838,0.7149850619114106,1.0,0.0,0.0,0.0,0.0,0.0,0.0,5.06,303.334,3.6,27530.055,18664.6,3.59,1961.9857177734375,1995.4,14.405731348342783,-0.850721511683894
2023-05-31,1958.199951171875,1973.0,1953.0,1963.9000244140625,5959,0.3013291324853062,1.0,0.0,0.0,0.0,0.0,0.0,0.0,5.06,303.334,3.6,27530.055,18664.6,3.59,1959.8714425223213,1992.8799987792968,12.504388743146057,-0.4309470642257285
2023-06-01,1963.199951171875,1983.0,1954.300048828125,1978.0,750,0.7179579108230971,0.0,0.0,0.0,0.0,0.0,0.0,0.0,5.08,304.014,3.6,27530.055,18773.0,3.61,1960.328578404018,1990.35,13.181280441885374,0.7744014058360227
2023-06-02,1977.0999755859373,1982.5,1947.4000244140625,1952.4000244140625,356,-1.2942353683487062,1.0,0.0,0.0,0.0,0.0,0.0,0.0,5.08,304.014,3.6,27530.055,18773.0,3.61,1957.471435546875,1985.570001220703,12.264285731214116,0.47861916241962454
2023-06-05,1947.5,1961.9000244140625,1937.800048828125,1958.0,713,0.2868252159348383,1.0,0.0,0.0,0.0,0.0,0.0,0.0,5.08,304.014,3.6,27530.055,18773.0,3.61,1956.7857142857142,1982.6,12.0489971389401,0.7149850619114106
2023-06-06,1960.800048828125,1965.5,1958.800048828125,1965.5,164,0.3830439223697635,0.0,0.0,0.0,0.0,0.0,0.0,0.0,5.08,304.014,3.6,27530.055,18773.0,3.61,1959.9857177734375,1979.5599975585938,10.70847925576289,0.3830439223697635
2023-06-07,1959.0,1968.4000244140625,1940.699951171875,1942.699951171875,139,-1.1600126597875904,1.0,0.0,0.0,0.0,0.0,0.0,0.0,5.08,304.014,3.6,27530.055,18773.0,3.61,1959.7857142857142,1974.8849975585938,11.061872055374783,-1.0794884148195183
2023-06-08,1943.199951171875,1969.0,1943.0999755859373,1963.5999755859373,433,1.0758235929050786,0.0,0.0,0.0,0.0,0.0,0.0,0.0,5.08,304.014,3.6,27530.055,18773.0,3.61,1960.5857107979907,1971.5399963378907,11.113579779077089,-0.7280093232589824
2023-06-09,1965.0999755859373,1969.800048828125,1960.300048828125,1962.199951171875,49,-0.0712988608407627,0.0,0.0,0.0,0.0,0.0,0.0,0.0,5.08,304.014,3.6,27530.055,18773.0,3.61,1960.3428431919642,1968.9149963378907,11.0474592671503,0.5019425648057796
2023-06-12,1959.699951171875,1963.5,1951.4000244140625,1955.300048828125,212,-0.3516411433824196,0.0,0.0,0.0,0.0,0.0,0.0,0.0,5.08,304.014,3.6,27530.055,18773.0,3.61,1957.0999930245537,1965.9549987792968,7.877395778963555,-0.1378933182775821
2023-06-13,1960.5999755859373,1967.5,1940.300048828125,1944.5999755859373,343,-0.5472343361624055,1.0,0.0,0.0,0.0,0.0,0.0,0.0,5.08,304.014,3.6,27530.055,18773.0,3.61,1955.9857003348213,1962.2849975585937,9.108506822269554,-1.0633439030304115
2023-06-14,1946.199951171875,1958.199951171875,1940.300048828125,1955.300048828125,202,0.5502454682981162,1.0,0.0,0.0,0.0,0.0,0.0,0.0,5.08,304.014,3.6,27530.055,18773.0,3.61,1955.5999930245537,1960.6299987792968,9.066060363898687,0.6485869137253797
2023-06-15,1941.699951171875,1958.800048828125,1926.0,1957.800048828125,329,0.1278576145639753,1.0,0.0,0.0,0.0,0.0,0.0,0.0,5.08,304.014,3.6,27530.055,18773.0,3.61,1954.5,1959.4850036621094,8.077963006204172,-0.29537211397049346
2023-06-16,1961.4000244140625,1962.9000244140625,1953.5,1958.4000244140625,119,0.0306453964130204,0.0,0.0,0.0,0.0,0.0,0.0,0.0,5.08,304.014,3.6,27530.055,18773.0,3.61,1956.7428676060267,1959.5800048828125,6.221960708846554,-0.19365644951438998
2023-06-20,1958.5999755859373,1958.5999755859373,1931.300048828125,1935.5,193,-1.1693231274807592,0.0,0.0,0.0,0.0,0.0,0.0,0.0,5.08,304.014,3.6,27530.055,18773.0,3.61,1952.7285853794642,1957.4200073242187,9.342689049841793,-1.0126348045657707
2023-06-21,1935.5999755859373,1936.800048828125,1920.0,1933.300048828125,557,-0.1136631966868972,0.0,0.0,0.0,0.0,0.0,0.0,0.0,5.08,304.014,3.6,27530.055,18773.0,3.61,1948.6000279017858,1955.3450073242188,10.740588024869952,-0.5810926102890357
2023-06-22,1920.0,1921.0,1912.0999755859373,1912.699951171875,237,-1.065540637043738,1.0,0.0,0.0,0.0,0.0,0.0,0.0,5.08,304.014,3.6,27530.055,18773.0,3.61,1942.5142996651787,1952.3600036621094,16.71742602960165,-2.1786987466083096
2023-06-23,1918.699951171875,1932.5,1918.699951171875,1919.0999755859373,105,0.3346068164084448,1.0,0.0,0.0,0.0,0.0,0.0,0.0,5.08,304.014,3.6,27530.055,18773.0,3.61,1938.8714425223213,1950.175,18.831806734129902,-1.976712242159373
2023-06-26,1922.9000244140625,1928.5,1922.5,1923.699951171875,71,0.2396944215755647,0.0,0.0,0.0,0.0,0.0,0.0,0.0,5.08,304.014,3.6,27530.055,18773.0,3.61,1934.357142857143,1949.2049987792968,18.0066858120632,-1.7718582929741045
2023-06-27,1927.0,1929.4000244140625,1914.0,1914.0,49,-0.5042341018913099,0.0,0.0,0.0,0.0,0.0,0.0,0.0,5.08,304.014,3.6,27530.055,18773.0,3.61,1928.0999930245537,1947.7,16.00116850085093,-1.1108240764660327
2023-06-28,1912.300048828125,1912.300048828125,1912.300048828125,1912.300048828125,628,-0.0888166756465524,0.0,0.0,0.0,0.0,0.0,0.0,0.0,5.08,304.014,3.6,27530.055,18773.0,3.61,1921.5142822265625,1945.4150024414062,9.696817242076833,-1.0862255971456292
2023-06-29,1909.9000244140625,1909.9000244140625,1892.5,1909.199951171875,289,-0.1621135583900534,1.0,0.0,0.0,0.0,0.0,0.0,0.0,5.08,304.014,3.6,27530.055,18773.0,3.61,1917.7571323939733,1942.679998779297,8.380521179019748,-0.1829874046818225
2023-06-30,1908.5999755859373,1921.0999755859373,1900.5999755859373,1921.0999755859373,445,0.623299011020717,1.0,0.0,0.0,0.0,0.0,0.0,0.0,5.08,304.014,3.6,27530.055,18773.0,3.61,1916.0142647879463,1939.8349975585938,5.318647200715629,0.10421551901638182
2023-07-03,1917.9000244140625,1929.5,1917.9000244140625,1921.699951171875,41,0.0312308361648305,0.0,0.0,0.0,0.0,0.0,0.0,0.0,5.12,304.609,3.5,28074.846,18884.2,3.61,1917.2999790736608,1938.2999938964845,5.469597404644403,-0.10396631755288377
2023-07-05,1923.5,1933.9000244140625,1914.699951171875,1919.5999755859373,193,-0.1092769755578704,0.0,0.0,0.0,0.0,0.0,0.0,0.0,5.12,304.609,3.5,28074.846,18884.2,3.61,1917.3714076450892,1936.3799926757813,5.500200857543268,0.2925797066842817
2023-07-06,1909.300048828125,1910.199951171875,1903.199951171875,1908.699951171875,81,-0.567827909600549,1.0,0.0,0.0,0.0,0.0,0.0,0.0,5.12,304.609,3.5,28074.846,18884.2,3.61,1915.228550502232,1933.539990234375,5.545480049756858,-0.18826008284924534
2023-07-07,1913.4000244140625,1934.0999755859373,1913.4000244140625,1926.199951171875,61,0.9168544269755774,0.0,0.0,0.0,0.0,0.0,0.0,0.0,5.12,304.609,3.5,28074.846,18884.2,3.61,1916.971400669643,1932.714990234375,6.857036571635624,0.8904253318027466
2023-07-10,1923.5999755859373,1926.0999755859373,1912.300048828125,1925.0,269,-0.0622962933388593,1.0,0.0,0.0,0.0,0.0,0.0,0.0,5.12,304.609,3.5,28074.846,18884.2,3.61,1918.785679408482,1930.7849914550782,7.0911838580639674,0.20300996635393975
2023-07-11,1925.0,1937.0,1924.199951171875,1931.300048828125,142,0.3272752637986986,1.0,0.0,0.0,0.0,0.0,0.0,0.0,5.12,304.609,3.5,28074.846,18884.2,3.61,1921.942836216518,1929.2399963378907,7.031584854837698,0.4995627777580891
2023-07-12,1932.300048828125,1958.0,1932.199951171875,1956.199951171875,132,1.2892819196508976,1.0,0.0,0.0,0.0,0.0,0.0,0.0,5.12,304.609,3.5,28074.846,18884.2,3.61,1926.9571184430804,1929.2849914550782,14.682741800683816,1.9066459705890493
2023-07-13,1961.0999755859373,1961.0999755859373,1953.0,1959.199951171875,121,0.1533585561231953,1.0,0.0,0.0,0.0,0.0,0.0,0.0,5.12,304.609,3.5,28074.846,18884.2,3.61,1932.3142613002233,1930.014990234375,18.728619090534504,2.6457799178438046
2023-07-14,1958.4000244140625,1960.5999755859373,1952.699951171875,1960.0999755859373,94,0.04593836445963,0.0,0.0,0.0,0.0,0.0,0.0,0.0,5.12,304.609,3.5,28074.846,18884.2,3.61,1938.0999755859375,1930.2549865722656,20.33321775978653,1.7599431665148657
2023-07-17,1954.0,1956.5,1946.5999755859373,1952.4000244140625,29,-0.3928346139371319,1.0,0.0,0.0,0.0,0.0,0.0,0.0,5.12,304.609,3.5,28074.846,18884.2,3.61,1944.3428431919642,1929.9849853515625,16.06214315357702,1.4233778916396211
2023-07-18,1968.800048828125,1978.4000244140625,1963.4000244140625,1977.199951171875,83,1.2702277426602349,1.0,0.0,0.0,0.0,0.0,0.0,0.0,5.12,304.609,3.5,28074.846,18884.2,3.61,1951.6285574776787,1930.924981689453,17.920231776288766,2.376632381467658
2023-07-19,1977.0,1977.5,1973.0,1977.5,35,0.0151754418134197,0.0,0.0,0.0,0.0,0.0,0.0,0.0,5.12,304.609,3.5,28074.846,18884.2,3.61,1959.1285574776787,1933.0249816894532,15.77608795159731,1.0888482445450043
2023-07-20,1973.699951171875,1973.699951171875,1965.5999755859373,1968.300048828125,638,-0.4652314119785061,0.0,0.0,0.0,0.0,0.0,0.0,0.0,5.12,304.609,3.5,28074.846,18884.2,3.61,1964.414271763393,1934.7749816894532,10.06171487786587,0.4644802921114133
2023-07-21,1961.800048828125,1964.300048828125,1961.800048828125,1964.300048828125,50,-0.2032210486598074,0.0,0.0,0.0,0.0,0.0,0.0,0.0,5.12,304.609,3.5,28074.846,18884.2,3.61,1965.5714285714287,1937.3549865722657,9.403842642335343,0.21427852122350988
2023-07-24,1965.300048828125,1965.5,1960.300048828125,1960.300048828125,2,-0.2036348775934837,1.0,0.0,0.0,0.0,0.0,0.0,0.0,5.12,304.609,3.5,28074.846,18884.2,3.61,1965.7285853794642,1939.414990234375,9.288096063956749,0.4046314441341625
2023-07-25,1953.0,1962.5,1953.0,1962.0999755859373,19,0.0918189416404979,1.0,0.0,0.0,0.0,0.0,0.0,0.0,5.12,304.609,3.5,28074.846,18884.2,3.61,1966.0142996651787,1941.3349914550781,9.11524824322954,-0.7637050353449637
2023-07-26,1966.199951171875,1972.0,1966.199951171875,1968.9000244140625,51,0.346569946115749,0.0,0.0,0.0,0.0,0.0,0.0,0.0,5.12,304.609,3.5,28074.846,18884.2,3.61,1968.3714425223213,1944.0799926757813,6.863096516691089,-0.43489130649494445
2023-07-27,1945.4000244140625,1945.4000244140625,1945.4000244140625,1945.4000244140625,194253,-1.1935598409570591,1.0,0.0,0.0,0.0,0.0,0.0,0.0,5.12,304.609,3.5,28074.846,18884.2,3.61,1963.8285958426338,1945.7349914550782,9.898601382920083,-1.1634417439402411
2023-07-28,1945.5,1962.199951171875,1944.199951171875,1960.4000244140625,23155,0.7710496459214289,1.0,0.0,0.0,0.0,0.0,0.0,0.0,5.12,304.609,3.5,28074.846,18884.2,3.61,1961.3857421875,1948.2949951171875,7.863088118668232,-0.19854524854231448
2023-07-31,1959.199951171875,1971.5999755859373,1950.0,1970.5,1025,0.5151997276145792,0.0,0.0,0.0,0.0,0.0,0.0,0.0,5.12,304.609,3.5,28074.846,18884.2,3.61,1961.7000209263392,1950.7649963378906,8.221309606179656,0.5203260173345603
2023-08-01,1964.9000244140625,1965.4000244140625,1940.699951171875,1940.699951171875,688,-1.512308999143619,0.0,0.0,0.0,0.0,0.0,0.0,0.0,5.33,306.082,3.7,28074.846,18953.3,4.05,1958.328578404018,1951.7149963378906,11.25622791818713,-1.0906694195167876
2023-08-02,1948.4000244140625,1953.5999755859373,1933.199951171875,1937.4000244140625,652,-0.170037967786818,0.0,0.0,0.0,0.0,0.0,0.0,0.0,5.33,306.082,3.7,28074.846,18953.3,4.05,1955.0571463448662,1952.604998779297,13.659049528492572,-1.599878084687123
2023-08-03,1934.199951171875,1936.5,1928.0,1932.0,773,-0.2787253198107908,1.0,0.0,0.0,0.0,0.0,0.0,0.0,5.33,306.082,3.7,28074.846,18953.3,4.05,1950.7571498325892,1953.770001220703,15.66321895365818,-0.6888056053200975
2023-08-04,1934.9000244140625,1945.0,1920.0,1939.5999755859373,290,0.3933734775329878,0.0,0.0,0.0,0.0,0.0,0.0,0.0,5.33,306.082,3.7,28074.846,18953.3,4.05,1946.5714285714287,1954.4400024414062,13.812406076299593,-1.061010435068832
2023-08-07,1941.0,1941.0,1929.800048828125,1933.5,376,-0.3144965798473231,0.0,0.0,0.0,0.0,0.0,0.0,0.0,5.33,306.082,3.7,28074.846,18953.3,4.05,1944.8714250837054,1954.8650024414062,14.685340444866295,-1.8776960162395384
2023-08-08,1931.699951171875,1933.199951171875,1923.0,1924.0999755859373,555,-0.4861662484645812,0.0,0.0,0.0,0.0,0.0,0.0,0.0,5.33,306.082,3.7,28074.846,18953.3,4.05,1939.6857038225444,1954.5049987792968,14.697103603409612,-0.8553602310297337
2023-08-09,1925.4000244140625,1928.800048828125,1913.699951171875,1915.4000244140625,451,-0.4521569191967445,0.0,0.0,0.0,0.0,0.0,0.0,0.0,5.33,306.082,3.7,28074.846,18953.3,4.05,1931.814278738839,1952.4650024414063,9.152296355351345,-1.1355424653023638
2023-08-10,1921.0999755859373,1927.800048828125,1911.4000244140625,1914.4000244140625,178,-0.0522084153312008,0.0,0.0,0.0,0.0,0.0,0.0,0.0,5.33,306.082,3.7,28074.846,18953.3,4.05,1928.0571463448657,1950.2250061035156,10.231291412271771,-0.9109718212182982
2023-08-11,1913.0,1916.5999755859373,1911.800048828125,1912.9000244140625,57,-0.0783535301332349,0.0,0.0,0.0,0.0,0.0,0.0,0.0,5.33,306.082,3.7,28074.846,18953.3,4.05,1924.5571463448657,1947.865008544922,10.683124686363408,-1.376569989067411
2023-08-14,1909.300048828125,1912.5999755859373,1903.300048828125,1910.5999755859373,46,-0.1202388414851762,0.0,0.0,0.0,0.0,0.0,0.0,0.0,5.33,306.082,3.7,28074.846,18953.3,4.05,1921.4999999999998,1945.7750061035156,11.245432087674391,-1.184381919527422
2023-08-15,1906.0,1907.699951171875,1895.0,1902.5,73,-0.4239493190327903,0.0,0.0,0.0,0.0,0.0,0.0,0.0,5.33,306.082,3.7,28074.846,18953.3,4.05,1916.2000034877233,1942.0400085449219,9.962593367261647,-1.122601520711497
2023-08-16,1904.5,1904.5,1890.300048828125,1896.0999755859373,22,-0.336400757637989,0.0,0.0,0.0,0.0,0.0,0.0,0.0,5.33,306.082,3.7,28074.846,18953.3,4.05,1910.857142857143,1937.9700073242188,9.132521775789215,-1.0076249651312041
2023-08-17,1893.699951171875,1902.4000244140625,1884.0,1884.0999755859373,245,-0.6328780209119422,1.0,0.0,0.0,0.0,0.0,0.0,0.0,5.33,306.082,3.7,28074.846,18953.3,4.05,1905.142857142857,1933.7600036621093,11.63629148423589,-1.5827438592620702
2023-08-18,1891.800048828125,1891.800048828125,1886.0999755859373,1886.0999755859373,19,0.1061514795348328,1.0,0.0,0.0,0.0,0.0,0.0,0.0,5.33,306.082,3.7,28074.846,18953.3,4.05,1900.9571358816963,1929.85,12.56449824747663,-1.4010167016613617
2023-08-21,1893.5999755859373,1893.5999755859373,1893.300048828125,1893.300048828125,876,0.3817439868186723,1.0,0.0,0.0,0.0,0.0,0.0,0.0,5.33,306.082,3.7,28074.846,18953.3,4.05,1897.9428536551338,1926.5,11.2658639698857,-0.9054708980882675
2023-08-22,1894.5999755859373,1896.800048828125,1892.800048828125,1896.4000244140625,46,0.1637339833090001,1.0,0.0,0.0,0.0,0.0,0.0,0.0,5.33,306.082,3.7,28074.846,18953.3,4.05,1895.5857107979912,1923.2150024414063,9.140465467180443,-0.3206294657522979
2023-08-23,1909.5999755859373,1918.5,1909.5999755859373,1918.5,547,1.165364654156531,0.0,0.0,0.0,0.0,0.0,0.0,0.0,5.33,306.082,3.7,28074.846,18953.3,4.05,1896.7142857142858,1920.695001220703,11.48919337797645,1.1813735932959313
2023-08-24,1920.0,1920.800048828125,1918.199951171875,1918.199951171875,337,-0.0156397616953296,0.0,0.0,0.0,0.0,0.0,0.0,0.0,5.33,306.082,3.7,28074.846,18953.3,4.05,1898.9571358816963,1919.3349975585938,14.0532088809198,1.8098814302745847
2023-08-25,1919.800048828125,1919.800048828125,1911.0999755859373,1911.0999755859373,195,-0.3701374083343145,1.0,0.0,0.0,0.0,0.0,0.0,0.0,5.33,306.082,3.7,28074.846,18953.3,4.05,1901.0999930245537,1916.8699951171875,14.674799334737946,1.3254864706858216
2023-08-28,1915.5,1921.5,1915.5,1917.9000244140625,99,0.3558185817066128,1.0,0.0,0.0,0.0,0.0,0.0,0.0,5.33,306.082,3.7,28074.846,18953.3,4.05,1905.9285714285713,1914.2399963378907,13.675602905892625,1.2993173269690628
2023-08-29,1917.9000244140625,1936.5,1916.9000244140625,1936.5,1674,0.9698094451831452,1.0,0.0,0.0,0.0,0.0,0.0,0.0,5.33,306.082,3.7,28074.846,18953.3,4.05,1913.1285749162946,1914.0299987792969,14.723515031420547,2.1145314843753704
2023-08-30,1936.0,1946.4000244140625,1934.5999755859373,1944.300048828125,396,0.4027910574812887,0.0,0.0,0.0,0.0,0.0,0.0,0.0,5.33,306.082,3.7,28074.846,18953.3,4.05,1920.4142892020088,1914.375,15.851447251056072,1.344803170608544
2023-08-31,1944.4000244140625,1944.4000244140625,1938.199951171875,1938.199951171875,491,-0.3137426067507776,1.0,0.0,0.0,0.0,0.0,0.0,0.0,5.33,306.082,3.7,28074.846,18953.3,4.05,1926.385707310268,1914.6849975585938,12.894768309624176,1.0426441720938096
2023-09-01,1950.0,1950.0,1936.5999755859373,1939.800048828125,167,0.0825558609307774,0.0,0.0,0.0,0.0,0.0,0.0,0.0,5.33,307.276,3.7,28074.846,19048.1,4.18,1929.4285714285713,1914.695001220703,13.23251880048171,1.50175676881521
2023-09-05,1934.4000244140625,1934.4000244140625,1924.699951171875,1926.199951171875,113,-0.7011082232143528,0.0,0.0,0.0,0.0,0.0,0.0,0.0,5.33,307.276,3.7,28074.846,19048.1,4.18,1930.5714285714287,1914.3299987792968,12.421731908102378,0.43276117900610256
2023-09-06,1924.0999755859373,1925.300048828125,1916.300048828125,1918.0999755859373,24,-0.4205158234486417,0.0,0.0,0.0,0.0,0.0,0.0,0.0,5.33,307.276,3.7,28074.846,19048.1,4.18,1931.5714285714287,1914.0299987792969,10.764108569560666,-0.9501690892880332
2023-09-07,1917.5999755859373,1921.5,1917.5,1917.5,41,-0.0312796826846262,1.0,0.0,0.0,0.0,0.0,0.0,0.0,5.33,307.276,3.7,28074.846,19048.1,4.18,1931.5142822265625,1914.1349975585938,10.849509591508328,-1.3783905855620393
2023-09-08,1924.0,1924.699951171875,1918.4000244140625,1918.4000244140625,105,0.0469373879563139,1.0,0.0,0.0,0.0,0.0,0.0,0.0,5.33,307.276,3.7,28074.846,19048.1,4.18,1928.9285714285713,1914.3349975585938,11.594511806581906,-1.0215626486751783
2023-09-11,1923.0,1928.300048828125,1921.800048828125,1923.300048828125,50,0.2554224536959637,0.0,0.0,0.0,0.0,0.0,0.0,0.0,5.33,307.276,3.7,28074.846,19048.1,4.18,1925.9285714285713,1914.854998779297,9.477993576495669,-0.8506031335532738
2023-09-12,1920.800048828125,1920.800048828125,1911.300048828125,1911.300048828125,365,-0.6239276085554968,0.0,0.0,0.0,0.0,0.0,0.0,0.0,5.33,307.276,3.7,28074.846,19048.1,4.18,1922.085728236607,1914.8900024414063,9.119840820045317,-0.7735387146430517
2023-09-13,1910.300048828125,1914.5999755859373,1908.9000244140625,1909.0999755859373,15,-0.1151087315430454,1.0,0.0,0.0,0.0,0.0,0.0,0.0,5.33,307.276,3.7,28074.846,19048.1,4.18,1917.7000034877233,1915.2200012207031,6.044550250325716,-0.46921433264972556
2023-09-14,1903.0,1910.0,1903.0,1910.0,169,0.047143912082781,1.0,0.0,0.0,0.0,0.0,0.0,0.0,5.33,307.276,3.7,28074.846,19048.1,4.18,1915.3857247488838,1915.9150024414062,5.303603600109955,-0.39113428943937656
2023-09-15,1923.5,1927.300048828125,1923.5,1923.699951171875,8,0.7172749304646509,1.0,0.0,0.0,0.0,0.0,0.0,0.0,5.33,307.276,3.7,28074.846,19048.1,4.18,1916.1857212611608,1917.895001220703,6.137976177744221,0.2762680718496835
2023-09-18,1928.199951171875,1931.5,1926.4000244140625,1931.5,19,0.4054711766964258,1.0,0.0,0.0,0.0,0.0,0.0,0.0,5.33,307.276,3.7,28074.846,19048.1,4.18,1918.1857212611608,1920.1650024414062,8.473963201466441,0.426347993744991
2023-09-19,1934.0,1934.0,1932.0,1932.0,6,0.0258866166191973,1.0,0.0,0.0,0.0,0.0,0.0,0.0,5.33,307.276,3.7,28074.846,19048.1,4.18,1920.1285749162946,1922.1,9.960036169571078,1.0830299085989648
2023-09-20,1945.5999755859373,1945.5999755859373,1929.199951171875,1945.5999755859373,119,0.703932483744163,0.0,0.0,0.0,0.0,0.0,0.0,0.0,5.33,307.276,3.7,28074.846,19048.1,4.18,1923.314278738839,1924.5599975585938,13.921847137863443,1.9118956820895372
2023-09-21,1924.0,1924.0,1919.199951171875,1919.199951171875,9,-1.356909166598419,1.0,0.0,0.0,0.0,0.0,0.0,0.0,5.33,307.276,3.7,28074.846,19048.1,4.18,1924.4428362165177,1924.5949951171874,13.080376163666159,0.4816728362238232
2023-09-22,1925.4000244140625,1925.4000244140625,1925.4000244140625,1925.4000244140625,1,0.3230550958695843,0.0,0.0,0.0,0.0,0.0,0.0,0.0,5.33,307.276,3.7,28074.846,19048.1,4.18,1926.7714146205358,1924.9549987792968,11.211113078314579,0.08837517728021993
2023-09-25,1916.5999755859373,1916.5999755859373,1916.5999755859373,1916.5999755859373,114,-0.457050416357152,0.0,0.0,0.0,0.0,0.0,0.0,0.0,5.33,307.276,3.7,28074.846,19048.1,4.18,1927.7142682756696,1925.229998779297,9.747558252234075,-0.7714224392473601
2023-09-26,1905.0,1905.0999755859373,1900.4000244140625,1900.4000244140625,161,-0.8452442543166683,0.0,0.0,0.0,0.0,0.0,0.0,0.0,5.33,307.276,3.7,28074.846,19048.1,4.18,1924.385707310268,1924.354998779297,14.274028282764176,-1.6356095023777217
2023-09-27,1871.5999755859373,1871.5999755859373,1871.5999755859373,1871.5999755859373,12251,-1.515472977169896,0.0,0.0,0.0,0.0,0.0,0.0,0.0,5.33,307.276,3.7,28074.846,19048.1,4.18,1915.8285609654017,1921.1099975585937,23.9639810922159,-3.8034539950954738
2023-09-28,1875.5,1878.199951171875,1856.699951171875,1860.4000244140625,4654,-0.5984158643926318,0.0,0.0,0.0,0.0,0.0,0.0,0.0,5.33,307.276,3.7,28074.846,19048.1,4.18,1905.5999930245537,1916.9149963378907,30.342699142896574,-3.0637728352331917
2023-09-29,1864.300048828125,1872.300048828125,1846.0,1848.0999755859373,1605,-0.6611507561122054,0.0,0.0,0.0,0.0,0.0,0.0,0.0,5.33,307.276,3.7,28074.846,19048.1,4.18,1891.671421595982,1912.4099975585937,31.28443178830438,-4.01475266687239
2023-10-02,1844.0999755859373,1845.9000244140625,1826.699951171875,1830.0,2309,-0.9793829243571416,0.0,0.0,0.0,0.0,0.0,0.0,0.0,5.33,307.696,3.9,28424.722,19109.4,4.18,1878.9285714285713,1906.9199951171875,36.01198115960247,-4.518416815666615
2023-10-03,1825.0,1830.9000244140625,1816.800048828125,1824.5999755859373,310,-0.2950833013149023,0.0,0.0,0.0,0.0,0.0,0.0,0.0,5.33,307.696,3.9,28424.722,19109.4,4.18,1864.528564453125,1901.8399963378906,34.45203356270991,-3.9886364899145987
2023-10-04,1821.800048828125,1828.199951171875,1816.4000244140625,1818.5,357,-0.3343185173494523,0.0,0.0,0.0,0.0,0.0,0.0,0.0,5.33,307.696,3.9,28424.722,19109.4,4.18,1850.5142822265625,1896.8599975585937,29.308849185895344,-2.8371434215964553
2023-10-05,1826.300048828125,1826.300048828125,1815.5999755859373,1816.5999755859373,393,-0.1044830582382583,1.0,0.0,0.0,0.0,0.0,0.0,0.0,5.33,307.696,3.9,28424.722,19109.4,4.18,1838.5428466796875,1891.8149963378905,21.650395999284576,-2.354334995341667
2023-10-06,1819.0,1831.800048828125,1809.4000244140625,1830.199951171875,390,0.748649992772954,1.0,0.0,0.0,0.0,0.0,0.0,0.0,5.33,307.696,3.9,28424.722,19109.4,4.18,1832.6285574776787,1887.4049926757812,16.04377500325209,-0.968563641065312
2023-10-09,1842.5,1861.5,1842.5,1849.5,232,1.054532255656948,1.0,0.0,0.0,0.0,0.0,0.0,0.0,5.33,307.696,3.9,28424.722,19109.4,4.18,1831.0714111328125,1883.714990234375,13.170893173584641,1.0655737704918122
2023-10-10,1857.0,1861.4000244140625,1852.800048828125,1861.0,236,0.621789672884554,1.0,0.0,0.0,0.0,0.0,0.0,0.0,5.33,307.696,3.9,28424.722,19109.4,4.18,1832.914271763393,1881.1999877929688,16.445921678137456,1.994959163713328
2023-10-11,1869.5,1874.5999755859373,1869.0999755859373,1872.800048828125,65,0.634070329292058,0.0,0.0,0.0,0.0,0.0,0.0,0.0,5.33,307.696,3.9,28424.722,19109.4,4.18,1839.028564453125,1879.384991455078,22.149116782756938,2.985980139022537
2023-10-12,1874.699951171875,1881.199951171875,1867.0,1869.300048828125,46,-0.1868859413043044,1.0,0.0,0.0,0.0,0.0,0.0,0.0,5.33,307.696,3.9,28424.722,19109.4,4.18,1845.4142892020088,1877.3499938964844,23.686270534936536,2.9010279616011436
2023-10-13,1877.5,1930.0999755859373,1877.5,1927.4000244140625,43,3.108113950051017,0.0,0.0,0.0,0.0,0.0,0.0,0.0,5.33,307.696,3.9,28424.722,19109.4,4.18,1860.971435546875,1877.5349975585937,35.75226023010708,5.310899127712809
2023-10-16,1910.4000244140625,1921.0999755859373,1910.300048828125,1921.0999755859373,53,-0.3268677362417538,1.0,0.0,0.0,0.0,0.0,0.0,0.0,5.33,307.696,3.9,28424.722,19109.4,4.18,1875.9000069754463,1877.0149963378906,35.953497333931494,3.8713152520106764
2023-10-17,1914.300048828125,1925.800048828125,1914.300048828125,1922.699951171875,103,0.0832843478356659,1.0,0.0,0.0,0.0,0.0,0.0,0.0,5.33,307.696,3.9,28424.722,19109.4,4.18,1889.114292689732,1876.5499938964845,33.25492963710789,3.315419192470448
2023-10-18,1935.0,1957.9000244140625,1935.0,1955.300048828125,67,1.6955374465152715,1.0,0.0,0.0,0.0,0.0,0.0,0.0,5.33,307.696,3.9,28424.722,19109.4,4.18,1904.2285853794642,1877.0349975585937,36.16515656618673,4.405168616458721
2023-10-19,1950.0999755859373,1977.699951171875,1945.699951171875,1968.4000244140625,1945,0.6699726517057414,1.0,0.0,0.0,0.0,0.0,0.0,0.0,5.33,307.696,3.9,28424.722,19109.4,4.18,1919.5714460100446,1879.4950012207032,37.525437337661224,5.301448296011335
2023-10-20,1981.0999755859373,1988.5999755859373,1980.4000244140625,1982.5,557,0.7163165723966358,0.0,0.0,0.0,0.0,0.0,0.0,0.0,5.33,307.696,3.9,28424.722,19109.4,4.18,1935.2428676060267,1882.35,37.64358248391792,2.8587721743278616
2023-10-23,1976.199951171875,1978.9000244140625,1972.9000244140625,1976.300048828125,127,-0.3127339809268603,0.0,0.0,0.0,0.0,0.0,0.0,0.0,5.33,307.696,3.9,28424.722,19109.4,4.18,1950.5285818917412,1885.3350036621093,26.469797777526196,2.8733576567430585
2023-10-24,1970.300048828125,1975.0,1970.300048828125,1975.0,10,-0.0657819559785943,1.0,0.0,0.0,0.0,0.0,0.0,0.0,5.33,307.696,3.9,28424.722,19109.4,4.18,1957.328578404018,1889.0650024414062,25.638973040928935,2.7201357547363747
2023-10-25,1971.199951171875,1985.300048828125,1971.199951171875,1984.0999755859373,97,0.4607582575158142,1.0,0.0,0.0,0.0,0.0,0.0,0.0,5.33,307.696,3.9,28424.722,19109.4,4.18,1966.328578404018,1894.6900024414062,21.53035715945715,1.4729159739484965
2023-10-26,1988.199951171875,1988.199951171875,1980.4000244140625,1987.199951171875,521,0.156240896329951,1.0,0.0,0.0,0.0,0.0,0.0,0.0,5.33,307.696,3.9,28424.722,19109.4,4.18,1975.5428641183037,1901.0299987792969,10.94816069000376,0.955086696029106
2023-10-27,1988.5999755859373,1988.5999755859373,1988.5999755859373,1988.5999755859373,372,0.0704521159653248,1.0,0.0,0.0,0.0,0.0,0.0,0.0,5.33,307.696,3.9,28424.722,19109.4,4.18,1980.2999965122765,1908.054998779297,7.319810604041822,0.30769107621373415
2023-10-30,2004.0999755859373,2004.0999755859373,1992.5,1996.199951171875,157,0.3821771939677587,0.0,0.0,0.0,0.0,0.0,0.0,0.0,5.33,307.696,3.9,28424.722,19109.4,4.18,1984.2714146205356,1916.3649963378907,7.3288454454414875,1.0069271796835588
2023-10-31,1996.5,2001.0,1983.699951171875,1985.199951171875,84,-0.5510470027585423,0.0,0.0,0.0,0.0,0.0,0.0,0.0,5.33,307.696,3.9,28424.722,19109.4,4.18,1984.6571219308032,1924.3949951171876,7.2910302523486274,0.5164532238923991
2023-11-01,1990.5,1990.5,1977.800048828125,1978.800048828125,41,-0.3223807425530189,1.0,0.0,0.0,0.0,0.0,0.0,0.0,5.33,308.148,3.7,28424.722,19178.9,4.77,1985.014264787946,1932.4099975585937,6.862051566255862,-0.26711994471181333
2023-11-02,1989.0999755859373,1990.300048828125,1979.5,1985.5999755859373,39,0.34363890186071,1.0,0.0,0.0,0.0,0.0,0.0,0.0,5.33,308.148,3.7,28424.722,19178.9,4.77,1986.5285470145086,1940.8599975585937,5.268344354913963,-0.08051407131900445
2023-11-03,1989.0,1991.5,1989.0,1991.5,12,0.2971406369161267,0.0,0.0,0.0,0.0,0.0,0.0,0.0,5.33,308.148,3.7,28424.722,19178.9,4.77,1987.585693359375,1948.925,5.439472864989586,0.14583246754833468
2023-11-06,1981.5999755859373,1981.5999755859373,1977.4000244140625,1981.5999755859373,130,-0.4971139550119408,0.0,0.0,0.0,0.0,0.0,0.0,0.0,5.33,308.148,3.7,28424.722,19178.9,4.77,1986.7856968470983,1955.5299987792969,5.898124696096136,-0.7313884351798916
2023-11-07,1966.5,1966.800048828125,1960.699951171875,1966.800048828125,20,-0.746867528267714,0.0,0.0,0.0,0.0,0.0,0.0,0.0,5.33,308.148,3.7,28424.722,19178.9,4.77,1983.671421595982,1960.820001220703,9.46018671945998,-0.9268538583676933
2023-11-08,1967.800048828125,1967.800048828125,1947.699951171875,1951.5,43,-0.7779158251110085,1.0,0.0,0.0,0.0,0.0,0.0,0.0,5.33,308.148,3.7,28424.722,19178.9,4.77,1977.2857142857142,1964.7549987792968,13.720825447762623,-1.3796264480735454
2023-11-09,1951.699951171875,1964.199951171875,1945.300048828125,1964.199951171875,10,0.650778948084807,0.0,0.0,0.0,0.0,0.0,0.0,0.0,5.33,308.148,3.7,28424.722,19178.9,4.77,1974.2857142857142,1969.4999938964843,13.99504886611137,-1.0777611138793053
2023-11-10,1959.5999755859373,1959.5999755859373,1932.5999755859373,1932.5999755859373,375,-1.608796271840074,1.0,0.0,0.0,0.0,0.0,0.0,0.0,5.33,308.148,3.7,28424.722,19178.9,4.77,1967.6857038225446,1969.759991455078,20.766836480218128,-2.957570897015449
2023-11-13,1939.9000244140625,1947.199951171875,1934.0,1945.5,191,0.6674958386125196,1.0,0.0,0.0,0.0,0.0,0.0,0.0,5.33,308.148,3.7,28424.722,19178.9,4.77,1961.9571358816963,1970.9799926757812,20.53102477997345,-1.8217589841896809
2023-11-14,1965.800048828125,1965.800048828125,1961.800048828125,1961.800048828125,2,0.8378334015998412,0.0,0.0,0.0,0.0,0.0,0.0,0.0,5.33,308.148,3.7,28424.722,19178.9,4.77,1957.7142857142858,1972.9349975585938,15.970646429848957,-0.2542200465664557
2023-11-15,1962.800048828125,1962.800048828125,1960.0,1960.0999755859373,6,-0.0866588439124238,1.0,0.0,0.0,0.0,0.0,0.0,0.0,5.33,308.148,3.7,28424.722,19178.9,4.77,1954.642857142857,1973.174993896484,12.244038723373137,0.44068540025299363
2023-11-16,1965.300048828125,1983.9000244140625,1964.5999755859373,1983.9000244140625,39,1.2142262703212614,0.0,0.0,0.0,0.0,0.0,0.0,0.0,5.33,308.148,3.7,28424.722,19178.9,4.77,1957.0857107979912,1973.949993896484,16.155033760187983,1.002956609913075
2023-11-17,1982.5,1984.0,1979.800048828125,1981.5999755859373,32,-0.115935722557614,0.0,0.0,0.0,0.0,0.0,0.0,0.0,5.33,308.148,3.7,28424.722,19178.9,4.77,1961.385707310268,1973.904992675781,18.28583202779521,2.535444510969942
2023-11-20,1978.699951171875,1979.4000244140625,1969.699951171875,1977.699951171875,182,-0.1968118925167572,1.0,0.0,0.0,0.0,0.0,0.0,0.0,5.33,308.148,3.7,28424.722,19178.9,4.77,1963.3142787388392,1973.9749877929685,19.315057975882073,1.6550990065214544
2023-11-21,1990.699951171875,2005.5,1988.5,1999.300048828125,16,1.092182747107362,0.0,0.0,0.0,0.0,0.0,0.0,0.0,5.33,308.148,3.7,28424.722,19178.9,4.77,1972.8428606305804,1975.1899902343746,18.048448263619537,1.9115097903275258
2023-11-22,1999.0999755859373,1999.4000244140625,1991.0,1991.4000244140625,6075,-0.3951395098846233,1.0,0.0,0.0,0.0,0.0,0.0,0.0,5.33,308.148,3.7,28424.722,19178.9,4.77,1979.4000069754463,1975.5549926757808,14.435154030207942,1.5968598141923085
2023-11-24,1991.9000244140625,2002.199951171875,1991.5,2002.199951171875,63,0.5423283431459369,1.0,0.0,0.0,0.0,0.0,0.0,0.0,5.33,308.148,3.7,28424.722,19178.9,4.77,1985.171421595982,1976.3049926757808,14.301260858008288,0.9224218223001124
2023-11-27,2011.699951171875,2011.800048828125,2011.699951171875,2011.800048828125,228,0.4794774693022585,1.0,0.0,0.0,0.0,0.0,0.0,0.0,5.33,308.148,3.7,28424.722,19178.9,4.77,1992.5571463448662,1977.4649963378902,12.421890929206636,1.5240247080270608
2023-11-28,2040.5999755859373,2042.699951171875,2039.699951171875,2039.699951171875,174665,1.3868128872947194,1.0,0.0,0.0,0.0,0.0,0.0,0.0,5.33,308.148,3.7,28424.722,19178.9,4.77,2000.528564453125,1979.6399963378904,20.93049603560347,3.13495482281132
2023-11-29,2041.699951171875,2052.10009765625,2036.0,2047.0999755859373,15290,0.3627996563813518,0.0,0.0,0.0,0.0,0.0,0.0,0.0,5.33,308.148,3.7,28424.722,19178.9,4.77,2009.885707310268,1982.7349975585935,25.252808381887412,2.390833071095555
2023-11-30,2046.0999755859373,2047.0999755859373,2033.0999755859373,2038.0999755859373,2506,-0.4396463341964529,1.0,0.0,0.0,0.0,0.0,0.0,0.0,5.33,308.148,3.7,28424.722,19178.9,4.77,2018.5142822265625,1985.699993896484,22.602292979409707,2.3450813799008374
2023-12-01,2038.300048828125,2073.199951171875,2036.0,2071.0,614,1.6142497820600843,0.0,0.0,0.0,0.0,0.0,0.0,0.0,5.33,308.741,3.8,28424.722,19283.5,4.22,2028.7571323939733,1989.9699951171872,28.03668381425029,3.4362226803500207
2023-12-04,2075.300048828125,2130.199951171875,2021.0,2024.0999755859373,1071,-2.264607649158024,0.0,0.0,0.0,0.0,0.0,0.0,0.0,5.33,308.741,3.8,28424.722,19283.5,4.22,2033.4285539899552,1991.599993896484,23.056865104278916,0.611389127114137
2023-12-05,2035.0999755859373,2037.0,2010.199951171875,2018.5,289,-0.2766649697881762,1.0,0.0,0.0,0.0,0.0,0.0,0.0,5.33,308.741,3.8,28424.722,19283.5,4.22,2035.757132393973,1993.444995117187,19.99747617074654,-1.0393661655821007
2023-12-06,2019.9000244140625,2035.800048828125,2019.0,2030.5,417,0.5945008669804297,0.0,0.0,0.0,0.0,0.0,0.0,0.0,5.33,308.741,3.8,28424.722,19283.5,4.22,2038.4285539899552,1996.6299926757808,17.33558216414915,-0.8109020460119853
2023-12-07,2029.199951171875,2034.9000244140625,2024.0,2029.9000244140625,67,-0.0295481697088151,0.0,0.0,0.0,0.0,0.0,0.0,0.0,5.33,308.741,3.8,28424.722,19283.5,4.22,2037.0285644531248,2000.549993896484,17.609344227946398,-0.4023331176144729
2023-12-08,2031.699951171875,2033.0999755859373,1995.0,1998.300048828125,449,-1.5567257109156851,0.0,0.0,0.0,0.0,0.0,0.0,0.0,5.33,308.741,3.8,28424.722,19283.5,4.22,2030.0571463448657,2002.2549987792966,22.055966434121395,-3.5103791005251073
2023-12-11,2004.0999755859373,2004.199951171875,1977.199951171875,1978.0,651,-1.0158659026220709,0.0,0.0,0.0,0.0,0.0,0.0,0.0,5.33,308.741,3.8,28424.722,19283.5,4.22,2021.471435546875,2004.525,29.00589683173985,-2.2775542780485547
2023-12-12,1984.199951171875,1994.199951171875,1977.800048828125,1977.800048828125,95,-0.0101087548976197,1.0,0.0,0.0,0.0,0.0,0.0,0.0,5.33,308.741,3.8,28424.722,19283.5,4.22,2008.1571568080358,2006.1400024414063,23.31406406329327,-2.0163463548117377
2023-12-13,1978.5,2024.800048828125,1975.0,1982.300048828125,2252,0.2275255278038068,1.0,0.0,0.0,0.0,0.0,0.0,0.0,5.33,308.741,3.8,28424.722,19283.5,4.22,2002.1857386997767,2007.1650024414062,23.895903490690504,-2.3737971520253587
2023-12-14,2024.699951171875,2040.0999755859373,2024.300048828125,2030.199951171875,236,2.416380021383091,0.0,0.0,0.0,0.0,0.0,0.0,0.0,5.33,308.741,3.8,28424.722,19283.5,4.22,2003.8571602957588,2010.6700012207032,25.577238088508988,0.014775444810344318
2023-12-15,2032.5999755859373,2043.4000244140625,2018.300048828125,2021.0999755859373,261,-0.4482305095458661,1.0,0.0,0.0,0.0,0.0,0.0,0.0,5.33,308.741,3.8,28424.722,19283.5,4.22,2002.5142996651787,2012.5299987792969,24.152368753156992,1.1409661312465458
2023-12-18,2024.300048828125,2032.800048828125,2024.0,2026.300048828125,100,0.2572892635199997,1.0,0.0,0.0,0.0,0.0,0.0,0.0,5.33,308.741,3.8,28424.722,19283.5,4.22,2002.0000174386162,2014.7650024414063,23.501610009004047,2.4418629336766973
2023-12-19,2025.199951171875,2042.699951171875,2025.199951171875,2038.4000244140625,498,0.5971462909915681,0.0,0.0,0.0,0.0,0.0,0.0,0.0,5.33,308.741,3.8,28424.722,19283.5,4.22,2007.7285853794642,2017.8000061035157,27.066305447965487,3.064009206686169
2023-12-20,2037.0999755859373,2037.0999755859373,2030.300048828125,2034.5,258,-0.1913277260278456,1.0,0.0,0.0,0.0,0.0,0.0,0.0,5.33,308.741,3.8,28424.722,19283.5,4.22,2015.800013950893,2019.5600036621095,25.074533832323958,2.63330221894178
2023-12-21,2035.800048828125,2044.5,2033.0,2039.0999755859373,228,0.2260985788123504,1.0,0.0,0.0,0.0,0.0,0.0,0.0,5.33,308.741,3.8,28424.722,19283.5,4.22,2024.5571463448662,2021.945001220703,19.72508035452177,0.438381668215726
2023-12-22,2055.699951171875,2068.699951171875,2052.199951171875,2057.10009765625,202,0.8827483833959926,1.0,0.0,0.0,0.0,0.0,0.0,0.0,5.33,308.741,3.8,28424.722,19283.5,4.22,2035.2428676060267,2024.690008544922,11.6086296016597,1.7812143142436954
2023-12-26,2060.0,2060.800048828125,2054.199951171875,2058.199951171875,64,0.0534662127952945,1.0,0.0,0.0,0.0,0.0,0.0,0.0,5.33,308.741,3.8,28424.722,19283.5,4.22,2039.2428676060267,2027.0100036621093,14.131279530758798,1.5742931241697677
2023-12-27,2067.300048828125,2081.89990234375,2064.800048828125,2081.89990234375,586,1.151489249544535,0.0,0.0,0.0,0.0,0.0,0.0,0.0,5.33,308.741,3.8,28424.722,19283.5,4.22,2047.9285714285713,2029.1200012207032,18.9759773247235,2.1340206735030565
2023-12-28,2081.60009765625,2087.300048828125,2066.5,2073.89990234375,338,-0.3842643919140354,0.0,0.0,0.0,0.0,0.0,0.0,0.0,5.33,308.741,3.8,28424.722,19283.5,4.22,2054.7285505022323,2030.4599975585938,18.455194952382104,1.9365889576677286
2023-12-29,2068.0,2068.89990234375,2062.10009765625,2062.39990234375,47,-0.5545108511265995,1.0,0.0,0.0,0.0,0.0,0.0,0.0,5.33,308.741,3.8,28424.722,19283.5,4.22,2058.1571044921875,2031.6749938964845,17.095366438563616,1.1426573996754286
2024-01-02,2063.5,2073.699951171875,2057.10009765625,2064.39990234375,61,0.096974403350547,0.0,0.0,0.0,0.0,0.0,0.0,0.0,5.33,309.698,3.7,28708.161,19303.3,4.22,2062.4285191127233,2031.344989013672,13.571467459650378,0.3548589928033641
2024-01-03,2034.199951171875,2044.0,2034.199951171875,2034.199951171875,54,-1.462892491788459,1.0,0.0,0.0,0.0,0.0,0.0,0.0,5.33,309.698,3.7,28708.161,19303.3,4.22,2061.728515625,2031.8499877929687,15.023922284034537,-1.1660674652302472
2024-01-04,2041.5999755859373,2044.5,2038.0,2042.300048828125,88,0.3981957452896312,1.0,0.0,0.0,0.0,0.0,0.0,0.0,5.33,309.698,3.7,28708.161,19303.3,4.22,2059.6142229352677,2033.039990234375,16.728522941964993,-1.9021017038832855
2024-01-05,2044.5,2048.10009765625,2042.4000244140625,2042.4000244140625,12,0.0048952447508909,0.0,0.0,0.0,0.0,0.0,0.0,0.0,5.33,309.698,3.7,28708.161,19303.3,4.22,2057.357090541295,2033.634991455078,17.970934025616486,-1.5188716627108634
2024-01-08,2019.0999755859373,2033.699951171875,2019.0999755859373,2026.5999755859373,10,-0.7736020681187616,0.0,0.0,0.0,0.0,0.0,0.0,0.0,5.33,309.698,3.7,28708.161,19303.3,4.22,2049.457101004464,2033.469989013672,17.533341975364372,-1.7358382686659901
2024-01-09,2035.800048828125,2035.800048828125,2026.4000244140625,2026.4000244140625,27,-0.0098663364395346,0.0,0.0,0.0,0.0,0.0,0.0,0.0,5.33,309.698,3.7,28708.161,19303.3,4.22,2042.6714041573662,2034.8749877929688,15.579724840473638,-1.8407227149422778
2024-01-10,2029.0,2035.5999755859373,2021.699951171875,2021.699951171875,538,-0.2319420245539438,0.0,0.0,0.0,0.0,0.0,0.0,0.0,5.33,309.698,3.7,28708.161,19303.3,4.22,2036.8571254185267,2037.0599853515625,14.550568691585296,-0.6144921984094442
2024-01-11,2025.0999755859373,2025.0999755859373,2014.300048828125,2014.300048828125,97,-0.3660237682382439,1.0,0.0,0.0,0.0,0.0,0.0,0.0,5.33,309.698,3.7,28708.161,19303.3,4.22,2029.7000034877233,2038.8849853515626,10.503655543960976,-1.3710032478364997
2024-01-12,2031.0999755859373,2057.0,2031.0999755859373,2046.699951171875,390,1.6084943433625654,0.0,0.0,0.0,0.0,0.0,0.0,0.0,5.33,309.698,3.7,28708.161,19303.3,4.22,2031.4857177734375,2042.10498046875,12.30438906955208,0.21053303497908793
2024-01-16,2051.699951171875,2054.800048828125,2026.0,2026.0,46,-1.011381817839141,0.0,0.0,0.0,0.0,0.0,0.0,0.0,5.33,309.698,3.7,28708.161,19303.3,4.22,2029.1571393694196,2041.8949829101562,11.427855907775488,-0.029605032723034608
2024-01-17,2026.5,2026.5,2002.5999755859373,2002.5999755859373,764,-1.1549863975351735,1.0,0.0,0.0,0.0,0.0,0.0,0.0,5.33,309.698,3.7,28708.161,19303.3,4.22,2023.4714181082588,2040.9699829101562,13.461007292627297,-1.174499039744492
2024-01-18,2012.800048828125,2018.5999755859373,2009.5,2018.5999755859373,1474,0.7989613599849621,1.0,0.0,0.0,0.0,0.0,0.0,0.0,5.33,309.698,3.7,28708.161,19303.3,4.22,2022.3285609654017,2040.584979248047,13.49069140313219,-0.1533350972354186
2024-01-19,2023.199951171875,2036.0,2019.5,2026.5,50,0.3913615629451028,0.0,0.0,0.0,0.0,0.0,0.0,0.0,5.33,309.698,3.7,28708.161,19303.3,4.22,2022.3428431919642,2039.9899780273438,13.495772105483562,0.6056670245812024
2024-01-22,2021.300048828125,2021.300048828125,2019.800048828125,2019.800048828125,12,-0.3306168848692281,1.0,0.0,0.0,0.0,0.0,0.0,0.0,5.33,309.698,3.7,28708.161,19303.3,4.22,2022.0714285714287,2039.25498046875,13.529917590858176,-1.3143061017980684
2024-01-23,2030.300048828125,2030.300048828125,2022.5,2023.699951171875,15,0.1930835849822232,0.0,0.0,0.0,0.0,0.0,0.0,0.0,5.33,309.698,3.7,28708.161,19303.3,4.22,2023.414271763393,2038.4849792480468,13.089354249227362,-0.11352659566263856
2024-01-24,2023.199951171875,2033.199951171875,2013.9000244140625,2013.9000244140625,253,-0.4842578936733011,1.0,0.0,0.0,0.0,0.0,0.0,0.0,5.33,309.698,3.7,28708.161,19303.3,4.22,2018.7285679408483,2036.3249755859374,8.392401949500796,0.5642688987259614
2024-01-25,2012.0999755859373,2022.4000244140625,2012.0999755859373,2016.9000244140625,548,0.1489646935613375,0.0,0.0,0.0,0.0,0.0,0.0,0.0,5.33,309.698,3.7,28708.161,19303.3,4.22,2017.4285714285713,2034.2599792480469,7.759235074057029,-0.08421436601777632
2024-01-26,2021.699951171875,2022.4000244140625,2016.800048828125,2016.800048828125,49,-0.0049568934864074,1.0,0.0,0.0,0.0,0.0,0.0,0.0,5.33,309.698,3.7,28708.161,19303.3,4.22,2019.4571533203125,2031.0049865722656,4.338512574632543,-0.47865537487663534
2024-01-29,2025.199951171875,2025.199951171875,2025.199951171875,2025.199951171875,150708,0.4164965361157513,1.0,0.0,0.0,0.0,0.0,0.0,0.0,5.33,309.698,3.7,28708.161,19303.3,4.22,2020.4000069754463,2028.5699890136718,4.812454511509421,0.2673483618778505
2024-01-30,2032.5,2048.5,2028.0999755859373,2031.5,26907,0.3110828056498649,1.0,0.0,0.0,0.0,0.0,0.0,0.0,5.33,309.698,3.7,28708.161,19303.3,4.22,2021.114292689732,2027.0249938964844,6.074356100666118,0.3854350455267941
2024-01-31,2035.4000244140625,2055.0,2030.0,2048.39990234375,2007,0.8318928055008667,1.0,0.0,0.0,0.0,0.0,0.0,0.0,5.33,309.698,3.7,28708.161,19303.3,4.22,2025.199986049107,2026.2249938964844,11.883558935927757,1.7130879145664135
2024-02-01,2040.199951171875,2064.5,2029.0,2053.0,947,0.2245702926946258,0.0,0.0,0.0,0.0,0.0,0.0,0.0,5.33,310.967,3.9,28708.161,19446.5,3.87,2029.385707310268,2027.1649963378907,15.786400643201548,1.7898743194484812
2024-02-02,2054.800048828125,2055.89990234375,2027.699951171875,2036.0999755859373,888,-0.8231867712646279,0.0,0.0,0.0,0.0,0.0,0.0,0.0,5.33,310.967,3.9,28708.161,19446.5,3.87,2032.5571289062498,2026.8549926757812,14.318591008112945,0.9569578684325508
2024-02-05,2038.9000244140625,2040.800048828125,2013.800048828125,2025.699951171875,412,-0.5107816187203351,1.0,0.0,0.0,0.0,0.0,0.0,0.0,5.33,310.967,3.9,28708.161,19446.5,3.87,2033.814261300223,2026.0199890136719,13.04444698684324,0.024688920208126852
2024-02-06,2025.9000244140625,2037.300048828125,2025.9000244140625,2034.5,249,0.4344201530455782,1.0,0.0,0.0,0.0,0.0,0.0,0.0,5.33,310.967,3.9,28708.161,19446.5,3.87,2036.342825753348,2026.414990234375,10.701845069261198,0.14767413241447702
2024-02-07,2032.800048828125,2039.5,2032.699951171875,2035.199951171875,71,0.0344040880744689,0.0,0.0,0.0,0.0,0.0,0.0,0.0,5.33,310.967,3.9,28708.161,19446.5,3.87,2037.7713971819194,2026.8549865722657,9.57456458020986,-0.6444030365736597
2024-02-08,2028.0,2036.699951171875,2020.300048828125,2032.199951171875,341,-0.1474056639138909,0.0,0.0,0.0,0.0,0.0,0.0,0.0,5.33,310.967,3.9,28708.161,19446.5,3.87,2037.871390206473,2027.3799865722656,9.501528992732293,-1.0131538640099857
2024-02-09,2032.0,2032.0,2020.0,2023.300048828125,62,-0.4379442258434229,0.0,0.0,0.0,0.0,0.0,0.0,0.0,5.33,310.967,3.9,28708.161,19446.5,3.87,2034.2856968470983,2027.8299865722656,9.60163495509732,-0.6286492270168975
2024-02-12,2025.5,2025.5,2011.5999755859373,2018.199951171875,317,-0.2520682811827157,0.0,0.0,0.0,0.0,0.0,0.0,0.0,5.33,310.967,3.9,28708.161,19446.5,3.87,2029.3142613002233,2026.4049865722657,6.936236185398178,-0.3702423942727129
2024-02-13,2025.0999755859373,2025.800048828125,1990.0,1992.9000244140625,198,-1.2535887112236854,0.0,0.0,0.0,0.0,0.0,0.0,0.0,5.33,310.967,3.9,28708.161,19446.5,3.87,2023.1428397042412,2024.7499877929688,14.73099822677964,-2.04472723450172
2024-02-14,1990.300048828125,1993.5,1984.800048828125,1990.300048828125,1916,-0.1304619175114929,1.0,0.0,0.0,0.0,0.0,0.0,0.0,5.33,310.967,3.9,28708.161,19446.5,3.87,2018.0857107979912,2024.134991455078,19.127214802464287,-2.206166638216378
2024-02-15,1993.5999755859373,2007.199951171875,1993.5999755859373,2002.0999755859373,286,0.5928717514105397,1.0,0.0,0.0,0.0,0.0,0.0,0.0,5.33,310.967,3.9,28708.161,19446.5,3.87,2013.4571358816963,2023.309991455078,18.399506227840533,-1.4811522640073127
2024-02-16,2005.0,2011.5,1996.5,2011.5,32,0.469508242779515,1.0,0.0,0.0,0.0,0.0,0.0,0.0,5.33,310.967,3.9,28708.161,19446.5,3.87,2010.0714285714287,2022.559991455078,15.716712138946285,-0.5832080533462847
2024-02-20,2015.5999755859373,2029.0,2015.5999755859373,2027.5,1326,0.7954262987819982,0.0,0.0,0.0,0.0,0.0,0.0,0.0,5.33,310.967,3.9,28708.161,19446.5,3.87,2009.4000069754463,2022.9449890136718,14.680021478166022,0.46080908993804126
2024-02-21,2028.199951171875,2028.199951171875,2022.300048828125,2022.300048828125,15,-0.2564710812268833,0.0,0.0,0.0,0.0,0.0,0.0,0.0,5.33,310.967,3.9,28708.161,19446.5,3.87,2009.2571498325892,2022.8749938964843,14.526270700288022,1.4752382986550794
2024-02-22,2033.199951171875,2033.199951171875,2019.699951171875,2019.699951171875,964,-0.1285713095718232,1.0,0.0,0.0,0.0,0.0,0.0,0.0,5.33,310.967,3.9,28708.161,19446.5,3.87,2009.471435546875,2023.164990234375,14.690315507133212,1.4771593037472108
2024-02-23,2026.0,2038.5999755859373,2014.9000244140625,2038.5999755859373,22,0.9357837733815932,0.0,0.0,0.0,0.0,0.0,0.0,0.0,5.33,310.967,3.9,28708.161,19446.5,3.87,2016.0,2024.2499877929688,16.1778517287222,1.8230857821831759
2024-02-26,2034.0999755859373,2035.4000244140625,2024.800048828125,2028.5,143,-0.495436854061293,1.0,0.0,0.0,0.0,0.0,0.0,0.0,5.33,310.967,3.9,28708.161,19446.5,3.87,2021.4571358816963,2024.8349853515624,11.95573436252355,0.8451404424558717
2024-02-27,2035.9000244140625,2035.9000244140625,2034.0,2034.0,964,0.2711363076164597,0.0,0.0,0.0,0.0,0.0,0.0,0.0,5.33,310.967,3.9,28708.161,19446.5,3.87,2026.0142822265625,2025.2749877929687,9.081925372209252,0.3205918618989001
2024-02-28,2029.5,2037.0,2024.800048828125,2033.0,581,-0.0491642084562427,1.0,0.0,0.0,0.0,0.0,0.0,0.0,5.33,310.967,3.9,28708.161,19446.5,3.87,2029.0857107979912,2025.3499877929687,6.670686630955167,0.5290981018407859
2024-02-29,2034.300048828125,2049.800048828125,2034.300048828125,2045.699951171875,706,0.6246901707759545,1.0,0.0,0.0,0.0,0.0,0.0,0.0,5.33,310.967,3.9,28708.161,19446.5,3.87,2031.6857038225446,2025.214990234375,9.066303171108448,1.287319930117059
2024-03-01,2043.0999755859373,2086.89990234375,2041.800048828125,2086.89990234375,1210,2.01397820576148,1.0,0.0,0.0,0.0,0.0,0.0,0.0,5.33,312.345,3.9,28708.161,19581.8,4.19,2040.9142543247767,2026.9099853515625,21.823310576849977,2.3692694661163305
2024-03-04,2083.60009765625,2119.800048828125,2080.699951171875,2117.699951171875,805,1.4758757137097955,1.0,0.0,0.0,0.0,0.0,0.0,0.0,5.33,312.345,3.9,28708.161,19581.8,4.19,2054.9142543247767,2030.9899841308593,33.98906169449572,4.397335527329305
2024-03-05,2114.89990234375,2133.5,2111.39990234375,2133.5,1287,0.746094781717388,1.0,0.0,0.0,0.0,0.0,0.0,0.0,5.33,312.345,3.9,28708.161,19581.8,4.19,2068.4714006696427,2036.3799865722656,43.88342151405854,4.8918387413962705
2024-03-06,2125.5,2150.300048828125,2125.5,2150.300048828125,443,0.7874407700082076,1.0,0.0,0.0,0.0,0.0,0.0,0.0,5.33,312.345,3.9,28708.161,19581.8,4.19,2085.871407645089,2042.169989013672,49.21622562972506,5.76980072937161
2024-03-07,2147.0,2163.0,2147.0,2158.0,152,0.3580872900073251,1.0,0.0,0.0,0.0,0.0,0.0,0.0,5.33,312.345,3.9,28708.161,19581.8,4.19,2103.585693359375,2048.309991455078,49.74726234823178,5.489565992500234
2024-03-08,2167.300048828125,2194.89990234375,2166.300048828125,2178.60009765625,259,0.9545921064064044,1.0,0.0,0.0,0.0,0.0,0.0,0.0,5.33,312.345,3.9,28708.161,19581.8,4.19,2124.3857073102677,2055.629998779297,45.579742118169804,4.394086904192851
2024-03-11,2181.0,2184.0,2177.199951171875,2182.5,738,0.1790095551701176,0.0,0.0,0.0,0.0,0.0,0.0,0.0,5.33,312.345,3.9,28708.161,19581.8,4.19,2143.9285714285716,2063.5899963378906,34.101406079235424,3.059925878180536
2024-03-12,2182.5,2182.699951171875,2160.39990234375,2160.39990234375,550,-1.0126047036082442,1.0,0.0,0.0,0.0,0.0,0.0,0.0,5.33,312.345,3.9,28708.161,19581.8,4.19,2154.4285714285716,2070.6999938964846,23.183043458589076,1.2608344196742394
2024-03-13,2162.5,2175.39990234375,2162.5,2175.39990234375,20,0.6943158988170106,0.0,0.0,0.0,0.0,0.0,0.0,0.0,5.33,312.345,3.9,28708.161,19581.8,4.19,2162.6714215959823,2079.824987792969,17.511492161024872,1.1672721455456392
2024-03-14,2163.0,2163.0,2162.300048828125,2163.0,515,-0.5700056495539285,0.0,0.0,0.0,0.0,0.0,0.0,0.0,5.33,312.345,3.9,28708.161,19581.8,4.19,2166.8857073102677,2088.4599853515624,12.005060346228532,0.23169601482855295
2024-03-15,2161.699951171875,2161.699951171875,2157.300048828125,2157.300048828125,100,-0.2635206274560819,1.0,0.0,0.0,0.0,0.0,0.0,0.0,5.33,312.345,3.9,28708.161,19581.8,4.19,2167.8857073102677,2096.2199890136717,10.602905456756913,-0.9776942932775867
2024-03-18,2146.199951171875,2160.699951171875,2146.199951171875,2160.699951171875,21,0.15759988257531,0.0,0.0,0.0,0.0,0.0,0.0,0.0,5.33,312.345,3.9,28708.161,19581.8,4.19,2168.271414620536,2103.6799865722655,10.225752752253896,-0.9988567618843036
2024-03-19,2156.10009765625,2156.300048828125,2156.10009765625,2156.300048828125,12,-0.2036331949451741,1.0,0.0,0.0,0.0,0.0,0.0,0.0,5.33,312.345,3.9,28708.161,19581.8,4.19,2165.085693359375,2110.119989013672,9.941380538839168,-0.18977289858128632
2024-03-20,2157.300048828125,2185.89990234375,2150.89990234375,2157.89990234375,17,0.0741943829428715,1.0,0.0,0.0,0.0,0.0,0.0,0.0,5.33,312.345,3.9,28708.161,19581.8,4.19,2161.5713936941966,2116.899981689453,6.51807338479929,-0.8044497924793337
2024-03-21,2207.0,2211.60009765625,2182.39990234375,2182.39990234375,63,1.1353631358614005,0.0,0.0,0.0,0.0,0.0,0.0,0.0,5.33,312.345,3.9,28708.161,19581.8,4.19,2164.7142508370534,2125.034979248047,10.150724172321759,0.8968979354484485
2024-03-22,2179.199951171875,2179.60009765625,2157.5,2158.10009765625,19,-1.11344417956597,1.0,0.0,0.0,0.0,0.0,0.0,0.0,5.33,312.345,3.9,28708.161,19581.8,4.19,2162.242850167411,2131.0099853515626,9.1745329819605,0.03708565382731788
2024-03-25,2166.199951171875,2179.39990234375,2166.199951171875,2174.800048828125,79,0.7738265333480765,1.0,0.0,0.0,0.0,0.0,0.0,0.0,5.33,312.345,3.9,28708.161,19581.8,4.19,2163.9285714285716,2138.324987792969,10.346099923528891,0.6525708323639634
2024-03-26,2182.699951171875,2182.699951171875,2175.60009765625,2175.60009765625,202373,0.0367872360751642,1.0,0.0,0.0,0.0,0.0,0.0,0.0,5.33,312.345,3.9,28708.161,19581.8,4.19,2166.5428641183034,2145.404992675781,10.698101315276778,0.8950539531181523
2024-03-27,2179.39990234375,2196.199951171875,2172.10009765625,2190.60009765625,31200,0.6894649442312106,1.0,0.0,0.0,0.0,0.0,0.0,0.0,5.33,312.345,3.9,28708.161,19581.8,4.19,2170.8143136160716,2153.2849975585937,13.562141661180151,1.5153712772767447
2024-03-28,2193.60009765625,2234.10009765625,2187.10009765625,2217.39990234375,2040,1.2234001411838502,1.0,0.0,0.0,0.0,0.0,0.0,0.0,5.33,312.345,3.9,28708.161,19581.8,4.19,2179.5428641183034,2161.8699951171875,20.5338345027068,1.603739074695354
2024-04-01,2235.699951171875,2264.199951171875,2230.0,2236.5,400,0.8613736131250604,1.0,0.0,0.0,0.0,0.0,0.0,0.0,5.33,313.023,3.9,29147.044,19665.7,4.33,2190.7714494977677,2169.35,27.15068993110887,3.632820480796717
2024-04-02,2252.0,2279.199951171875,2247.60009765625,2261.0,435,1.095461658841934,1.0,0.0,0.0,0.0,0.0,0.0,0.0,5.33,313.023,3.9,29147.044,19665.7,4.33,2202.0000348772323,2176.515002441406,37.421826026479664,3.963580524026722
2024-04-03,2281.699951171875,2298.800048828125,2267.89990234375,2294.39990234375,285,1.4772181487726632,0.0,0.0,0.0,0.0,0.0,0.0,0.0,5.33,313.023,3.9,29147.044,19665.7,4.33,2221.471435546875,2184.5599975585938,45.385278983565684,5.4605533809031215
2024-04-04,2301.699951171875,2302.89990234375,2280.0,2288.800048828125,251,-0.2440661503648411,1.0,0.0,0.0,0.0,0.0,0.0,0.0,5.33,313.023,3.9,29147.044,19665.7,4.33,2237.757149832589,2191.484997558594,46.29127651809867,4.482787674342759
2024-04-05,2289.199951171875,2328.39990234375,2267.39990234375,2325.699951171875,344,1.6121942308871873,1.0,0.0,0.0,0.0,0.0,0.0,0.0,5.33,313.023,3.9,29147.044,19665.7,4.33,2259.1999860491073,2199.8699951171875,47.450262182522806,4.884100910875566
2024-04-08,2325.60009765625,2341.800048828125,2319.0,2331.699951171875,202,0.2579868480874658,1.0,0.0,0.0,0.0,0.0,0.0,0.0,5.33,313.023,3.9,29147.044,19665.7,4.33,2279.357107979911,2207.5249877929687,43.23443378970537,4.256648833976073
2024-04-09,2337.800048828125,2364.699951171875,2337.800048828125,2343.5,211,0.5060706383852809,0.0,0.0,0.0,0.0,0.0,0.0,0.0,5.33,313.023,3.9,29147.044,19665.7,4.33,2297.371407645089,2215.574987792969,39.19886884033416,3.6488279522335354
2024-04-10,2346.60009765625,2358.10009765625,2327.699951171875,2329.60009765625,377,-0.593125766748448,1.0,0.0,0.0,0.0,0.0,0.0,0.0,5.33,313.023,3.9,29147.044,19665.7,4.33,2310.6714215959823,2224.0349975585937,29.76137178641115,1.534178731290159
2024-04-11,2341.5,2376.300048828125,2330.60009765625,2354.800048828125,283,1.0817286278974605,1.0,0.0,0.0,0.0,0.0,0.0,0.0,5.33,313.023,3.9,29147.044,19665.7,4.33,2324.0714285714284,2233.0050048828125,24.281679695770123,2.883607068856553
2024-04-12,2377.300048828125,2429.0,2334.300048828125,2356.199951171875,584,0.0594488837575291,1.0,0.0,0.0,0.0,0.0,0.0,0.0,5.33,313.023,3.9,29147.044,19665.7,4.33,2332.9000069754466,2242.665002441406,22.890448271584162,1.311433144444596
2024-04-15,2362.10009765625,2384.699951171875,2326.0,2365.800048828125,1801,0.4074398546471069,1.0,0.0,0.0,0.0,0.0,0.0,0.0,5.33,313.023,3.9,29147.044,19665.7,4.33,2343.9000069754466,2253.0900024414063,15.462008158478707,1.462456506855081
2024-04-16,2384.0,2390.800048828125,2371.39990234375,2390.800048828125,41,1.0567249760766284,0.0,0.0,0.0,0.0,0.0,0.0,0.0,5.33,313.023,3.9,29147.044,19665.7,4.33,2353.200020926339,2264.595007324219,21.202917471736633,2.018350707408789
2024-04-17,2384.199951171875,2391.39990234375,2369.300048828125,2371.699951171875,37,-0.7988998354593546,1.0,0.0,0.0,0.0,0.0,0.0,0.0,5.33,313.023,3.9,29147.044,19665.7,4.33,2358.914306640625,2275.3650024414064,19.785538687600365,1.8071708340835269
2024-04-18,2368.39990234375,2384.39990234375,2368.39990234375,2382.300048828125,128,0.4469409231556698,1.0,0.0,0.0,0.0,0.0,0.0,0.0,5.33,313.023,3.9,29147.044,19665.7,4.33,2364.4571707589284,2286.585009765625,20.17851141256649,1.167827392125531
2024-04-19,2379.300048828125,2399.800048828125,2377.300048828125,2398.39990234375,160,0.6758113245871167,0.0,0.0,0.0,0.0,0.0,0.0,0.0,5.33,313.023,3.9,29147.044,19665.7,4.33,2374.285714285714,2297.385009765625,16.851931363649697,1.791017402868822
2024-04-22,2383.300048828125,2383.300048828125,2326.89990234375,2332.199951171875,53,-2.7601715254901182,0.0,0.0,0.0,0.0,0.0,0.0,0.0,5.33,313.023,3.9,29147.044,19665.7,4.33,2371.05712890625,2306.0900024414063,22.44429956504387,-1.4202424956789361
2024-04-23,2327.699951171875,2330.800048828125,2294.199951171875,2327.699951171875,171,-0.1929508658868983,0.0,0.0,0.0,0.0,0.0,0.0,0.0,5.33,313.023,3.9,29147.044,19665.7,4.33,2366.9857003348216,2313.734997558594,27.584877845074626,-2.639287952465086
2024-04-24,2321.300048828125,2328.699951171875,2314.60009765625,2324.5,95,-0.137472665678584,1.0,0.0,0.0,0.0,0.0,0.0,0.0,5.33,313.023,3.9,29147.044,19665.7,4.33,2361.085693359375,2321.1799926757812,31.951816071596205,-1.9901316415912196
2024-04-25,2315.0,2329.800048828125,2305.0,2329.800048828125,1024,0.228008123386747,1.0,0.0,0.0,0.0,0.0,0.0,0.0,5.33,313.023,3.9,29147.044,19665.7,4.33,2352.371407645089,2328.139990234375,30.794448920434565,-2.203752630816813
2024-04-26,2347.89990234375,2347.89990234375,2332.800048828125,2334.800048828125,717,0.2146106916992796,1.0,0.0,0.0,0.0,0.0,0.0,0.0,5.33,313.023,3.9,29147.044,19665.7,4.33,2347.0999930245534,2334.0099975585936,30.084419768865576,-2.6517618456152525
2024-04-29,2334.800048828125,2345.5,2327.89990234375,2345.39990234375,405,0.4539940591891556,0.0,0.0,0.0,0.0,0.0,0.0,0.0,5.33,313.023,3.9,29147.044,19665.7,4.33,2341.828543526786,2339.4549926757813,25.819124042950236,0.5659871129506833
2024-04-30,2322.5,2322.5,2291.39990234375,2291.39990234375,113,-2.302379220960915,1.0,0.0,0.0,0.0,0.0,0.0,0.0,5.33,313.023,3.9,29147.044,19665.7,4.33,2326.5428292410716,2340.974987792969,16.86673640961824,-1.5594814447562166
2024-05-01,2287.699951171875,2327.300048828125,2283.800048828125,2299.89990234375,42,0.3709522720720226,0.0,0.0,0.0,0.0,0.0,0.0,0.0,5.33,313.175,3.9,29147.044,19758.0,4.63,2321.928536551339,2341.2499877929686,19.303373749164187,-1.058296307001505
2024-05-02,2321.699951171875,2324.699951171875,2292.300048828125,2299.199951171875,56,-0.0304339841556422,0.0,0.0,0.0,0.0,0.0,0.0,0.0,5.33,313.175,3.9,29147.044,19758.0,4.63,2317.857107979911,2341.769982910156,20.828526435888953,-1.3134216248146147
2024-05-03,2300.0,2301.0,2277.60009765625,2299.0,194,-0.0086965542850259,1.0,0.0,0.0,0.0,0.0,0.0,0.0,5.33,313.175,3.9,29147.044,19758.0,4.63,2314.2142508370534,2340.4349853515623,21.68538190723428,-1.5333239711937452
2024-05-06,2322.800048828125,2325.5,2314.199951171875,2321.60009765625,9,0.9830403504240914,0.0,0.0,0.0,0.0,0.0,0.0,0.0,5.33,313.175,3.9,29147.044,19758.0,4.63,2313.0428292410716,2339.9299926757812,20.910773798471286,-1.0147439958412607
2024-05-07,2324.300048828125,2324.300048828125,2315.199951171875,2315.199951171875,25,-0.2756782484130804,0.0,0.0,0.0,0.0,0.0,0.0,0.0,5.33,313.175,3.9,29147.044,19758.0,4.63,2310.2428152901784,2338.514990234375,18.708103365002113,1.0386684927315093
2024-05-08,2313.60009765625,2313.60009765625,2313.60009765625,2313.60009765625,4,-0.0691021747307507,1.0,0.0,0.0,0.0,0.0,0.0,0.0,5.33,313.175,3.9,29147.044,19758.0,4.63,2305.6999860491073,2337.714990234375,11.035913202599342,0.5956865904702457
2024-05-09,2310.699951171875,2339.5,2310.699951171875,2332.10009765625,5,0.7996196066356154,1.0,0.0,0.0,0.0,0.0,0.0,0.0,5.33,313.175,3.9,29147.044,19758.0,4.63,2311.5142996651784,2336.5799926757813,12.823013688931757,1.430938899751033
2024-05-10,2367.300048828125,2367.300048828125,2367.300048828125,2367.300048828125,126,1.509367081080737,0.0,0.0,0.0,0.0,0.0,0.0,0.0,5.33,313.175,3.9,29147.044,19758.0,4.63,2321.142892020089,2337.1349975585936,23.504485847639813,2.970859018187255
2024-05-13,2358.300048828125,2358.300048828125,2336.10009765625,2336.10009765625,14,-1.317955076599597,1.0,0.0,0.0,0.0,0.0,0.0,0.0,5.33,313.175,3.9,29147.044,19758.0,4.63,2326.4143415178573,2335.65,21.842135192074476,0.6245692363055166
2024-05-14,2336.0,2358.0,2336.0,2353.39990234375,6,0.7405420985537647,1.0,0.0,0.0,0.0,0.0,0.0,0.0,5.33,313.175,3.9,29147.044,19758.0,4.63,2334.1857561383927,2333.779992675781,20.068148039010048,1.6499633715238993
2024-05-15,2361.60009765625,2388.699951171875,2356.0,2388.699951171875,29,1.4999596453186603,0.0,0.0,0.0,0.0,0.0,0.0,0.0,5.33,313.175,3.9,29147.044,19758.0,4.63,2343.7714494977677,2334.629992675781,27.64833760751178,3.246017044678706
2024-05-16,2389.5,2392.199951171875,2380.0,2380.0,7,-0.3642128082100404,1.0,0.0,0.0,0.0,0.0,0.0,0.0,5.33,313.175,3.9,29147.044,19758.0,4.63,2353.0285993303573,2334.514990234375,27.334035646970896,2.0539385248467434
2024-05-17,2380.699951171875,2415.800048828125,2380.699951171875,2412.199951171875,213,1.3529391248686906,1.0,0.0,0.0,0.0,0.0,0.0,0.0,5.33,313.175,3.9,29147.044,19758.0,4.63,2367.1142926897323,2335.2049926757813,28.9847427137307,1.8966713731948248
2024-05-20,2415.800048828125,2435.800048828125,2409.699951171875,2433.89990234375,40,0.8995917258572517,0.0,0.0,0.0,0.0,0.0,0.0,0.0,5.33,313.175,3.9,29147.044,19758.0,4.63,2381.6571219308034,2340.289990234375,33.651544015490266,4.186456084892076
2024-05-21,2429.5,2429.5,2421.0,2421.699951171875,6,-0.5012511467758718,0.0,0.0,0.0,0.0,0.0,0.0,0.0,5.33,313.175,3.9,29147.044,19758.0,4.63,2389.428536551339,2344.989990234375,35.98401709297048,2.902186269324858
2024-05-22,2417.5,2417.60009765625,2375.800048828125,2389.199951171875,180,-1.3420324835978548,0.0,0.0,0.0,0.0,0.0,0.0,0.0,5.33,313.175,3.9,29147.044,19758.0,4.63,2397.014229910714,2348.224987792969,27.454287967985877,0.020931888065511828
2024-05-23,2371.199951171875,2371.199951171875,2335.0,2335.0,365,-2.2685397739645285,0.0,0.0,0.0,0.0,0.0,0.0,0.0,5.33,313.175,3.9,29147.044,19758.0,4.63,2394.385672433036,2348.4849853515625,32.70478432987224,-1.8907563025210128
2024-05-24,2342.60009765625,2345.39990234375,2332.5,2332.5,25,-0.1070663811563177,1.0,0.0,0.0,0.0,0.0,0.0,0.0,5.33,313.175,3.9,29147.044,19758.0,4.63,2386.357107979911,2348.369982910156,40.34005785065263,-3.3040358504756506
2024-05-28,2336.89990234375,2359.699951171875,2336.89990234375,2355.199951171875,26,0.9732026225884204,0.0,0.0,0.0,0.0,0.0,0.0,0.0,5.33,313.175,3.9,29147.044,19758.0,4.63,2382.8142438616073,2348.8599853515625,42.044448701603926,-3.233491693561019
2024-05-29,2340.300048828125,2340.300048828125,2340.300048828125,2340.300048828125,119317,-0.6326385297492965,1.0,0.0,0.0,0.0,0.0,0.0,0.0,5.33,313.175,3.9,29147.044,19758.0,4.63,2372.5428292410716,2351.3049926757812,42.449651111251846,-3.3612711725232614
2024-05-30,2336.89990234375,2349.5,2320.800048828125,2342.89990234375,32587,0.1110906063915617,0.0,0.0,0.0,0.0,0.0,0.0,0.0,5.33,313.175,3.9,29147.044,19758.0,4.63,2359.5428292410716,2353.4549926757813,33.523250568608155,-1.9378892421881844
2024-05-31,2344.10009765625,2354.0,2319.0,2322.89990234375,941,-0.8536429567474357,1.0,0.0,0.0,0.0,0.0,0.0,0.0,5.33,313.175,3.9,29147.044,19758.0,4.63,2345.428536551339,2354.639990234375,21.708498528131653,-0.518205467077093
2024-06-03,2322.60009765625,2347.5,2312.0,2346.60009765625,781,1.0202848296901212,0.0,0.0,0.0,0.0,0.0,0.0,0.0,5.33,313.044,4.1,29147.044,19844.5,4.63,2339.342843191964,2357.0199951171876,10.438227994288354,0.6045057944801702
2024-06-04,2347.5,2347.699951171875,2313.89990234375,2325.5,890,-0.8991773961538829,1.0,0.0,0.0,0.0,0.0,0.0,0.0,5.33,313.044,4.1,29147.044,19844.5,4.63,2337.9857003348216,2357.214990234375,11.644818486268855,-1.2610373551127707
2024-06-05,2326.39990234375,2354.300048828125,2326.199951171875,2354.10009765625,295,1.2298472438722952,1.0,0.0,0.0,0.0,0.0,0.0,0.0,5.33,313.044,4.1,29147.044,19844.5,4.63,2341.0714285714284,2359.1599975585937,12.757609801519989,0.5896700653847953
2024-06-06,2355.0,2375.800048828125,2355.0,2370.300048828125,179,0.6881589779467623,0.0,0.0,0.0,0.0,0.0,0.0,0.0,5.33,313.044,4.1,29147.044,19844.5,4.63,2343.228585379464,2361.9949951171875,16.323109690786854,1.1694971030117296
2024-06-07,2379.89990234375,2385.10009765625,2285.39990234375,2305.199951171875,269,-2.746491849773846,1.0,0.0,0.0,0.0,0.0,0.0,0.0,5.33,313.044,4.1,29147.044,19844.5,4.63,2338.214285714286,2360.6499877929687,21.833696225869275,-0.7619764912821347
2024-06-10,2290.60009765625,2309.300048828125,2290.5,2307.699951171875,69,0.1084504621271076,0.0,0.0,0.0,0.0,0.0,0.0,0.0,5.33,313.044,4.1,29147.044,19844.5,4.63,2333.185721261161,2357.6699829101562,24.469117037108536,-1.6577237222152985
2024-06-11,2300.0,2314.10009765625,2300.0,2307.5,871,-0.0086645220828462,1.0,0.0,0.0,0.0,0.0,0.0,0.0,5.33,313.044,4.1,29147.044,19844.5,4.63,2330.9857352120534,2356.2399780273436,26.180478627674198,-0.7740270909481817
2024-06-12,2314.89990234375,2338.699951171875,2310.300048828125,2336.0,132,1.2351029252437806,0.0,0.0,0.0,0.0,0.0,0.0,0.0,5.33,313.044,4.1,29147.044,19844.5,4.63,2329.471435546875,2355.369982910156,25.422390326697478,-0.768875447321482
2024-06-13,2309.39990234375,2317.699951171875,2296.199951171875,2300.199951171875,298,-1.5325363368204226,1.0,0.0,0.0,0.0,0.0,0.0,0.0,5.33,313.044,4.1,29147.044,19844.5,4.63,2325.8571428571427,2350.9449829101563,27.771067964163695,-2.957435607821357
2024-06-14,2307.0,2331.39990234375,2305.800048828125,2331.39990234375,948,1.3564016969907169,0.0,0.0,0.0,0.0,0.0,0.0,0.0,5.33,313.044,4.1,29147.044,19844.5,4.63,2322.6142578125,2348.5149780273437,25.122489454250918,1.1365587249191123
2024-06-17,2320.199951171875,2320.199951171875,2309.60009765625,2312.39990234375,110,-0.8149610017955,1.0,0.0,0.0,0.0,0.0,0.0,0.0,5.33,313.044,4.1,29147.044,19844.5,4.63,2314.3428083147323,2343.5249755859377,13.773870876716325,0.20366387621095772
2024-06-18,2311.800048828125,2330.39990234375,2311.800048828125,2330.39990234375,43,0.778412072313106,1.0,0.0,0.0,0.0,0.0,0.0,0.0,5.33,313.044,4.1,29147.044,19844.5,4.63,2317.942801339286,2338.3499755859375,14.270224811678208,0.992411802546056
2024-06-20,2328.89990234375,2354.0,2328.300048828125,2353.800048828125,183,1.0041257923518063,0.0,0.0,0.0,0.0,0.0,0.0,0.0,5.33,313.044,4.1,29147.044,19844.5,4.63,2324.5285295758927,2334.95498046875,18.70409669980502,0.7619883916149428
2024-06-21,2331.199951171875,2331.199951171875,2316.39990234375,2316.39990234375,76,-1.5889262345370136,1.0,0.0,0.0,0.0,0.0,0.0,0.0,5.33,313.044,4.1,29147.044,19844.5,4.63,2325.7999441964284,2331.314978027344,17.62501865405572,0.7042844759483469
2024-06-24,2323.300048828125,2332.89990234375,2322.699951171875,2330.0,99,0.5871221822488115,0.0,0.0,0.0,0.0,0.0,0.0,0.0,5.33,313.044,4.1,29147.044,19844.5,4.63,2324.942801339286,2331.064978027344,17.186739891309298,-0.060045569288336154
2024-06-25,2324.39990234375,2333.0,2316.60009765625,2316.60009765625,105,-0.5751031048819688,0.0,0.0,0.0,0.0,0.0,0.0,0.0,5.33,313.044,4.1,29147.044,19844.5,4.63,2327.2856794084823,2330.269982910156,14.090615643962854,0.1816379298512638
2024-06-26,2307.89990234375,2314.39990234375,2298.0,2299.199951171875,986,-0.7511070426863498,1.0,0.0,0.0,0.0,0.0,0.0,0.0,5.33,313.044,4.1,29147.044,19844.5,4.63,2322.6856863839284,2327.4699829101564,17.392692166506418,-1.3388239134620727
2024-06-27,2296.800048828125,2329.0,2295.0,2324.5,1532,1.1003848888927692,1.0,0.0,0.0,0.0,0.0,0.0,0.0,5.33,313.044,4.1,29147.044,19844.5,4.63,2324.4142717633927,2326.67998046875,16.790933930104188,-1.2447976982034814
2024-06-28,2325.39990234375,2338.300048828125,2319.0,2327.699951171875,92,0.1376619131802536,0.0,0.0,0.0,0.0,0.0,0.0,0.0,5.33,313.044,4.1,29147.044,19844.5,4.63,2324.028564453125,2325.9199829101562,16.661028871277203,0.4878280652961253
2024-07-01,2323.800048828125,2329.699951171875,2321.699951171875,2327.60009765625,237,-0.0042897932602814,0.0,0.0,0.0,0.0,0.0,0.0,0.0,5.33,313.569,4.2,29511.664,19949.5,4.48,2320.285714285714,2326.154992675781,10.754002155766997,-0.10300010059013376
2024-07-02,2330.699951171875,2334.60009765625,2323.0,2323.0,30,-0.1976326457831856,1.0,0.0,0.0,0.0,0.0,0.0,0.0,5.33,313.569,4.2,29511.664,19949.5,4.48,2321.228585379464,2324.974987792969,10.645313095379352,0.2762627157887554
2024-07-03,2330.89990234375,2361.60009765625,2330.89990234375,2359.800048828125,59,1.5841605177841167,1.0,0.0,0.0,0.0,0.0,0.0,0.0,5.33,313.569,4.2,29511.664,19949.5,4.48,2325.4857352120534,2326.689990234375,18.09186258440638,2.635703677070933
2024-07-05,2354.89990234375,2388.5,2354.89990234375,2388.5,72,1.2162026687865923,0.0,0.0,0.0,0.0,0.0,0.0,0.0,5.33,313.569,4.2,29511.664,19949.5,4.48,2335.757149832589,2328.4099853515627,29.203944523763028,2.7532802753280183
2024-07-08,2381.699951171875,2383.800048828125,2352.800048828125,2355.199951171875,64,-1.3941824922807156,1.0,0.0,0.0,0.0,0.0,0.0,0.0,5.33,313.569,4.2,29511.664,19949.5,4.48,2343.757149832589,2327.65498046875,24.869043690508057,1.1814237477710599
2024-07-09,2363.10009765625,2363.699951171875,2360.10009765625,2360.10009765625,9,0.2080564956676855,1.0,0.0,0.0,0.0,0.0,0.0,0.0,5.33,313.569,4.2,29511.664,19949.5,4.48,2348.8428780691966,2330.3999877929687,23.895668040108138,1.3962879634145775
2024-07-10,2366.300048828125,2377.0,2365.800048828125,2372.199951171875,19,0.5126839123324123,1.0,0.0,0.0,0.0,0.0,0.0,0.0,5.33,313.569,4.2,29511.664,19949.5,4.48,2355.200020926339,2333.6249877929686,23.243831997234636,2.117948823584803
2024-07-11,2378.699951171875,2416.699951171875,2378.699951171875,2415.0,72,1.804234453633713,0.0,0.0,0.0,0.0,0.0,0.0,0.0,5.33,313.569,4.2,29511.664,19949.5,4.48,2367.685721261161,2338.9999877929686,28.76539326526792,2.339179168984562
2024-07-12,2399.800048828125,2414.0,2391.300048828125,2414.0,355,-0.0414078674948248,1.0,0.0,0.0,0.0,0.0,0.0,0.0,5.33,313.569,4.2,29511.664,19949.5,4.48,2380.685721261161,2342.8999877929687,25.59259602796046,1.067615658362997
2024-07-15,2430.0,2436.0,2422.89990234375,2422.89990234375,540,0.3686786389291541,1.0,0.0,0.0,0.0,0.0,0.0,0.0,5.33,313.569,4.2,29511.664,19949.5,4.48,2389.6999860491073,2349.0349853515627,28.008667743294595,2.874488475519432
2024-07-16,2427.39990234375,2462.39990234375,2427.39990234375,2462.39990234375,93,1.6302778320222977,0.0,0.0,0.0,0.0,0.0,0.0,0.0,5.33,313.569,4.2,29511.664,19949.5,4.48,2400.2571149553573,2355.5849853515624,39.18030942547058,4.334553639868544
2024-07-17,2472.89990234375,2473.10009765625,2454.800048828125,2454.800048828125,10,-0.3086360387031917,0.0,0.0,0.0,0.0,0.0,0.0,0.0,5.33,313.569,4.2,29511.664,19949.5,4.48,2414.4857003348216,2362.7049926757813,38.16236150534273,3.4820040197473867
2024-07-18,2466.0,2466.0,2451.800048828125,2451.800048828125,2,-0.1222095462085404,0.0,0.0,0.0,0.0,0.0,0.0,0.0,5.33,313.569,4.2,29511.664,19949.5,4.48,2427.585693359375,2368.775,31.54756492993816,1.5238115456780443
2024-07-19,2418.800048828125,2419.199951171875,2395.5,2395.5,15,-2.296274072391602,0.0,0.0,0.0,0.0,0.0,0.0,0.0,5.33,313.569,4.2,29511.664,19949.5,4.48,2430.9142717633927,2370.859997558594,25.350372644867406,-0.7663628831814373
2024-07-22,2402.10009765625,2402.10009765625,2392.0,2392.0,18,-0.1461072844917588,1.0,0.0,0.0,0.0,0.0,0.0,0.0,5.33,313.569,4.2,29511.664,19949.5,4.48,2427.6285574776784,2374.640002441406,28.98658721991485,-1.2753272355106149
2024-07-23,2395.800048828125,2404.60009765625,2388.699951171875,2404.60009765625,41,0.5267599354619623,1.0,0.0,0.0,0.0,0.0,0.0,0.0,5.33,313.569,4.2,29511.664,19949.5,4.48,2426.285714285714,2378.370007324219,29.92569470066277,-2.347295605091815
2024-07-24,2421.0,2421.0,2411.60009765625,2413.300048828125,6,0.3618044921629426,0.0,0.0,0.0,0.0,0.0,0.0,0.0,5.33,313.569,4.2,29511.664,19949.5,4.48,2424.914306640625,2383.2050048828123,30.3240325272179,-1.6905653892182126
2024-07-25,2365.5,2365.5,2351.89990234375,2351.89990234375,31,-2.544240054782676,1.0,0.0,0.0,0.0,0.0,0.0,0.0,5.33,313.569,4.2,29511.664,19949.5,4.48,2409.128592354911,2385.8400024414063,35.82106831951456,-4.074563361401506
2024-07-26,2368.699951171875,2386.89990234375,2368.699951171875,2380.0,95,1.1947828914082192,0.0,0.0,0.0,0.0,0.0,0.0,0.0,5.33,313.569,4.2,29511.664,19949.5,4.48,2398.44287109375,2388.6150024414064,30.71968450739385,-0.6470465456063446
2024-07-29,2377.300048828125,2377.300048828125,2377.300048828125,2377.300048828125,126409,-0.1134433265493672,1.0,0.0,0.0,0.0,0.0,0.0,0.0,5.33,313.569,4.2,29511.664,19949.5,4.48,2387.8000139508927,2391.095007324219,20.286825601186585,-0.6145464536737033
2024-07-30,2380.89990234375,2409.300048828125,2373.800048828125,2405.0,25944,1.1651853196036122,1.0,0.0,0.0,0.0,0.0,0.0,0.0,5.33,313.569,4.2,29511.664,19949.5,4.48,2389.157156808036,2394.9650024414063,21.185642290743303,0.016630721430144213
2024-07-31,2407.10009765625,2447.60009765625,2402.800048828125,2426.5,1313,0.8939708939708968,1.0,0.0,0.0,0.0,0.0,0.0,0.0,5.33,313.569,4.2,29511.664,19949.5,4.48,2394.0857282366073,2400.140002441406,25.525670417535853,0.5469668464261224
2024-08-01,2446.699951171875,2455.10009765625,2430.39990234375,2435.0,690,0.3502987842571636,0.0,0.0,0.0,0.0,0.0,0.0,0.0,5.33,314.062,4.2,29511.664,20001.3,3.99,2398.4285714285716,2403.9,29.834998358455515,3.5333177901592627
2024-08-02,2444.0,2477.0,2416.0,2425.699951171875,550,-0.381932190066736,0.0,0.0,0.0,0.0,0.0,0.0,0.0,5.33,314.062,4.2,29511.664,20001.3,3.99,2400.1999860491073,2405.7599975585936,31.201935589124975,1.9201660156249911
2024-08-05,2442.0,2449.800048828125,2367.39990234375,2401.699951171875,334,-0.9894051400877292,0.0,0.0,0.0,0.0,0.0,0.0,0.0,5.33,314.062,4.2,29511.664,20001.3,3.99,2407.314278738839,2408.084997558594,22.93623186556751,1.026370329474302
2024-08-06,2414.5,2421.800048828125,2380.0,2389.10009765625,163,-0.5246222996955541,1.0,0.0,0.0,0.0,0.0,0.0,0.0,5.33,314.062,4.2,29511.664,20001.3,3.99,2408.6142926897323,2409.5349975585937,21.33182563184731,-0.6611186005717307
2024-08-07,2392.199951171875,2401.0,2384.5,2390.5,130,0.0585953826347962,1.0,0.0,0.0,0.0,0.0,0.0,0.0,5.33,314.062,4.2,29511.664,20001.3,3.99,2410.5,2410.45,18.497455659857557,-1.483618380383267
2024-08-08,2384.300048828125,2422.800048828125,2384.300048828125,2422.199951171875,201,1.326080366947302,1.0,0.0,0.0,0.0,0.0,0.0,0.0,5.33,314.062,4.2,29511.664,20001.3,3.99,2412.9571358816966,2410.8099975585938,18.785239930891088,-0.5256693563911674
2024-08-09,2422.300048828125,2432.10009765625,2418.5,2432.10009765625,611,0.4087254018639186,1.0,0.0,0.0,0.0,0.0,0.0,0.0,5.33,314.062,4.2,29511.664,20001.3,3.99,2413.757149832589,2411.7150024414063,19.561335572546806,0.2638474095397969
2024-08-12,2432.699951171875,2469.800048828125,2432.0,2462.39990234375,566,1.2458288504120008,1.0,0.0,0.0,0.0,0.0,0.0,0.0,5.33,314.062,4.2,29511.664,20001.3,3.99,2417.6714215959823,2413.6900024414062,26.15174666204259,2.527374460005194
2024-08-13,2461.0,2470.0,2456.5,2466.699951171875,510,0.1746283706408613,0.0,0.0,0.0,0.0,0.0,0.0,0.0,5.33,314.062,4.2,29511.664,20001.3,3.99,2423.528564453125,2413.9050048828126,32.15244855614804,3.24807878881892
2024-08-14,2468.0,2472.10009765625,2439.39990234375,2439.39990234375,274,-1.1067438021862053,1.0,0.0,0.0,0.0,0.0,0.0,0.0,5.33,314.062,4.2,29511.664,20001.3,3.99,2428.9142717633927,2413.1349975585936,31.024317867783314,2.045593070225893
2024-08-15,2451.800048828125,2467.699951171875,2431.199951171875,2453.10009765625,285,0.5616215405820579,1.0,0.0,0.0,0.0,0.0,0.0,0.0,5.33,314.062,4.2,29511.664,20001.3,3.99,2438.05712890625,2413.2,26.42502807349716,1.2757058503541474
2024-08-16,2453.5,2508.0,2451.39990234375,2498.60009765625,197,1.8547958986048665,1.0,0.0,0.0,0.0,0.0,0.0,0.0,5.33,314.062,4.2,29511.664,20001.3,3.99,2453.5,2418.3550048828124,25.57370828944475,2.7342624616513156
2024-08-19,2508.5,2508.5,2487.199951171875,2501.800048828125,88,0.1280697609383985,1.0,0.0,0.0,0.0,0.0,0.0,0.0,5.33,314.062,4.2,29511.664,20001.3,3.99,2464.8714425223216,2423.845007324219,26.99420017623873,1.6000709895607645
2024-08-20,2503.5,2527.300048828125,2500.699951171875,2511.300048828125,187,0.3797265894390778,0.0,0.0,0.0,0.0,0.0,0.0,0.0,5.33,314.062,4.2,29511.664,20001.3,3.99,2476.185721261161,2429.1800048828127,27.561099320227573,1.808087669319547
2024-08-21,2511.0,2515.39990234375,2503.89990234375,2508.39990234375,96,-0.1154838700269333,0.0,0.0,0.0,0.0,0.0,0.0,0.0,5.33,314.062,4.2,29511.664,20001.3,3.99,2482.757149832589,2433.9349975585938,29.16363066032017,2.8285645143178773
2024-08-22,2504.10009765625,2504.10009765625,2471.10009765625,2478.89990234375,210,-1.1760485229024398,1.0,0.0,0.0,0.0,0.0,0.0,0.0,5.33,314.062,4.2,29511.664,20001.3,3.99,2484.5,2440.2849975585937,28.39860959673808,1.0517224597622388
2024-08-23,2486.5,2508.39990234375,2486.5,2508.39990234375,94,1.1900440179980043,1.0,0.0,0.0,0.0,0.0,0.0,0.0,5.33,314.062,4.2,29511.664,20001.3,3.99,2494.3571428571427,2446.7049926757813,21.19720826139853,0.39221181079327483
2024-08-26,2509.89990234375,2523.10009765625,2509.10009765625,2517.699951171875,290,0.3707562266860087,0.0,0.0,0.0,0.0,0.0,0.0,0.0,5.33,314.062,4.2,29511.664,20001.3,3.99,2503.585693359375,2453.724987792969,12.533353762174947,0.6355384936217234
2024-08-27,2515.199951171875,2523.10009765625,2506.89990234375,2516.0,100,-0.0675200065473946,0.0,0.0,0.0,0.0,0.0,0.0,0.0,5.33,314.062,4.2,29511.664,20001.3,3.99,2506.0713936941966,2459.2749877929687,13.092731068152258,0.18715211565691892
2024-08-28,2501.0,2501.0,2501.0,2501.0,2353,-0.59618441971383,1.0,0.0,0.0,0.0,0.0,0.0,0.0,5.33,314.062,4.2,29511.664,20001.3,3.99,2505.957101004464,2462.9999877929686,13.139640077781738,-0.29500488884710574
2024-08-29,2504.10009765625,2525.699951171875,2503.89990234375,2525.699951171875,3966,0.9876030056727324,0.0,0.0,0.0,0.0,0.0,0.0,0.0,5.33,314.062,4.2,29511.664,20001.3,3.99,2508.014229910714,2467.5349853515627,15.096972291212992,1.8879362084720075
2024-08-30,2519.5,2525.39990234375,2493.800048828125,2493.800048828125,208,-1.2630123514453473,0.0,0.0,0.0,0.0,0.0,0.0,0.0,5.33,314.062,4.2,29511.664,20001.3,3.99,2505.928536551339,2470.939990234375,16.015382279064802,-0.5820385139539974
2024-09-03,2501.60009765625,2501.800048828125,2476.300048828125,2489.89990234375,206,-0.1563937127279979,1.0,0.0,0.0,0.0,0.0,0.0,0.0,5.13,314.732,4.1,29511.664,20147.6,3.99,2507.4999651227677,2475.349987792969,13.216398591742479,-1.1041843494966619
2024-09-04,2490.89990234375,2493.39990234375,2483.5,2493.39990234375,470,0.1405678998061432,1.0,0.0,0.0,0.0,0.0,0.0,0.0,5.13,314.732,4.1,29511.664,20147.6,3.99,2505.357107979911,2480.564978027344,14.223795652839987,-0.8982550737778205
2024-09-05,2493.699951171875,2513.300048828125,2493.39990234375,2511.39990234375,54,0.7219058596689809,0.0,0.0,0.0,0.0,0.0,0.0,0.0,5.13,314.732,4.1,29511.664,20147.6,3.99,2504.457101004464,2486.609973144531,13.493193805358196,0.41582976184526554
2024-09-06,2510.300048828125,2517.89990234375,2483.699951171875,2493.5,96,-0.7127459998324093,1.0,0.0,0.0,0.0,0.0,0.0,0.0,5.13,314.732,4.1,29511.664,20147.6,3.99,2501.2428152901784,2490.1749755859373,12.954380153980873,-1.2748921801631563
2024-09-09,2491.300048828125,2504.699951171875,2491.300048828125,2501.800048828125,96,0.3328674083868055,1.0,0.0,0.0,0.0,0.0,0.0,0.0,5.13,314.732,4.1,29511.664,20147.6,3.99,2501.357107979911,2493.6599731445312,12.95541007495394,0.3207955667399842
2024-09-10,2512.300048828125,2512.300048828125,2512.300048828125,2512.300048828125,5,0.4196978093800263,0.0,0.0,0.0,0.0,0.0,0.0,0.0,5.13,314.732,4.1,29511.664,20147.6,3.99,2499.4428362165177,2496.15498046875,9.206689472980608,0.8996404419024939
2024-09-11,2525.800048828125,2525.800048828125,2502.300048828125,2512.10009765625,90,-0.0079588889857484,1.0,0.0,0.0,0.0,0.0,0.0,0.0,5.13,314.732,4.1,29511.664,20147.6,3.99,2502.05712890625,2498.4249877929688,9.908769853698816,0.7499878096137724
2024-09-12,2529.10009765625,2557.0,2523.39990234375,2551.199951171875,132,1.5564608095077317,1.0,0.0,0.0,0.0,0.0,0.0,0.0,5.13,314.732,4.1,29511.664,20147.6,3.99,2510.814278738839,2504.014990234375,19.661754034535846,1.5847754390283297
2024-09-13,2568.800048828125,2581.800048828125,2565.0,2581.300048828125,31,1.1798407899162866,0.0,0.0,0.0,0.0,0.0,0.0,0.0,5.13,314.732,4.1,29511.664,20147.6,3.99,2523.3714425223216,2510.4249877929688,31.30685274861622,3.521156961224192
2024-09-16,2580.39990234375,2580.39990234375,2580.39990234375,2580.39990234375,28,-0.0348718268836534,0.0,0.0,0.0,0.0,0.0,0.0,0.0,5.13,314.732,4.1,29511.664,20147.6,3.99,2533.228585379464,2514.5149780273437,37.21446576345397,3.141732032199873
2024-09-17,2581.199951171875,2581.800048828125,2564.300048828125,2564.300048828125,22,-0.6239286205599992,1.0,0.0,0.0,0.0,0.0,0.0,0.0,5.13,314.732,4.1,29511.664,20147.6,3.99,2543.3428780691966,2517.6399780273437,34.10884953754428,2.0698164625780224
2024-09-18,2570.699951171875,2570.699951171875,2549.199951171875,2570.699951171875,25,0.2495769692269389,1.0,0.0,0.0,0.0,0.0,0.0,0.0,5.13,314.732,4.1,29511.664,20147.6,3.99,2553.185721261161,2520.609973144531,29.790696403772472,2.3327037632894454
2024-09-19,2566.0,2588.0,2566.0,2588.0,99,0.6729703643647111,1.0,0.0,0.0,0.0,0.0,0.0,0.0,5.13,314.732,4.1,29511.664,20147.6,3.99,2564.0,2524.589978027344,25.970075646936092,1.442460392460454
2024-09-20,2590.39990234375,2621.800048828125,2590.39990234375,2619.89990234375,17,1.2326082822160078,1.0,0.0,0.0,0.0,0.0,0.0,0.0,5.13,314.732,4.1,29511.664,20147.6,3.99,2579.399972098214,2531.6399780273437,21.67084911817125,1.4953648466069946
2024-09-23,2626.5,2626.5,2626.5,2626.5,9,0.2519217490082548,1.0,0.0,0.0,0.0,0.0,0.0,0.0,5.13,314.732,4.1,29511.664,20147.6,3.99,2590.1571219308034,2537.5449829101562,23.912729348866915,1.786548573900415
2024-09-24,2636.800048828125,2662.300048828125,2625.5,2651.199951171875,35,0.9404131418951024,1.0,0.0,0.0,0.0,0.0,0.0,0.0,5.13,314.732,4.1,29511.664,20147.6,3.99,2600.142822265625,2544.2199829101564,32.61055945815589,3.3888351865634103
2024-09-25,2656.300048828125,2664.199951171875,2649.300048828125,2659.199951171875,175,0.3017501564325231,1.0,0.0,0.0,0.0,0.0,0.0,0.0,5.13,314.732,4.1,29511.664,20147.6,3.99,2611.399972098214,2551.37998046875,37.84087111439602,3.442642147313091
2024-09-26,2662.300048828125,2669.89990234375,2660.800048828125,2669.89990234375,17216,0.4023748258253246,0.0,0.0,0.0,0.0,0.0,0.0,0.0,5.13,314.732,4.1,29511.664,20147.6,3.99,2626.485665457589,2559.8249755859374,36.97382231149224,3.1646020998357782
2024-09-27,2670.0,2672.10009765625,2641.699951171875,2644.300048828125,4228,-0.9588319582000904,0.0,0.0,0.0,0.0,0.0,0.0,0.0,5.13,314.732,4.1,29511.664,20147.6,3.99,2636.9999651227677,2565.75498046875,27.790388243335173,0.9313388829300884
2024-09-30,2660.89990234375,2662.10009765625,2623.199951171875,2636.10009765625,973,-0.3100991196331559,1.0,0.0,0.0,0.0,0.0,0.0,0.0,5.13,314.732,4.1,29511.664,20147.6,3.99,2643.871407645089,2572.869982910156,17.80978287044222,0.36550914358461917
2024-10-01,2631.39990234375,2670.89990234375,2631.39990234375,2667.300048828125,153,1.1835647363927837,0.0,0.0,0.0,0.0,0.0,0.0,0.0,4.83,315.631,4.1,29825.182,20226.0,3.74,2650.6428571428573,2581.739990234375,16.10605816931131,0.6072758732940331
2024-10-02,2650.60009765625,2657.199951171875,2640.0,2647.10009765625,72,-0.7573182919840549,1.0,0.0,0.0,0.0,0.0,0.0,0.0,4.83,315.631,4.1,29825.182,20226.0,3.74,2653.5857282366073,2589.425,12.419613657155498,-0.4550185671556073
2024-10-03,2642.800048828125,2657.10009765625,2640.0,2657.10009765625,354,0.3777718873892999,0.0,0.0,0.0,0.0,0.0,0.0,0.0,4.83,315.631,4.1,29825.182,20226.0,3.74,2654.4286063058034,2596.710009765625,12.430919626053589,-0.4794114070068245
2024-10-04,2656.0,2667.0,2639.0,2645.800048828125,114,-0.4252774985064489,0.0,0.0,0.0,0.0,0.0,0.0,0.0,4.83,315.631,4.1,29825.182,20226.0,3.74,2652.514334542411,2604.3250122070312,12.604243955391595,0.05672578649555948
2024-10-07,2648.699951171875,2657.39990234375,2639.0,2644.800048828125,284,-0.037795751059988,0.0,0.0,0.0,0.0,0.0,0.0,0.0,4.83,315.631,4.1,29825.182,20226.0,3.74,2648.928641183036,2611.4750122070313,10.16901873630977,0.3300311387875565
2024-10-08,2639.0,2639.0,2609.300048828125,2615.0,687,-1.1267410873396222,0.0,0.0,0.0,0.0,0.0,0.0,0.0,4.83,315.631,4.1,29825.182,20226.0,3.74,2644.742919921875,2616.610009765625,16.46987472307538,-1.9607861084508627
2024-10-09,2603.0,2607.699951171875,2603.0,2606.0,152,-0.3441682600382356,1.0,0.0,0.0,0.0,0.0,0.0,0.0,4.83,315.631,4.1,29825.182,20226.0,3.74,2640.4429059709823,2621.3050048828127,22.077232872634728,-1.552646146348613
2024-10-10,2602.5,2628.300048828125,2602.5,2620.60009765625,320,0.5602493344685433,1.0,0.0,0.0,0.0,0.0,0.0,0.0,4.83,315.631,4.1,29825.182,20226.0,3.74,2633.771484375,2624.775012207031,19.516237361327583,-1.3736780195896858
2024-10-11,2638.300048828125,2658.10009765625,2638.199951171875,2657.60009765625,12,1.4118903541632033,0.0,0.0,0.0,0.0,0.0,0.0,0.0,4.83,315.631,4.1,29825.182,20226.0,3.74,2635.271484375,2628.5900146484373,21.054302819805148,0.445991708003457
2024-10-14,2655.0,2655.300048828125,2647.800048828125,2647.800048828125,40,-0.3687555865447112,1.0,0.0,0.0,0.0,0.0,0.0,0.0,4.83,315.631,4.1,29825.182,20226.0,3.74,2633.9429059709823,2631.9600219726562,19.69696562423049,0.11343012494759996
2024-10-15,2661.39990234375,2661.39990234375,2661.39990234375,2661.39990234375,39,0.5136284184919404,1.0,0.0,0.0,0.0,0.0,0.0,0.0,4.83,315.631,4.1,29825.182,20226.0,3.74,2636.171456473214,2636.8150146484377,22.008909107091174,1.7743748506214185
2024-10-16,2674.0,2674.0,2674.0,2674.0,6,0.4734387209210489,1.0,0.0,0.0,0.0,0.0,0.0,0.0,4.83,315.631,4.1,29825.182,20226.0,3.74,2640.3428780691966,2641.980017089844,26.27131919323155,2.609363008442056
2024-10-17,2677.39990234375,2691.699951171875,2677.199951171875,2691.0,30,0.6357516828721099,1.0,0.0,0.0,0.0,0.0,0.0,0.0,4.83,315.631,4.1,29825.182,20226.0,3.74,2651.200020926339,2647.130017089844,29.5517426143121,2.686403866301945
2024-10-18,2713.699951171875,2719.60009765625,2713.699951171875,2713.699951171875,29,0.843550768185608,1.0,0.0,0.0,0.0,0.0,0.0,0.0,4.83,315.631,4.1,29825.182,20226.0,3.74,2666.5857282366073,2651.82001953125,30.127485823165276,2.110921562845358
2024-10-21,2721.89990234375,2738.39990234375,2719.5,2723.10009765625,52,0.3463959410956896,1.0,0.0,0.0,0.0,0.0,0.0,0.0,4.83,315.631,4.1,29825.182,20226.0,3.74,2681.228585379464,2656.6500244140625,28.93756291867672,2.843872174617257
2024-10-22,2731.699951171875,2746.0,2728.60009765625,2744.199951171875,93,0.7748467834063577,0.0,0.0,0.0,0.0,0.0,0.0,0.0,4.83,315.631,4.1,29825.182,20226.0,3.74,2693.5999930245534,2661.3000244140626,35.023850620834324,3.111146459245284
2024-10-23,2742.5,2742.5,2714.199951171875,2714.39990234375,18,-1.0859284803718228,1.0,0.0,0.0,0.0,0.0,0.0,0.0,4.83,315.631,4.1,29825.182,20226.0,3.74,2703.1142578125,2664.060021972656,29.044142759966682,1.5108415237004458
2024-10-24,2729.0,2736.10009765625,2729.0,2734.89990234375,27,0.7552313858506743,1.0,0.0,0.0,0.0,0.0,0.0,0.0,4.83,315.631,4.1,29825.182,20226.0,3.74,2713.6142578125,2667.310021972656,24.357966246732726,1.6313601762820484
2024-10-25,2725.5,2742.39990234375,2725.5,2740.89990234375,29,0.2193864570640524,1.0,0.0,0.0,0.0,0.0,0.0,0.0,4.83,315.631,4.1,29825.182,20226.0,3.74,2723.17138671875,2672.1400146484375,18.689163986107545,1.002319772314153
2024-10-28,2736.10009765625,2742.89990234375,2729.5,2742.89990234375,56,0.0729687354977803,1.0,0.0,0.0,0.0,0.0,0.0,0.0,4.83,315.631,4.1,29825.182,20226.0,3.74,2730.5856584821427,2677.4800048828124,13.323696483372599,0.7271052835898795
2024-10-29,2768.39990234375,2768.39990234375,2768.39990234375,2768.39990234375,848,0.9296730069591864,1.0,0.0,0.0,0.0,0.0,0.0,0.0,4.83,315.631,4.1,29825.182,20226.0,3.74,2738.3999372209823,2682.5349975585937,17.235982661694866,0.8818581591162999
2024-10-30,2774.60009765625,2789.0,2774.60009765625,2788.5,231,0.7260547018237196,0.0,0.0,0.0,0.0,0.0,0.0,0.0,4.83,315.631,4.1,29825.182,20226.0,3.74,2747.7427804129466,2689.6049926757814,23.970067296780712,2.7298887533951044
2024-10-31,2787.39990234375,2787.5,2733.5,2738.300048828125,849,-1.8002492799668257,1.0,0.0,0.0,0.0,0.0,0.0,0.0,4.83,315.631,4.1,29825.182,20226.0,3.74,2746.8999372209823,2693.664990234375,24.21785018500842,0.12432434845097706
2024-11-01,2745.5,2756.0,2734.199951171875,2738.60009765625,109,0.0109574854024296,0.0,0.0,0.0,0.0,0.0,0.0,0.0,4.64,316.528,4.2,29825.182,20313.6,4.37,2750.357107979911,2698.3049926757812,20.19899530374957,-0.08390691996936761
2024-11-04,2736.5,2737.10009765625,2736.10009765625,2736.10009765625,16,-0.0912875159151394,1.0,0.0,0.0,0.0,0.0,0.0,0.0,4.64,316.528,4.2,29825.182,20313.6,4.37,2750.528564453125,2702.8699951171875,20.05046892103501,-0.24790568119856804
2024-11-05,2743.0,2743.89990234375,2740.300048828125,2740.300048828125,23,0.1535013713669597,0.0,0.0,0.0,0.0,0.0,0.0,0.0,4.64,316.528,4.2,29825.182,20313.6,4.37,2750.44287109375,2709.1349975585936,20.09970073629544,-1.0150214747455921
2024-11-06,2734.5,2734.5,2659.39990234375,2667.60009765625,427,-2.6529923685898797,1.0,0.0,0.0,0.0,0.0,0.0,0.0,4.64,316.528,4.2,29825.182,20313.6,4.37,2739.6857561383927,2712.2150024414063,37.46110849099759,-4.335660833557464
2024-11-07,2662.5,2699.10009765625,2662.5,2698.39990234375,676,1.154588527514333,0.0,0.0,0.0,0.0,0.0,0.0,0.0,4.64,316.528,4.2,29825.182,20313.6,4.37,2729.6857561383927,2716.1049926757814,37.859449343362044,-1.4571137484166719
2024-11-08,2688.5,2694.60009765625,2682.89990234375,2687.5,1038,-0.4039394729551615,0.0,0.0,0.0,0.0,0.0,0.0,0.0,4.64,316.528,4.2,29825.182,20313.6,4.37,2715.2571847098216,2717.599987792969,30.175222874529037,-1.865920391224063
2024-11-11,2671.699951171875,2671.699951171875,2611.199951171875,2611.199951171875,20,-2.8390715843023218,0.0,0.0,0.0,0.0,0.0,0.0,0.0,4.64,316.528,4.2,29825.182,20313.6,4.37,2697.100027901786,2715.769982910156,47.350505654638454,-4.5648968249138555
2024-11-12,2605.5,2605.5,2592.800048828125,2600.0,118,-0.4289197066983941,0.0,0.0,0.0,0.0,0.0,0.0,0.0,4.64,316.528,4.2,29825.182,20313.6,4.37,2677.3000139508927,2712.699987792969,55.399004317485684,-5.119879076312229
2024-11-13,2611.10009765625,2611.800048828125,2580.800048828125,2580.800048828125,53,-0.7384596604567362,0.0,0.0,0.0,0.0,0.0,0.0,0.0,4.64,316.528,4.2,29825.182,20313.6,4.37,2655.1142926897323,2708.039990234375,58.911866243858334,-3.253862859893708
2024-11-14,2555.10009765625,2576.199951171875,2554.199951171875,2568.199951171875,27,-0.488224481473154,0.0,0.0,0.0,0.0,0.0,0.0,0.0,4.64,316.528,4.2,29825.182,20313.6,4.37,2630.528564453125,2701.8999877929687,53.05646581418108,-4.825079894895756
2024-11-15,2565.699951171875,2565.699951171875,2565.699951171875,2565.699951171875,20,-0.0973444454299254,1.0,0.0,0.0,0.0,0.0,0.0,0.0,4.64,316.528,4.2,29825.182,20313.6,4.37,2615.9714006696427,2694.4999877929686,55.12864469002438,-4.532094840116274
2024-11-18,2591.699951171875,2610.699951171875,2589.39990234375,2610.60009765625,136,1.7500154865679909,1.0,0.0,0.0,0.0,0.0,0.0,0.0,4.64,316.528,4.2,29825.182,20313.6,4.37,2603.4285714285716,2688.8749877929686,41.56949972111435,-0.022972331757120656
2024-11-19,2621.89990234375,2627.699951171875,2619.300048828125,2627.10009765625,87,0.6320385881703361,1.0,0.0,0.0,0.0,0.0,0.0,0.0,4.64,316.528,4.2,29825.182,20313.6,4.37,2594.8000139508927,2683.0199951171876,23.59135387265835,1.0423114483173013
2024-11-20,2638.5,2648.199951171875,2638.5,2648.199951171875,27,0.8031613844653007,1.0,0.0,0.0,0.0,0.0,0.0,0.0,4.64,316.528,4.2,29825.182,20313.6,4.37,2600.0857282366073,2679.709997558594,30.893191782471128,2.6115894710384335
2024-11-21,2659.300048828125,2672.10009765625,2655.699951171875,2672.10009765625,33,0.9025053593026078,1.0,0.0,0.0,0.0,0.0,0.0,0.0,4.64,316.528,4.2,29825.182,20313.6,4.37,2610.3857421875,2676.5700073242188,41.16990371802653,4.045640855844002
2024-11-22,2687.5,2710.5,2685.60009765625,2709.89990234375,41,1.414610355377599,0.0,0.0,0.0,0.0,0.0,0.0,0.0,4.64,316.528,4.2,29825.182,20313.6,4.37,2628.8285784040177,2675.0200073242186,52.94108864104402,5.620296757850118
2024-11-25,2689.39990234375,2689.39990234375,2616.800048828125,2616.800048828125,94,-3.4355458456271526,1.0,0.0,0.0,0.0,0.0,0.0,0.0,4.64,316.528,4.2,29825.182,20313.6,4.37,2635.7714494977677,2668.7150146484373,46.45425002000416,0.2374914172967868
2024-11-26,2625.60009765625,2625.60009765625,2620.300048828125,2620.300048828125,177858,0.133751143942673,1.0,0.0,0.0,0.0,0.0,0.0,0.0,4.64,316.528,4.2,29825.182,20313.6,4.37,2643.571463448661,2661.310021972656,36.17423555315892,-0.2588423956206176
2024-11-27,2633.5,2657.89990234375,2627.199951171875,2639.89990234375,61653,0.7480003492115639,1.0,0.0,0.0,0.0,0.0,0.0,0.0,4.64,316.528,4.2,29825.182,20313.6,4.37,2647.757149832589,2653.880017089844,33.30460807038199,-0.3134222861250313
2024-11-29,2636.39990234375,2664.300048828125,2620.699951171875,2657.0,3861,0.647755531983174,0.0,0.0,0.0,0.0,0.0,0.0,0.0,4.64,316.528,4.2,29825.182,20313.6,4.37,2652.028564453125,2649.8150146484377,32.10966393187595,-0.5651022455893218
2024-12-02,2649.0,2649.800048828125,2621.699951171875,2634.89990234375,695,-0.8317688240967236,1.0,0.0,0.0,0.0,0.0,0.0,0.0,4.48,317.604,4.1,29825.182,20514.3,4.37,2650.1285574776784,2644.6300048828125,32.76086513754031,-2.7676299015743644
2024-12-03,2639.0,2654.699951171875,2636.0,2644.699951171875,1062,0.3719324904679633,1.0,0.0,0.0,0.0,0.0,0.0,0.0,4.48,317.604,4.1,29825.182,20514.3,4.37,2646.2142508370534,2640.0599975585938,31.3025939303958,1.06618395839011
2024-12-04,2639.199951171875,2658.300048828125,2637.0,2653.800048828125,249,0.3440880940848378,0.0,0.0,0.0,0.0,0.0,0.0,0.0,4.48,317.604,4.1,29825.182,20514.3,4.37,2638.1999860491073,2635.734997558594,15.444510153649647,1.2784795395848647
2024-12-05,2652.39990234375,2655.0,2625.699951171875,2626.60009765625,573,-1.0249435025779796,1.0,0.0,0.0,0.0,0.0,0.0,0.0,4.48,317.604,4.1,29825.182,20514.3,4.37,2639.5999930245534,2633.6849975585938,13.503563259764785,-0.5037995825406982
2024-12-06,2620.199951171875,2643.10009765625,2617.5,2638.60009765625,571,0.4568643704349062,1.0,0.0,0.0,0.0,0.0,0.0,0.0,4.48,317.604,4.1,29825.182,20514.3,4.37,2642.214285714286,2630.6950073242188,10.604618374023497,-0.692506674586002
2024-12-09,2632.10009765625,2677.10009765625,2630.800048828125,2664.89990234375,935,0.9967332568076914,1.0,0.0,0.0,0.0,0.0,0.0,0.0,4.48,317.604,4.1,29825.182,20514.3,4.37,2645.785714285714,2629.5650024414062,13.507668823916593,1.1385631755238546
2024-12-10,2662.300048828125,2698.199951171875,2661.0,2697.60009765625,437,1.2270703032313035,1.0,0.0,0.0,0.0,0.0,0.0,0.0,4.48,317.604,4.1,29825.182,20514.3,4.37,2651.5857282366073,2633.885009765625,23.86849977659947,2.0002324445514086
2024-12-11,2701.800048828125,2733.800048828125,2693.10009765625,2733.800048828125,3387,1.3419317119437668,0.0,0.0,0.0,0.0,0.0,0.0,0.0,4.48,317.604,4.1,29825.182,20514.3,4.37,2665.7143205915177,2640.5750122070312,37.64237319961157,3.014545125030299
2024-12-12,2725.10009765625,2725.10009765625,2677.39990234375,2687.5,2365,-1.6936150413770057,0.0,0.0,0.0,0.0,0.0,0.0,0.0,4.48,317.604,4.1,29825.182,20514.3,4.37,2671.82861328125,2645.910009765625,37.1326667506908,2.318582961985416
2024-12-13,2688.199951171875,2689.300048828125,2647.89990234375,2656.0,1125,-1.1720930232558158,0.0,0.0,0.0,0.0,0.0,0.0,0.0,4.48,317.604,4.1,29825.182,20514.3,4.37,2672.142892020089,2650.300012207031,36.963572393177934,0.6594368869767608
2024-12-16,2658.300048828125,2663.300048828125,2651.0,2651.39990234375,877,-0.1731964479009806,0.0,0.0,0.0,0.0,0.0,0.0,0.0,4.48,317.604,4.1,29825.182,20514.3,4.37,2675.685721261161,2654.585009765625,32.82808282913778,-0.5065856315326078
2024-12-17,2651.800048828125,2652.300048828125,2632.5,2644.39990234375,705,-0.2640114753648559,0.0,0.0,0.0,0.0,0.0,0.0,0.0,4.48,317.604,4.1,29825.182,20514.3,4.37,2676.5142647879466,2656.275,31.792954486693706,-1.9721305377591647
2024-12-18,2644.300048828125,2647.10009765625,2590.199951171875,2636.5,566,-0.2987408348014364,0.0,0.0,0.0,0.0,0.0,0.0,0.0,4.48,317.604,4.1,29825.182,20514.3,4.37,2672.4571358816966,2656.7449951171875,35.15626458342564,-3.5591501605918063
2024-12-19,2582.10009765625,2610.300048828125,2582.10009765625,2592.199951171875,238,-1.6802597696994104,1.0,0.0,0.0,0.0,0.0,0.0,0.0,4.48,317.604,4.1,29825.182,20514.3,4.37,2657.399972098214,2653.9449951171873,44.04126386903164,-3.5460483284883715
2024-12-20,2605.300048828125,2631.60009765625,2604.89990234375,2628.699951171875,592,1.408070391464178,0.0,0.0,0.0,0.0,0.0,0.0,0.0,4.48,317.604,4.1,29825.182,20514.3,4.37,2642.385672433036,2651.7749877929687,29.001473108778544,-1.0278632841914548
2024-12-23,2620.0,2627.699951171875,2611.10009765625,2612.300048828125,451,-0.6238788240719106,1.0,0.0,0.0,0.0,0.0,0.0,0.0,4.48,317.604,4.1,29825.182,20514.3,4.37,2631.642822265625,2646.8949951171876,22.76141853633,-1.4746871447442578
2024-12-24,2613.0,2620.0,2609.5,2620.0,35,0.2947575327470142,1.0,0.0,0.0,0.0,0.0,0.0,0.0,4.48,317.604,4.1,29825.182,20514.3,4.37,2626.4999651227677,2647.0549926757812,20.271627909872542,-0.9227009243996775
2024-12-26,2628.5,2638.800048828125,2627.89990234375,2638.800048828125,84,0.7175591155772931,0.0,0.0,0.0,0.0,0.0,0.0,0.0,4.48,317.604,4.1,29825.182,20514.3,4.37,2624.6999860491073,2647.9799926757814,18.13945562206194,0.08723871906410885
2024-12-27,2617.699951171875,2617.699951171875,2616.39990234375,2617.199951171875,642,-0.8185575737669981,0.0,0.0,0.0,0.0,0.0,0.0,0.0,4.48,317.604,4.1,29825.182,20514.3,4.37,2620.814278738839,2646.8449951171874,16.003707245639035,0.9644317749754716
2024-12-30,2620.699951171875,2626.89990234375,2597.0,2606.10009765625,794,-0.4241117882741396,1.0,0.0,0.0,0.0,0.0,0.0,0.0,4.48,317.604,4.1,29825.182,20514.3,4.37,2616.471435546875,2644.3,15.139105753770355,-0.8597349996354642
2024-12-31,2608.39990234375,2629.199951171875,2604.89990234375,2629.199951171875,401,0.8863762959987476,1.0,0.0,0.0,0.0,0.0,0.0,0.0,4.48,317.604,4.1,29825.182,20514.3,4.37,2621.757149832589,2644.015002441406,11.198912639342815,0.6469357282036237
2025-01-02,2633.0,2663.10009765625,2633.0,2658.89990234375,1728,1.1296193413755873,0.0,0.0,0.0,0.0,0.0,0.0,0.0,4.33,318.961,4.0,30042.113,20462.2,4.37,2626.0714285714284,2644.725,18.044317813999342,1.4847290970896987
2025-01-03,2658.699951171875,2658.699951171875,2641.800048828125,2645.0,591,-0.5227689215189235,0.0,0.0,0.0,0.0,0.0,0.0,0.0,4.33,318.961,4.0,30042.113,20462.2,4.37,2630.742850167411,2644.2849975585937,18.117528761010483,0.23495342796542307
2025-01-06,2645.5,2647.0,2617.300048828125,2638.39990234375,960,-0.2495311023156921,1.0,0.0,0.0,0.0,0.0,0.0,0.0,4.33,318.961,4.0,30042.113,20462.2,4.37,2633.371407645089,2644.8749877929686,17.627277667741165,0.8100241314150436
2025-01-07,2653.39990234375,2657.5,2653.0,2656.699951171875,643,0.6936040594857751,1.0,0.0,0.0,0.0,0.0,0.0,0.0,4.33,318.961,4.0,30042.113,20462.2,4.37,2635.928536551339,2645.77998046875,19.720141768163096,1.9415928636483004
2025-01-08,2655.5,2676.89990234375,2653.5,2664.5,999,0.2935991633034929,1.0,0.0,0.0,0.0,0.0,0.0,0.0,4.33,318.961,4.0,30042.113,20462.2,4.37,2642.6856863839284,2645.7599853515626,20.3275635710104,1.342615604887376
2025-01-09,2669.699951171875,2686.300048828125,2667.89990234375,2683.800048828125,1139,0.7243403575952323,1.0,0.0,0.0,0.0,0.0,0.0,0.0,4.33,318.961,4.0,30042.113,20462.2,4.37,2653.7856794084823,2645.0699829101563,18.113878772123954,0.9364830342964758
2025-01-10,2686.10009765625,2720.10009765625,2683.699951171875,2708.5,403,0.9203349997202626,0.0,0.0,0.0,0.0,0.0,0.0,0.0,4.33,318.961,4.0,30042.113,20462.2,4.37,2665.1142578125,2643.80498046875,24.01221095367572,2.400756143667304
2025-01-13,2711.10009765625,2711.199951171875,2673.5,2673.5,765,-1.2922281705741168,1.0,0.0,0.0,0.0,0.0,0.0,0.0,4.33,318.961,4.0,30042.113,20462.2,4.37,2667.1999860491073,2643.10498046875,24.016550791441773,1.3303554789048322
2025-01-14,2673.60009765625,2688.300048828125,2670.800048828125,2677.5,794,0.1496166074434368,1.0,0.0,0.0,0.0,0.0,0.0,0.0,4.33,318.961,4.0,30042.113,20462.2,4.37,2671.842843191964,2644.17998046875,22.07232928794487,0.7829280389360482
2025-01-15,2690.800048828125,2712.5,2690.800048828125,2712.5,930,1.3071895424836557,1.0,0.0,0.0,0.0,0.0,0.0,0.0,4.33,318.961,4.0,30042.113,20462.2,4.37,2682.4285714285716,2647.2349853515625,21.108043222960536,1.8014636892475178
2025-01-16,2731.699951171875,2749.800048828125,2731.699951171875,2746.39990234375,1721,1.2497659850230436,0.0,0.0,0.0,0.0,0.0,0.0,0.0,4.33,318.961,4.0,30042.113,20462.2,4.37,2695.242850167411,2652.3349853515624,28.735071584459558,2.3325080995866054
2025-01-17,2736.0,2751.60009765625,2725.5,2744.300048828125,1214,-0.0764584033750126,1.0,0.0,0.0,0.0,0.0,0.0,0.0,4.33,318.961,4.0,30042.113,20462.2,4.37,2706.6428571428573,2657.724987792969,30.292988255050883,1.3217666172466336
2025-01-21,2746.0,2755.0,2724.800048828125,2755.0,1439,0.3898972773201059,1.0,0.0,0.0,0.0,0.0,0.0,0.0,4.33,318.961,4.0,30042.113,20462.2,4.37,2716.814278738839,2665.864990234375,33.16224127212644,3.048438376659801
2025-01-22,2754.5,2768.800048828125,2753.5,2767.60009765625,2079,0.4573538169237778,0.0,0.0,0.0,0.0,0.0,0.0,0.0,4.33,318.961,4.0,30042.113,20462.2,4.37,2725.257149832589,2672.8099975585938,37.88030082415276,3.365083012371617
2025-01-23,2760.0,2765.0,2745.39990234375,2763.10009765625,2201,-0.1625957450937631,1.0,0.0,0.0,0.0,0.0,0.0,0.0,4.33,318.961,4.0,30042.113,20462.2,4.37,2738.0571637834823,2680.35,32.186712538872854,1.8654413882488452
2025-01-24,2759.800048828125,2792.0,2759.800048828125,2777.300048828125,1593,0.5139137443453512,0.0,0.0,0.0,0.0,0.0,0.0,0.0,4.33,318.961,4.0,30042.113,20462.2,4.37,2752.3143136160716,2688.2150024414063,21.07872733368126,1.1251146075997642
2025-01-27,2761.10009765625,2762.199951171875,2737.5,2737.5,984,-1.4330482169155112,1.0,0.0,0.0,0.0,0.0,0.0,0.0,4.33,318.961,4.0,30042.113,20462.2,4.37,2755.8857421875,2693.15,14.206073120071755,-0.24778809558483328
2025-01-28,2738.0,2766.800048828125,2738.0,2766.800048828125,2307,1.0703214183789944,1.0,0.0,0.0,0.0,0.0,0.0,0.0,4.33,318.961,4.0,30042.113,20462.2,4.37,2758.800048828125,2700.6300048828125,14.027138758446439,0.4283139320553575
2025-01-29,2769.10009765625,2769.10009765625,2769.10009765625,2769.10009765625,125692,0.0831302872464245,1.0,0.0,0.0,0.0,0.0,0.0,0.0,4.33,318.961,4.0,30042.113,20462.2,4.37,2762.3429129464284,2708.7800048828126,12.835767300976084,0.05419858169792846
2025-01-30,2772.5,2829.5,2770.0,2823.0,40141,1.9464772107505413,0.0,0.0,0.0,0.0,0.0,0.0,0.0,4.33,318.961,4.0,30042.113,20462.2,4.37,2772.057198660714,2718.470007324219,25.668833059904827,2.1678513346135686
2025-01-31,2829.0,2838.0,2804.0,2812.5,3443,-0.3719447396386854,1.0,0.0,0.0,0.0,0.0,0.0,0.0,4.33,318.961,4.0,30042.113,20462.2,4.37,2778.4714704241073,2726.150012207031,29.667850722530652,1.2674162154977742
2025-02-03,2818.199951171875,2848.39990234375,2780.89990234375,2833.89990234375,2649,0.7608854166666568,1.0,0.0,0.0,0.0,0.0,0.0,0.0,4.33,319.679,4.2,30042.113,20519.8,4.37,2788.5857282366073,2735.595007324219,35.12129621180628,3.521457619863022
2025-02-04,2827.60009765625,2853.300048828125,2816.10009765625,2853.300048828125,2187,0.6845741611526401,1.0,0.0,0.0,0.0,0.0,0.0,0.0,4.33,319.679,4.2,30042.113,20519.8,4.37,2799.44287109375,2746.3400146484373,42.10397162254602,3.1263553011948497
2025-02-05,2850.0,2880.5,2848.0,2871.60009765625,4519,0.6413643330515084,0.0,0.0,0.0,0.0,0.0,0.0,0.0,4.33,319.679,4.2,30042.113,20519.8,4.37,2818.600027901786,2757.0850219726562,39.659458782311546,3.7015635544108916
2025-02-06,2865.199951171875,2871.699951171875,2836.300048828125,2856.0,3116,-0.5432545314712378,1.0,0.0,0.0,0.0,0.0,0.0,0.0,4.33,319.679,4.2,30042.113,20519.8,4.37,2831.3428780691966,2766.660021972656,34.1957465523316,1.1689691817215797
2025-02-07,2859.89990234375,2889.5,2857.800048828125,2867.300048828125,1822,0.3956599729735721,1.0,0.0,0.0,0.0,0.0,0.0,0.0,4.33,319.679,4.2,30042.113,20519.8,4.37,2845.3714425223216,2775.8350219726562,22.573009564420754,1.948446180555563
2025-02-10,2864.199951171875,2916.10009765625,2863.800048828125,2914.300048828125,2237,1.6391727129920983,0.0,0.0,0.0,0.0,0.0,0.0,0.0,4.33,319.679,4.2,30042.113,20519.8,4.37,2858.414306640625,2786.1250244140624,31.92987566695822,2.837084909663923
2025-02-11,2925.5,2945.39990234375,2890.0,2912.5,2554,-0.0617660775474648,0.0,0.0,0.0,0.0,0.0,0.0,0.0,4.33,319.679,4.2,30042.113,20519.8,4.37,2872.700020926339,2798.0750244140627,30.2921029421552,2.07478884655643
2025-02-12,2902.0,2912.300048828125,2868.60009765625,2909.0,2504,-0.1201716738197467,1.0,0.0,0.0,0.0,0.0,0.0,0.0,4.33,319.679,4.2,30042.113,20519.8,4.37,2883.4286063058034,2809.6500244140625,27.423197215020227,1.302406361327102
2025-02-13,2911.300048828125,2937.699951171875,2910.60009765625,2925.89990234375,4670,0.5809522978257098,0.0,0.0,0.0,0.0,0.0,0.0,0.0,4.33,319.679,4.2,30042.113,20519.8,4.37,2893.8000139508927,2820.32001953125,27.854708783964146,2.4474755722601493
2025-02-14,2937.300048828125,2944.39990234375,2874.800048828125,2883.60009765625,1992,-1.445702385567471,1.0,0.0,0.0,0.0,0.0,0.0,0.0,4.33,319.679,4.2,30042.113,20519.8,4.37,2895.5142996651784,2827.180029296875,26.601815066501047,0.5684807502021494
2025-02-18,2879.199951171875,2936.39990234375,2873.800048828125,2931.60009765625,4010,1.664585877875835,0.0,0.0,0.0,0.0,0.0,0.0,0.0,4.33,319.679,4.2,30042.113,20519.8,4.37,2906.3143136160716,2836.545031738281,22.986453323066197,0.5936262065768361
2025-02-19,2938.699951171875,2946.0,2917.10009765625,2919.39990234375,2630,-0.4161616491367259,1.0,0.0,0.0,0.0,0.0,0.0,0.0,4.33,319.679,4.2,30042.113,20519.8,4.37,2913.757149832589,2844.765026855469,15.446743545841427,0.23690651824035402
2025-02-20,2949.10009765625,2955.800048828125,2924.199951171875,2940.0,656,0.7056278120620485,0.0,0.0,0.0,0.0,0.0,0.0,0.0,4.33,319.679,4.2,30042.113,20519.8,4.37,2917.4285714285716,2853.3850219726564,18.37411406874652,1.0656583018219257
2025-02-21,2938.800048828125,2940.0,2917.300048828125,2937.60009765625,570,-0.0816293314200633,1.0,0.0,0.0,0.0,0.0,0.0,0.0,4.33,319.679,4.2,30042.113,20519.8,4.37,2921.0142996651784,2862.1100219726563,19.656406640023697,0.39988364957830314
2025-02-24,2933.10009765625,2957.89990234375,2933.10009765625,2947.89990234375,415,0.3506197012900891,0.0,0.0,0.0,0.0,0.0,0.0,0.0,4.33,319.679,4.2,30042.113,20519.8,4.37,2926.5714285714284,2870.6400146484375,21.136723158082823,2.2298447256872356
2025-02-25,2938.699951171875,2943.199951171875,2890.0,2904.5,1854,-1.4722312080286182,1.0,0.0,0.0,0.0,0.0,0.0,0.0,4.33,319.679,4.2,30042.113,20519.8,4.37,2923.5142996651784,2878.9900146484374,22.737051798154184,-0.9244131789296839
2025-02-26,2913.5,2917.0,2913.0,2916.800048828125,2050,0.4234824867662246,0.0,0.0,0.0,0.0,0.0,0.0,0.0,4.33,319.679,4.2,30042.113,20519.8,4.37,2928.257149832589,2886.4900146484374,15.255143368449318,-0.08905438112598585
2025-02-27,2918.5,2922.800048828125,2870.39990234375,2883.199951171875,3215,-1.1519506683274172,0.0,0.0,0.0,0.0,0.0,0.0,0.0,4.33,319.679,4.2,30042.113,20519.8,4.37,2921.342843191964,2892.1950073242188,22.659210018248515,-1.9319744499362246
2025-02-28,2877.10009765625,2877.10009765625,2834.10009765625,2836.800048828125,990,-1.6093196146486743,1.0,0.0,0.0,0.0,0.0,0.0,0.0,4.33,319.679,4.2,30042.113,20519.8,4.37,2909.5428641183034,2892.885009765625,39.26336568321027,-3.4313740971260165
2025-03-03,2872.699951171875,2891.800048828125,2863.39990234375,2890.199951171875,423,1.8823992323959928,1.0,0.0,0.0,0.0,0.0,0.0,0.0,4.33,319.785,4.2,30042.113,20683.0,4.37,2902.4285714285716,2896.7700073242186,37.28692876521075,-1.9573239622553085
2025-03-04,2886.10009765625,2927.89990234375,2886.10009765625,2909.60009765625,885,0.6712389043017186,1.0,0.0,0.0,0.0,0.0,0.0,0.0,4.33,319.785,4.2,30042.113,20683.0,4.37,2898.4285714285716,2900.5550170898437,34.264376232712486,0.17559296458082851
2025-03-05,2916.699951171875,2922.0,2893.0,2915.300048828125,551,0.1959015321887802,1.0,0.0,0.0,0.0,0.0,0.0,0.0,4.33,319.785,4.2,30042.113,20683.0,4.37,2893.7714494977677,2903.6550170898436,28.076376624239852,-0.051426219654737704
2025-03-06,2904.0,2918.60009765625,2903.800048828125,2916.60009765625,870,0.0445939974050846,0.0,0.0,0.0,0.0,0.0,0.0,0.0,4.33,319.785,4.2,30042.113,20683.0,4.37,2895.5000348772323,2905.9050170898436,29.19710851849085,1.158440172378583
2025-03-07,2900.89990234375,2927.300048828125,2900.5,2904.699951171875,531,-0.4080143347021669,0.0,0.0,0.0,0.0,0.0,0.0,0.0,4.33,319.785,4.2,30042.113,20683.0,4.37,2893.7714494977677,2908.3400146484373,28.062010763856037,2.393538535498796
2025-03-10,2910.10009765625,2915.10009765625,2880.199951171875,2891.0,55,-0.4716477227311499,1.0,0.0,0.0,0.0,0.0,0.0,0.0,4.33,319.785,4.2,30042.113,20683.0,4.37,2894.8857421875,2909.525012207031,27.725113485611644,0.027681435251580844
2025-03-11,2884.39990234375,2916.699951171875,2880.39990234375,2912.89990234375,197,0.7575199703822255,1.0,0.0,0.0,0.0,0.0,0.0,0.0,4.33,319.785,4.2,30042.113,20683.0,4.37,2905.757149832589,2909.4550048828123,11.070540264868413,0.11341093541199498
2025-03-12,2912.0,2939.10009765625,2910.0,2939.10009765625,213,0.8994540214519287,1.0,0.0,0.0,0.0,0.0,0.0,0.0,4.33,319.785,4.2,30042.113,20683.0,4.37,2912.7428850446427,2910.785009765625,14.511279720552283,0.8163841947483874
2025-03-13,2937.10009765625,2988.0,2935.199951171875,2984.300048828125,2366,1.5378840349098422,1.0,0.0,0.0,0.0,0.0,0.0,0.0,4.33,319.785,4.2,30042.113,20683.0,4.37,2923.414306640625,2914.550012207031,30.48731796114088,2.321194161183704
2025-03-14,2994.39990234375,3004.800048828125,2986.0,2994.5,1800,0.3417870524071498,1.0,0.0,0.0,0.0,0.0,0.0,0.0,4.33,319.785,4.2,30042.113,20683.0,4.37,2934.728585379464,2917.980017089844,40.141631829596115,3.0915430281153844
2025-03-17,2991.0,3001.5,2989.0,3000.0,214,0.183670061779928,1.0,0.0,0.0,0.0,0.0,0.0,0.0,4.33,319.785,4.2,30042.113,20683.0,4.37,2946.6428571428573,2923.800012207031,45.836975673810315,3.7703216879972246
2025-03-18,3006.39990234375,3039.199951171875,3004.39990234375,3035.10009765625,428,1.1700032552083297,1.0,0.0,0.0,0.0,0.0,0.0,0.0,4.33,319.785,4.2,30042.113,20683.0,4.37,2965.2714494977677,2928.9750122070313,52.02959878698076,4.195138844770341
2025-03-19,3035.199951171875,3050.89990234375,3030.89990234375,3035.89990234375,175,0.0263518388773364,1.0,0.0,0.0,0.0,0.0,0.0,0.0,4.33,319.785,4.2,30042.113,20683.0,4.37,2985.971435546875,2934.800012207031,46.034731604682754,3.2935184740625845
2025-03-20,3047.300048828125,3047.300048828125,3034.39990234375,3040.0,185,0.1350537826719788,0.0,0.0,0.0,0.0,0.0,0.0,0.0,4.33,319.785,4.2,30042.113,20683.0,4.37,3004.128592354911,2939.800012207031,36.48524700076448,1.8664326730064351
2025-03-21,3034.5,3037.5,3000.89990234375,3018.199951171875,151,-0.7171068693462179,0.0,0.0,0.0,0.0,0.0,0.0,0.0,4.33,319.785,4.2,30042.113,20683.0,4.37,3015.4285714285716,2943.8300048828123,22.592442759202605,0.7914493628944808
2025-03-24,3024.300048828125,3024.300048828125,3006.0,3013.10009765625,137,-0.1689700350583134,1.0,0.0,0.0,0.0,0.0,0.0,0.0,4.33,319.785,4.2,30042.113,20683.0,4.37,3019.5428641183034,2947.0900146484373,18.167993190551957,0.4366699218750103
2025-03-25,3026.39990234375,3028.800048828125,3023.699951171875,3023.699951171875,74,0.3517922794489925,0.0,0.0,0.0,0.0,0.0,0.0,0.0,4.33,319.785,4.2,30042.113,20683.0,4.37,3023.714285714286,2953.050012207031,14.42675108975792,-0.37561023088426015
2025-03-26,3033.199951171875,3033.199951171875,3019.5,3020.89990234375,83,-0.0926033956193284,1.0,0.0,0.0,0.0,0.0,0.0,0.0,4.33,319.785,4.2,30042.113,20683.0,4.37,3026.6999860491073,2958.2550048828125,10.262711170602078,-0.4940874364276593
2025-03-27,3025.5,3065.0,3025.5,3060.199951171875,124359,1.3009384653107636,1.0,0.0,0.0,0.0,0.0,0.0,0.0,4.33,319.785,4.2,30042.113,20683.0,4.37,3030.2856794084823,2967.1050048828124,16.29736611423911,0.6644720780222046
2025-03-28,3069.699951171875,3094.89990234375,3066.800048828125,3086.5,31206,0.8594225621777918,1.0,0.0,0.0,0.0,0.0,0.0,0.0,4.33,319.785,4.2,30042.113,20683.0,4.37,3037.5142647879466,2979.5900024414063,26.94558735628537,2.2629398294704117
2025-03-31,3091.0,3132.5,3086.0,3122.800048828125,3438,1.1760910036651584,0.0,0.0,0.0,0.0,0.0,0.0,0.0,4.33,319.785,4.2,30042.113,20683.0,4.37,3049.342843191964,2991.220007324219,42.1198038896893,3.64076690506252
2025-04-01,3129.699951171875,3149.5,3104.0,3118.89990234375,1721,-0.124892609945959,1.0,0.0,0.0,0.0,0.0,0.0,0.0,4.33,320.302,4.2,30485.729,20746.4,4.17,3063.7285505022323,3001.6849975585938,46.662140272725665,3.148458931415443
2025-04-02,3120.699951171875,3168.60009765625,3117.39990234375,3139.89990234375,5946,0.6733143306144385,0.0,0.0,0.0,0.0,0.0,0.0,0.0,4.33,320.302,4.2,30485.729,20746.4,4.17,3081.8428083147323,3012.914990234375,48.31508091009193,3.9392235375847573
2025-04-03,3150.0,3166.89990234375,3052.0,3097.0,5516,-1.3662824828182485,0.0,0.0,0.0,0.0,0.0,0.0,0.0,4.33,320.302,4.2,30485.729,20746.4,4.17,3092.3142438616073,3021.9349853515623,41.00340259510092,1.2025373967486264
2025-04-04,3110.5,3127.699951171875,3011.0,3012.0,3247,-2.744591540200192,0.0,0.0,0.0,0.0,0.0,0.0,0.0,4.33,320.302,4.2,30485.729,20746.4,4.17,3091.0428292410716,3027.2999877929688,43.64005857184982,-2.4137372428316817
2025-04-07,3016.39990234375,3050.800048828125,2949.699951171875,2951.300048828125,4424,-2.0152706232362205,1.0,0.0,0.0,0.0,0.0,0.0,0.0,4.33,320.302,4.2,30485.729,20746.4,4.17,3075.4857003348216,3030.314990234375,68.68930048199663,-5.491866187985927
2025-04-08,2994.0,3014.5,2968.39990234375,2968.39990234375,3213,0.579400712659317,1.0,0.0,0.0,0.0,0.0,0.0,0.0,4.33,320.302,4.2,30485.729,20746.4,4.17,3058.6142578125,3033.089990234375,79.22841906897806,-4.825419369403427
2025-04-09,2965.800048828125,3090.39990234375,2965.800048828125,3056.5,2175,2.9679322380616213,1.0,0.0,0.0,0.0,0.0,0.0,0.0,4.33,320.302,4.2,30485.729,20746.4,4.17,3049.142822265625,3038.9599853515624,74.07153300198307,-2.6561325181575612
2025-04-10,3073.89990234375,3167.0,3072.10009765625,3155.199951171875,3456,3.22918210933667,1.0,0.0,0.0,0.0,0.0,0.0,0.0,4.33,320.302,4.2,30485.729,20746.4,4.17,3054.328543526786,3047.50498046875,80.73967884855338,1.879236395604611
2025-04-11,3182.10009765625,3235.0,3182.10009765625,3222.199951171875,862,2.123478734687345,0.0,0.0,0.0,0.0,0.0,0.0,0.0,4.33,320.302,4.2,30485.729,20746.4,4.17,3066.085693359375,3058.8899780273437,99.16662114262218,6.978750038906867
2025-04-14,3215.5,3228.800048828125,3194.5,3204.800048828125,263,-0.5400007016144959,1.0,0.0,0.0,0.0,0.0,0.0,0.0,4.33,320.302,4.2,30485.729,20746.4,4.17,3081.4857003348216,3069.12998046875,112.27196818974929,8.589435022056048
2025-04-15,3216.0,3218.699951171875,3214.0,3218.699951171875,390,0.4337213595847489,1.0,0.0,0.0,0.0,0.0,0.0,0.0,4.33,320.302,4.2,30485.729,20746.4,4.17,3111.0142647879466,3078.3099731445313,117.98721985757514,8.432153923414987
2025-04-16,3238.300048828125,3334.89990234375,3238.300048828125,3326.60009765625,1874,3.352289685936416,0.0,0.0,0.0,0.0,0.0,0.0,0.0,4.33,320.302,4.2,30485.729,20746.4,4.17,3164.6285574776784,3092.8449829101564,118.58406173669871,8.836908151684941
2025-04-17,3345.0,3345.0,3287.800048828125,3308.699951171875,824,-0.5380913232397977,1.0,0.0,0.0,0.0,0.0,0.0,0.0,4.33,320.302,4.2,30485.729,20746.4,4.17,3213.242850167411,3106.27998046875,91.36056169294147,4.864984862306065
2025-04-21,3342.199951171875,3418.5,3342.199951171875,3406.199951171875,78,2.9467767231497577,0.0,0.0,0.0,0.0,0.0,0.0,0.0,4.33,320.302,4.2,30485.729,20746.4,4.17,3263.1999860491073,3125.67998046875,86.86639853632387,5.710384296079507
2025-04-22,3422.199951171875,3485.60009765625,3361.699951171875,3400.800048828125,785,-0.1585315724607516,0.0,0.0,0.0,0.0,0.0,0.0,0.0,4.33,320.302,4.2,30485.729,20746.4,4.17,3298.285714285714,3145.064978027344,85.56414614202747,6.115826167428762
2025-04-23,3321.199951171875,3370.300048828125,3256.199951171875,3276.300048828125,331,-3.660903264303972,1.0,0.0,0.0,0.0,0.0,0.0,0.0,4.33,320.302,4.2,30485.729,20746.4,4.17,3306.0142996651784,3157.6949829101563,79.7950996232537,1.7895454229984509
2025-04-24,3305.39990234375,3353.89990234375,3304.89990234375,3332.0,560,1.7000869988021303,0.0,0.0,0.0,0.0,0.0,0.0,0.0,4.33,320.302,4.2,30485.729,20746.4,4.17,3324.185721261161,3173.2499877929686,66.23578545993031,0.16232496198007595
2025-04-25,3355.5,3355.5,3266.10009765625,3282.39990234375,162,-1.48859836903511,1.0,0.0,0.0,0.0,0.0,0.0,0.0,4.33,320.302,4.2,30485.729,20746.4,4.17,3333.285714285714,3184.3599853515625,52.22102627758363,-0.794875607224832
2025-04-28,3284.5,3332.5,3284.5,3332.5,1300,1.5263252238240987,0.0,0.0,0.0,0.0,0.0,0.0,0.0,4.33,320.302,4.2,30485.729,20746.4,4.17,3334.1285574776784,3196.6599853515627,52.14268996002451,-2.163700083035913
2025-04-29,3340.0,3340.0,3299.89990234375,3318.800048828125,1278,-0.4111013104838745,0.0,0.0,0.0,0.0,0.0,0.0,0.0,4.33,320.302,4.2,30485.729,20746.4,4.17,3335.5714285714284,3206.4599853515624,51.45699939013017,-2.4111973307062273
2025-04-30,3318.699951171875,3318.699951171875,3268.0,3305.0,207,-0.4158144095784855,0.0,0.0,0.0,0.0,0.0,0.0,0.0,4.33,320.302,4.2,30485.729,20746.4,4.17,3321.1142926897323,3215.764990234375,41.57342763568618,0.8759866539739036
2025-05-01,3272.89990234375,3275.0,3198.60009765625,3210.0,2131,-2.874432677760963,1.0,0.0,0.0,0.0,0.0,0.0,0.0,4.33,320.62,4.3,30485.729,20755.0,4.25,3293.8571428571427,3219.2699951171876,43.13930941707924,-3.6614645858343287
2025-05-02,3239.89990234375,3257.0,3225.0,3231.89990234375,1349,0.6822399484034181,1.0,0.0,0.0,0.0,0.0,0.0,0.0,4.33,320.62,4.3,30485.729,20755.0,4.25,3287.5142647879466,3226.014990234375,49.01500363456833,-1.5385084542544947
2025-05-05,3242.699951171875,3315.699951171875,3239.699951171875,3311.300048828125,244,2.456763788593652,1.0,0.0,0.0,0.0,0.0,0.0,0.0,4.33,320.62,4.3,30485.729,20755.0,4.25,3284.55712890625,3240.9799926757814,46.44063200199744,-0.6361575745498893
2025-05-06,3365.5,3430.89990234375,3356.800048828125,3411.39990234375,2357,3.022977442079,0.0,0.0,0.0,0.0,0.0,0.0,0.0,4.33,320.62,4.3,30485.729,20755.0,4.25,3302.9857003348216,3263.9849853515625,66.6427585926882,2.7901606650970745
2025-05-07,3418.699951171875,3418.699951171875,3364.699951171875,3381.39990234375,1080,-0.8794043752944014,0.0,0.0,0.0,0.0,0.0,0.0,0.0,4.33,320.62,4.3,30485.729,20755.0,4.25,3309.9714006696427,3284.6349853515626,72.55301138346574,2.311646061838135
2025-05-08,3390.0,3390.0,3288.699951171875,3296.60009765625,200,-2.507831286938955,1.0,0.0,0.0,0.0,0.0,0.0,0.0,4.33,320.62,4.3,30485.729,20755.0,4.25,3306.799979073661,3296.639990234375,72.5879674099516,2.697822356892532
2025-05-09,3299.0,3335.5,3299.0,3335.39990234375,216,1.1769642522029056,0.0,0.0,0.0,0.0,0.0,0.0,0.0,4.33,320.62,4.3,30485.729,20755.0,4.25,3311.142822265625,3305.6499877929687,73.36753568360332,3.2024506676380238
2025-05-12,3300.699951171875,3300.699951171875,3205.0,3220.0,886,-3.459852063396052,1.0,0.0,0.0,0.0,0.0,0.0,0.0,4.33,320.62,4.3,30485.729,20755.0,4.25,3312.5713936941966,3305.539990234375,71.13324304209046,-2.757226692894721
2025-05-13,3232.0,3251.39990234375,3223.5,3240.300048828125,2424,0.6304362990100953,0.0,0.0,0.0,0.0,0.0,0.0,0.0,4.33,320.62,4.3,30485.729,20755.0,4.25,3313.771414620536,3307.314990234375,69.59981682757343,-5.015531993129086
2025-05-14,3233.0,3233.0,3171.699951171875,3181.39990234375,3518,-1.817737419276233,1.0,0.0,0.0,0.0,0.0,0.0,0.0,4.33,320.62,4.3,30485.729,20755.0,4.25,3295.2142508370534,3305.449987792969,85.80048400635047,-5.914710054299521
2025-05-15,3151.0,3228.10009765625,3125.0,3220.699951171875,652,1.2353067842610033,0.0,0.0,0.0,0.0,0.0,0.0,0.0,4.33,320.62,4.3,30485.729,20755.0,4.25,3267.9714006696427,3300.15498046875,71.91245067927039,-2.302376516288307
2025-05-16,3227.699951171875,3228.10009765625,3173.89990234375,3182.0,199,-1.201600638326883,1.0,0.0,0.0,0.0,0.0,0.0,0.0,4.33,320.62,4.3,30485.729,20755.0,4.25,3239.4857003348216,3293.8199829101563,57.5520261043575,-4.599145734697585
2025-05-19,3234.39990234375,3241.0,3228.300048828125,3228.89990234375,266,1.473912707220304,1.0,0.0,0.0,0.0,0.0,0.0,0.0,4.33,320.62,4.3,30485.729,20755.0,4.25,3229.8142438616073,3284.95498046875,51.75045812651338,0.27639448272516187
2025-05-20,3219.0,3293.199951171875,3207.5,3280.300048828125,356,1.5918779782261303,1.0,0.0,0.0,0.0,0.0,0.0,0.0,4.33,320.62,4.3,30485.729,20755.0,4.25,3221.9428362165177,3278.92998046875,34.24283700188746,1.234453581373307
2025-05-21,3293.39990234375,3317.5,3290.199951171875,3309.300048828125,979,0.8840654686561367,0.0,0.0,0.0,0.0,0.0,0.0,0.0,4.33,320.62,4.3,30485.729,20755.0,4.25,3234.6999860491073,3280.57998046875,47.47582752548074,4.020247388269249
2025-05-22,3327.300048828125,3328.0,3282.699951171875,3292.300048828125,1210,-0.5137037968503289,1.0,0.0,0.0,0.0,0.0,0.0,0.0,4.33,320.62,4.3,30485.729,20755.0,4.25,3242.1285574776784,3278.5949829101564,52.319285816525564,2.2231222635377135
2025-05-23,3328.0,3363.60009765625,3323.5,3363.60009765625,47,2.1656607165408293,0.0,0.0,0.0,0.0,0.0,0.0,0.0,4.33,320.62,4.3,30485.729,20755.0,4.25,3268.157156808036,3282.654992675781,61.57488076505728,5.707105520309552
2025-05-27,3332.5,3341.0,3296.300048828125,3299.10009765625,189,-1.91758824257805,0.0,0.0,0.0,0.0,0.0,0.0,0.0,4.33,320.62,4.3,30485.729,20755.0,4.25,3279.357177734375,3280.984997558594,58.56049804500897,2.174121138333951
2025-05-28,3293.60009765625,3293.60009765625,3293.60009765625,3293.60009765625,127758,-0.1667121286773709,1.0,0.0,0.0,0.0,0.0,0.0,0.0,4.33,320.62,4.3,30485.729,20755.0,4.25,3295.300048828125,3279.725,39.83550829806824,0.40545220346157596
2025-05-29,3283.699951171875,3328.800048828125,3242.39990234375,3317.10009765625,24370,0.7135049581982633,0.0,0.0,0.0,0.0,0.0,0.0,0.0,4.33,320.62,4.3,30485.729,20755.0,4.25,3307.900076729911,3280.3300048828123,27.313440165589117,0.23570086462505468
2025-05-30,3315.10009765625,3318.0,3270.89990234375,3288.89990234375,2213,-0.8501460457109866,1.0,0.0,0.0,0.0,0.0,0.0,0.0,4.33,320.62,4.3,30485.729,20755.0,4.25,3309.1286272321427,3284.275,26.0282660910685,-0.10327571709587424
2025-06-02,3296.89990234375,3380.800048828125,3296.89990234375,3370.60009765625,976,2.484119241643024,0.0,0.0,0.0,0.0,0.0,0.0,0.0,4.33,321.435,4.1,30485.729,20868.4,4.25,3317.8857770647323,3291.210009765625,34.89680594899475,0.20811035190768656
2025-06-03,3385.10009765625,3390.0,3331.300048828125,3350.199951171875,6410,-0.6052378179944973,1.0,0.0,0.0,0.0,0.0,0.0,0.0,4.33,321.435,4.1,30485.729,20868.4,4.25,3326.1571916852677,3293.1550048828126,34.68281191192277,1.5489027917621412
2025-06-04,3355.0,3380.0,3344.0,3373.5,207,0.6954823344193173,0.0,0.0,0.0,0.0,0.0,0.0,0.0,4.33,321.435,4.1,30485.729,20868.4,4.25,3327.571463448661,3291.260009765625,36.61227888731576,2.425913892843501
2025-06-05,3371.5,3400.0,3343.699951171875,3350.699951171875,731,-0.67585738337409,0.0,0.0,0.0,0.0,0.0,0.0,0.0,4.33,321.435,4.1,30485.729,20868.4,4.25,3334.94287109375,3289.7250122070313,35.08726861109569,1.012928537772062
2025-06-06,3364.300048828125,3364.300048828125,3306.0,3322.699951171875,81,-0.8356462950437349,1.0,0.0,0.0,0.0,0.0,0.0,0.0,4.33,321.435,4.1,30485.729,20868.4,4.25,3339.0999930245534,3291.0300048828126,30.839344580690486,1.027700745894955
2025-06-09,3315.60009765625,3334.60009765625,3290.0,3332.10009765625,1887,0.2829068715957783,0.0,0.0,0.0,0.0,0.0,0.0,0.0,4.33,321.435,4.1,30485.729,20868.4,4.25,3341.242850167411,3290.8650146484374,29.55010244428821,-1.14222983695903
2025-06-10,3302.0,3344.300048828125,3302.0,3320.89990234375,65,-0.3361302177079861,1.0,0.0,0.0,0.0,0.0,0.0,0.0,4.33,321.435,4.1,30485.729,20868.4,4.25,3345.814278738839,3295.910009765625,21.47485720483341,-0.8745761224752013
2025-06-11,3328.0,3356.0,3321.300048828125,3321.300048828125,2106,0.0120493389184295,1.0,0.0,0.0,0.0,0.0,0.0,0.0,4.33,321.435,4.1,30485.729,20868.4,4.25,3338.771414620536,3299.960009765625,20.0267073995112,-1.5473529323217772
2025-06-12,3363.0,3395.89990234375,3353.39990234375,3380.89990234375,1818,1.7944736289831509,1.0,0.0,0.0,0.0,0.0,0.0,0.0,4.33,321.435,4.1,30485.729,20868.4,4.25,3343.1571219308034,3309.935009765625,25.547247358096214,0.901302760974243
2025-06-13,3407.300048828125,3444.0,3407.300048828125,3431.199951171875,499,1.4877710160320134,0.0,0.0,0.0,0.0,0.0,0.0,0.0,4.33,321.435,4.1,30485.729,20868.4,4.25,3351.399972098214,3320.460009765625,41.374727722223575,3.2654167271930046
2025-06-16,3442.0,3442.0,3385.39990234375,3396.39990234375,480,-1.0142238669664128,0.0,0.0,0.0,0.0,0.0,0.0,0.0,4.33,321.435,4.1,30485.729,20868.4,4.25,3357.928536551339,3331.1800048828127,44.71643467564031,1.9297080760787289
2025-06-17,3398.300048828125,3398.300048828125,3376.10009765625,3386.60009765625,1477,-0.2885350656363417,1.0,0.0,0.0,0.0,0.0,0.0,0.0,4.33,321.435,4.1,30485.729,20868.4,4.25,3367.05712890625,3339.0650146484377,42.80779520189641,1.9783852944839309
2025-06-18,3385.300048828125,3391.89990234375,3365.10009765625,3389.800048828125,0,0.0944886044883075,0.0,0.0,0.0,0.0,0.0,0.0,0.0,4.33,321.435,4.1,30485.729,20868.4,4.25,3375.299979073661,3344.5400146484376,40.4447736649791,2.0624453976739954
2025-06-20,3350.0,3372.89990234375,3341.0,3368.10009765625,709,-0.6401543117381503,1.0,0.0,0.0,0.0,0.0,0.0,0.0,4.33,321.435,4.1,30485.729,20868.4,4.25,3382.0428641183034,3347.480017089844,33.13830299918952,-0.37859164888693897
2025-06-23,3365.89990234375,3387.89990234375,3350.0,3377.699951171875,30,0.285022809218316,0.0,0.0,0.0,0.0,0.0,0.0,0.0,4.33,321.435,4.1,30485.729,20868.4,4.25,3390.0999930245534,3351.7500122070314,20.26340196017252,-1.559221285886525
2025-06-24,3358.0,3358.0,3301.0,3317.39990234375,538,-1.7852399472962133,1.0,0.0,0.0,0.0,0.0,0.0,0.0,4.33,321.435,4.1,30485.729,20868.4,4.25,3381.028564453125,3349.4400024414062,34.37115689104464,-2.3259922939429023
2025-06-25,3321.60009765625,3331.199951171875,3310.60009765625,3327.10009765625,373,0.29240355694371,1.0,0.0,0.0,0.0,0.0,0.0,0.0,4.33,321.435,4.1,30485.729,20868.4,4.25,3366.157156808036,3350.8400024414063,31.441105484503613,-1.7569242982417022
2025-06-26,3332.39990234375,3333.5,3332.39990234375,3333.5,2058,0.1923567718403962,0.0,0.0,0.0,0.0,0.0,0.0,0.0,4.33,321.435,4.1,30485.729,20868.4,4.25,3357.171456473214,3352.834997558594,30.32580101778465,-1.6608663643033594
2025-06-27,3318.699951171875,3318.699951171875,3253.800048828125,3273.699951171875,284,-1.7939117692552853,1.0,0.0,0.0,0.0,0.0,0.0,0.0,4.33,321.435,4.1,30485.729,20868.4,4.25,3341.0428641183034,3350.664990234375,40.411326960304486,-2.802771406647475
2025-06-30,3265.89990234375,3306.89990234375,3262.0,3294.39990234375,1242,0.6323105807074736,1.0,0.0,0.0,0.0,0.0,0.0,0.0,4.33,321.435,4.1,30485.729,20868.4,4.25,3327.4142717633927,3350.939990234375,37.185537500922834,-2.466176689235655
2025-07-01,3310.10009765625,3354.10009765625,3310.10009765625,3336.699951171875,371,1.2839986061810915,1.0,0.0,0.0,0.0,0.0,0.0,0.0,4.33,322.169,4.3,31098.027,21007.3,4.26,3322.928536551339,3349.244982910156,33.13261199618764,0.5817824017686046
2025-07-02,3329.0,3357.5,3329.0,3348.0,39,0.338659423786547,0.0,0.0,0.0,0.0,0.0,0.0,0.0,4.33,322.169,4.3,31098.027,21007.3,4.26,3318.6856863839284,3349.1349853515626,26.10644187188414,0.6281717330498315
2025-07-03,3362.0,3362.0,3322.300048828125,3331.60009765625,0,-0.4898417665397225,1.0,0.0,0.0,0.0,0.0,0.0,0.0,4.33,322.169,4.3,31098.027,21007.3,4.26,3320.714285714286,3347.039990234375,26.5380233955965,-0.056994220601469525
2025-07-04,3342.0,3342.0,3332.5,3332.5,0,0.0270111153011232,0.0,0.0,0.0,0.0,0.0,0.0,0.0,4.33,322.169,4.3,31098.027,21007.3,4.26,3321.4857003348216,3346.129992675781,26.83144615906352,1.7961343343966707
2025-07-07,3305.5,3333.300048828125,3299.199951171875,3332.199951171875,254,-0.0090037157726929,0.0,0.0,0.0,0.0,0.0,0.0,0.0,4.33,322.169,4.3,31098.027,21007.3,4.26,3321.299979073661,3346.6049926757814,26.73876507297659,1.1474031674549412
2025-07-08,3330.39990234375,3334.5,3287.60009765625,3307.0,909,-0.7562556731630865,1.0,0.0,0.0,0.0,0.0,0.0,0.0,4.33,322.169,4.3,31098.027,21007.3,4.26,3326.05712890625,3345.349987792969,18.57454696314204,-0.8900995476516904
2025-07-09,3289.39990234375,3314.0,3282.0,3311.60009765625,114,0.1391018341775129,1.0,0.0,0.0,0.0,0.0,0.0,0.0,4.33,322.169,4.3,31098.027,21007.3,4.26,3328.5142996651784,3344.8849975585936,14.344828982832727,-1.087213331653225
2025-07-10,3323.60009765625,3330.5,3311.60009765625,3317.39990234375,209,0.1751360223598563,1.0,0.0,0.0,0.0,0.0,0.0,0.0,4.33,322.169,4.3,31098.027,21007.3,4.26,3325.757149832589,3344.689990234375,14.364055382064876,-0.42622748518016396
2025-07-11,3330.5,3370.0,3330.5,3356.0,776,1.1635648035372317,0.0,0.0,0.0,0.0,0.0,0.0,0.0,4.33,322.169,4.3,31098.027,21007.3,4.26,3326.9000069754466,3343.4449951171873,16.57658623706931,0.7051762940735173
2025-07-14,3367.0,3375.5,3350.0,3351.5,583,-0.1340882002383803,0.0,0.0,0.0,0.0,0.0,0.0,0.0,4.33,322.169,4.3,31098.027,21007.3,4.26,3329.742850167411,3339.459997558594,19.04028960805581,0.5791984007843753
2025-07-15,3341.0,3341.0,3329.800048828125,3329.800048828125,210,-0.6474698246121124,1.0,0.0,0.0,0.0,0.0,0.0,0.0,4.33,322.169,4.3,31098.027,21007.3,4.26,3329.3571428571427,3336.1300048828125,19.002437456525058,0.6894481048722367
2025-07-16,3341.199951171875,3352.89990234375,3329.5,3352.5,10,0.6817211495886655,0.0,0.0,0.0,0.0,0.0,0.0,0.0,4.33,322.169,4.3,31098.027,21007.3,4.26,3332.257149832589,3334.425,20.957082216409255,1.235049557242629
2025-07-17,3313.800048828125,3340.800048828125,3313.800048828125,3340.10009765625,667,-0.3698703159955241,1.0,0.0,0.0,0.0,0.0,0.0,0.0,4.33,322.169,4.3,31098.027,21007.3,4.26,3336.9857352120534,3331.9400024414062,17.80574507106719,0.6842767221540758
2025-07-18,3338.199951171875,3353.0,3338.199951171875,3353.0,602,0.3862130465132507,1.0,0.0,0.0,0.0,0.0,0.0,0.0,4.33,322.169,4.3,31098.027,21007.3,4.26,3342.9000069754466,3331.1849975585938,14.545578677387557,-0.08939213349224984
2025-07-21,3350.300048828125,3411.699951171875,3350.300048828125,3401.89990234375,53,1.4583925542424714,1.0,0.0,0.0,0.0,0.0,0.0,0.0,4.33,322.169,4.3,31098.027,21007.3,4.26,3354.971435546875,3332.3949951171876,22.657374654178778,1.5038013529389715
2025-07-22,3411.0,3441.0,3395.60009765625,3439.199951171875,39,1.0964475704422494,0.0,0.0,0.0,0.0,0.0,0.0,0.0,4.33,322.169,4.3,31098.027,21007.3,4.26,3366.8571428571427,3338.484997558594,39.125086557985114,3.2854796305937795
2025-07-23,3430.300048828125,3433.89990234375,3388.10009765625,3394.10009765625,63,-1.3113472364483347,0.0,0.0,0.0,0.0,0.0,0.0,0.0,4.33,322.169,4.3,31098.027,21007.3,4.26,3372.94287109375,3341.834997558594,39.64786358532248,1.2408679390380373
2025-07-24,3367.0,3371.0,3367.0,3371.0,1175,-0.6805956510299027,0.0,0.0,0.0,0.0,0.0,0.0,0.0,4.33,322.169,4.3,31098.027,21007.3,4.26,3378.8285784040177,3343.709997558594,34.95639975391034,0.925119051534784
2025-07-25,3344.0,3345.0,3326.5,3334.0,67,-1.097597152180363,0.0,0.0,0.0,0.0,0.0,0.0,0.0,4.33,322.169,4.3,31098.027,21007.3,4.26,3376.185721261161,3346.725,37.85765850819075,-0.5666567253206134
2025-07-28,3326.60009765625,3326.800048828125,3309.10009765625,3309.10009765625,533,-0.7468477007723462,1.0,0.0,0.0,0.0,0.0,0.0,0.0,4.33,322.169,4.3,31098.027,21007.3,4.26,3371.757149832589,3347.460009765625,44.08370219547355,-2.7278816940958572
2025-07-29,3323.39990234375,3323.39990234375,3323.39990234375,3323.39990234375,113144,0.432135754902907,0.0,0.0,0.0,0.0,0.0,0.0,0.0,4.33,322.169,4.3,31098.027,21007.3,4.26,3367.528564453125,3346.7950073242187,47.47220760653832,-3.3670635750232325
2025-07-30,3325.800048828125,3331.800048828125,3263.89990234375,3295.800048828125,19252,-0.8304704316853595,0.0,0.0,0.0,0.0,0.0,0.0,0.0,4.33,322.169,4.3,31098.027,21007.3,4.26,3352.3714425223216,3344.185009765625,51.44104333931924,-2.896203588574331
2025-07-31,3272.89990234375,3312.0,3272.89990234375,3293.199951171875,3704,-0.0788912439386169,1.0,0.0,0.0,0.0,0.0,0.0,0.0,4.33,322.169,4.3,31098.027,21007.3,4.26,3331.5142996651784,3342.265002441406,38.2840659983858,-2.3079219468444045
2025-08-01,3286.199951171875,3360.60009765625,3281.0,3347.699951171875,3420,1.654925325156964,1.0,0.0,0.0,0.0,0.0,0.0,0.0,4.33,323.291,4.3,31098.027,21123.8,4.23,3324.8857073102677,3343.025,28.376762219805045,0.4109163518858816
2025-08-04,3367.60009765625,3386.5,3347.39990234375,3374.39990234375,351,0.7975610586763882,1.0,0.0,0.0,0.0,0.0,0.0,0.0,4.33,323.291,4.3,31098.027,21123.8,4.23,3325.371407645089,3345.1349975585936,29.311317468140988,1.9733402665501165
2025-08-05,3378.5,3387.199951171875,3351.199951171875,3381.89990234375,915,0.222261741851959,0.0,0.0,0.0,0.0,0.0,0.0,0.0,4.33,323.291,4.3,31098.027,21123.8,4.23,3332.2142508370534,3348.879992675781,36.396351869681325,1.7602455834082598
2025-08-06,3380.699951171875,3383.300048828125,3361.300048828125,3380.0,1492,-0.0561785504778922,1.0,0.0,0.0,0.0,0.0,0.0,0.0,4.33,323.291,4.3,31098.027,21123.8,4.23,3342.3428083147323,3352.2999877929688,38.68519653622576,2.5547651533597726
2025-08-07,3384.89990234375,3422.89990234375,3384.89990234375,3400.300048828125,5464,0.6005931605954196,1.0,0.0,0.0,0.0,0.0,0.0,0.0,4.33,323.291,4.3,31098.027,21123.8,4.23,3353.328543526786,3356.4449951171873,43.07874568843944,3.252158971341501
2025-08-08,3438.800048828125,3477.0,3402.5,3439.10009765625,7657,1.1410772070393316,0.0,0.0,0.0,0.0,0.0,0.0,0.0,4.33,323.291,4.3,31098.027,21123.8,4.23,3373.799979073661,3360.6,45.18175159393698,2.730237112569789
2025-08-11,3383.89990234375,3383.89990234375,3349.199951171875,3353.10009765625,1488,-2.500654169926864,0.0,0.0,0.0,0.0,0.0,0.0,0.0,4.33,323.291,4.3,31098.027,21123.8,4.23,3382.3571428571427,3360.6800048828127,30.735129985579235,-0.6312175587933622
2025-08-12,3356.199951171875,3356.199951171875,3330.10009765625,3348.89990234375,1611,-0.1252630458433379,1.0,0.0,0.0,0.0,0.0,0.0,0.0,4.33,323.291,4.3,31098.027,21123.8,4.23,3382.528564453125,3361.6349975585936,30.51215495803643,-0.9757828721403072
2025-08-13,3358.800048828125,3363.39990234375,3358.699951171875,3358.699951171875,1011,0.2926348685807545,0.0,0.0,0.0,0.0,0.0,0.0,0.0,4.33,323.291,4.3,31098.027,21123.8,4.23,3380.285714285714,3361.9449951171873,31.760732113213955,-0.6301789594119866
2025-08-14,3346.800048828125,3356.0,3328.89990234375,3335.199951171875,592,-0.6996754798475169,1.0,0.0,0.0,0.0,0.0,0.0,0.0,4.33,323.291,4.3,31098.027,21123.8,4.23,3373.6142926897323,3361.699987792969,35.98849352199221,-1.9145397971183753
2025-08-15,3346.800048828125,3346.800048828125,3335.89990234375,3336.0,1185,0.0239880318972707,0.0,0.0,0.0,0.0,0.0,0.0,0.0,4.33,323.291,4.3,31098.027,21123.8,4.23,3367.3285784040177,3360.849987792969,38.44588474730752,-2.997880106092665
2025-08-18,3333.5,3347.800048828125,3331.699951171875,3331.699951171875,646,-0.1288983461668169,0.0,0.0,0.0,0.0,0.0,0.0,0.0,4.33,323.291,4.3,31098.027,21123.8,4.23,3357.528564453125,3357.339990234375,37.368693729899896,-0.6382197328178019
2025-08-19,3330.199951171875,3343.5,3313.39990234375,3313.39990234375,1655,-0.549270615491293,1.0,0.0,0.0,0.0,0.0,0.0,0.0,4.33,323.291,4.3,31098.027,21123.8,4.23,3339.5713936941966,3351.0499877929688,15.35534404949976,-1.0600495994268155
2025-08-20,3310.60009765625,3343.5,3310.10009765625,3343.39990234375,1213,0.9054144046657164,0.0,0.0,0.0,0.0,0.0,0.0,0.0,4.33,323.291,4.3,31098.027,21123.8,4.23,3338.1856515066966,3348.5149780273437,14.334743475127537,-0.4555348512982449
2025-08-21,3349.39990234375,3349.39990234375,3326.5,3336.89990234375,142,-0.1944128788017085,1.0,0.0,0.0,0.0,0.0,0.0,0.0,4.33,323.291,4.3,31098.027,21123.8,4.23,3336.471365792411,3346.8099731445313,13.535113435834582,0.05096999270697289
2025-08-22,3349.39990234375,3377.699951171875,3349.39990234375,3374.39990234375,1240,1.1237975695243652,0.0,0.0,0.0,0.0,0.0,0.0,0.0,4.33,323.291,4.3,31098.027,21123.8,4.23,3338.7142159598216,3348.829968261719,18.295933123536624,1.1510762093450255
2025-08-25,3366.0,3378.0,3366.0,3373.800048828125,1044,-0.0177765982985134,1.0,0.0,0.0,0.0,0.0,0.0,0.0,4.33,323.291,4.3,31098.027,21123.8,4.23,3344.228515625,3352.0649658203124,22.413761095388352,1.2636221230378775
2025-08-26,3378.89990234375,3396.5,3371.10009765625,3388.60009765625,905,0.438675932596122,1.0,0.0,0.0,0.0,0.0,0.0,0.0,4.33,323.291,4.3,31098.027,21123.8,4.23,3351.7428152901784,3355.3249755859374,27.447331518764155,2.269578002320416
2025-08-27,3397.0,3404.60009765625,3382.0,3404.60009765625,3222,0.4721713846100206,1.0,0.0,0.0,0.0,0.0,0.0,0.0,4.33,323.291,4.3,31098.027,21123.8,4.23,3362.1571219308034,3360.7649780273437,32.02370856733429,1.8304778698353674
2025-08-28,3409.0,3434.60009765625,3400.0,3431.800048828125,1035,0.7989176523433672,1.0,0.0,0.0,0.0,0.0,0.0,0.0,4.33,323.291,4.3,31098.027,21123.8,4.23,3379.0714285714284,3367.6949829101563,33.22479466570166,2.843961439110587
2025-08-29,3432.5,3475.60009765625,3426.60009765625,3473.699951171875,0,1.2209307578411543,1.0,0.0,0.0,0.0,0.0,0.0,0.0,4.33,323.291,4.3,31098.027,21123.8,4.23,3397.685721261161,3373.994982910156,44.49714998968554,2.9427469091364733
2025-09-02,3485.699951171875,3559.199951171875,3485.699951171875,3549.39990234375,658,2.179231143620708,1.0,0.0,0.0,0.0,0.0,0.0,0.0,4.22,324.245,4.4,31098.027,21202.4,4.23,3428.0428641183034,3382.744982910156,64.22793038103538,5.204809146191658
2025-09-03,3554.800048828125,3593.699951171875,3553.199951171875,3593.199951171875,72,1.2340127918300414,0.0,0.0,0.0,0.0,0.0,0.0,0.0,4.22,324.245,4.4,31098.027,21202.4,4.23,3459.3000139508927,3393.3099853515623,83.97578261287082,6.037887257842489
2025-09-04,3549.89990234375,3573.60009765625,3549.89990234375,3565.800048828125,237,-0.7625487786955487,1.0,0.0,0.0,0.0,0.0,0.0,0.0,4.22,324.245,4.4,31098.027,21202.4,4.23,3486.728585379464,3402.599987792969,82.74188789164153,4.73476903448502
2025-09-05,3567.800048828125,3613.199951171875,3567.800048828125,3613.199951171875,925,1.329292211977151,1.0,0.0,0.0,0.0,0.0,0.0,0.0,4.22,324.245,4.4,31098.027,21202.4,4.23,3518.814278738839,3413.244982910156,81.8908667122791,5.285852898268173
2025-09-08,3594.5,3641.0,3590.0,3638.10009765625,97,0.6891438841157616,1.0,0.0,0.0,0.0,0.0,0.0,0.0,4.22,324.245,4.4,31098.027,21202.4,4.23,3552.1714215959823,3423.1949829101563,74.86879510474698,4.73271004390905
2025-09-09,3647.10009765625,3670.39990234375,3627.800048828125,3643.300048828125,535,0.1429304041201229,1.0,0.0,0.0,0.0,0.0,0.0,0.0,4.22,324.245,4.4,31098.027,21202.4,4.23,3582.3857073102677,3437.70498046875,59.240831601813234,2.6455217520677365
2025-09-10,3625.0,3655.39990234375,3620.800048828125,3643.60009765625,136,0.0082356331925437,0.0,0.0,0.0,0.0,0.0,0.0,0.0,4.22,324.245,4.4,31098.027,21202.4,4.23,3606.657156808036,3452.439990234375,38.44420620900942,1.4026535447307253
2025-09-11,3632.89990234375,3636.89990234375,3618.39990234375,3636.89990234375,307,-0.1838894261971813,1.0,0.0,0.0,0.0,0.0,0.0,0.0,4.22,324.245,4.4,31098.027,21202.4,4.23,3619.157156808036,3466.349987792969,30.028382171416375,1.9939383179657488
2025-09-12,3655.5,3656.800048828125,3643.0,3649.39990234375,1300,0.343699313581447,1.0,0.0,0.0,0.0,0.0,0.0,0.0,4.22,324.245,4.4,31098.027,21202.4,4.23,3627.185721261161,3482.0599853515623,29.438819660018314,1.0018806504227484
2025-09-15,3640.0,3686.39990234375,3635.10009765625,3682.199951171875,210,0.8987792433232666,1.0,0.0,0.0,0.0,0.0,0.0,0.0,4.22,324.245,4.4,31098.027,21202.4,4.23,3643.814278738839,3499.369982910156,20.504742800733023,1.2121671293221281
2025-09-16,3681.39990234375,3698.60009765625,3681.39990234375,3688.89990234375,373,0.1819551154396803,0.0,0.0,0.0,0.0,0.0,0.0,0.0,4.22,324.245,4.4,31098.027,21202.4,4.23,3654.6285574776784,3517.22998046875,21.60055128510635,1.2516085116374809
2025-09-17,3669.0,3685.199951171875,3661.60009765625,3681.800048828125,183,-0.1924653339363868,0.0,0.0,0.0,0.0,0.0,0.0,0.0,4.22,324.245,4.4,31098.027,21202.4,4.23,3660.871407645089,3535.6499877929687,22.330064209390645,1.048412288616607
2025-09-18,3654.60009765625,3667.39990234375,3637.0,3643.699951171875,80,-1.0348225637178965,1.0,0.0,0.0,0.0,0.0,0.0,0.0,4.22,324.245,4.4,31098.027,21202.4,4.23,3660.928536551339,3550.664990234375,22.278068536591977,0.1869737691637452
2025-09-19,3659.0,3685.89990234375,3658.199951171875,3671.5,211,0.7629620770278844,1.0,0.0,0.0,0.0,0.0,0.0,0.0,4.22,324.245,4.4,31098.027,21202.4,4.23,3664.914236886161,3567.3949951171876,21.12721160462388,0.605581691446222
2025-09-22,3688.199951171875,3748.199951171875,3688.0,3740.699951171875,410,1.884786903768898,1.0,0.0,0.0,0.0,0.0,0.0,0.0,4.22,324.245,4.4,31098.027,21202.4,4.23,3679.7428152901784,3585.709997558594,31.87898683216802,1.588724153379606
2025-09-23,3747.0,3786.0,3740.0,3780.60009765625,627,1.0666492101799152,0.0,0.0,0.0,0.0,0.0,0.0,0.0,4.22,324.245,4.4,31098.027,21202.4,4.23,3698.4857003348216,3606.05,46.35020257110075,2.485841246444176
2025-09-24,3769.800048828125,3772.5,3732.10009765625,3732.10009765625,588,-1.2828651205417652,1.0,0.0,0.0,0.0,0.0,0.0,0.0,4.22,324.245,4.4,31098.027,21202.4,4.23,3705.6142926897323,3623.225,47.256449205443374,1.3661808941562326
2025-09-25,3742.800048828125,3756.0,3724.699951171875,3736.89990234375,1899,0.1286086804186847,1.0,0.0,0.0,0.0,0.0,0.0,0.0,4.22,324.245,4.4,31098.027,21202.4,4.23,3712.471435546875,3639.839990234375,47.904953847320016,2.5578382528973043
2025-09-26,3775.300048828125,3775.300048828125,3775.300048828125,3775.300048828125,19308,1.0275936601965352,1.0,0.0,0.0,0.0,0.0,0.0,0.0,4.22,324.245,4.4,31098.027,21202.4,4.23,3725.8285784040177,3657.014990234375,50.87094037059999,2.8271836804609762
2025-09-29,3754.800048828125,3827.60009765625,3754.800048828125,3820.89990234375,8860,1.2078471360118748,1.0,0.0,0.0,0.0,0.0,0.0,0.0,4.22,324.245,4.4,31098.027,21202.4,4.23,3751.1428571428573,3674.3749877929686,47.14317149789563,2.1439824690229425
2025-09-30,3827.5,3865.5,3793.39990234375,3840.800048828125,1611,0.5208235492420998,1.0,0.0,0.0,0.0,0.0,0.0,0.0,4.22,324.245,4.4,31098.027,21202.4,4.23,3775.3285784040177,3688.9449951171873,42.692027456022856,1.592338507561153
2025-10-01,3863.5,3891.89990234375,3853.300048828125,3867.5,1778,0.6951663932628138,0.0,0.0,0.0,0.0,0.0,0.0,0.0,4.09,324.245,4.4,31422.526,21288.1,4.12,3793.44287109375,3702.6599975585937,51.5350870561869,3.6279815332064924
2025-10-02,3856.199951171875,3888.60009765625,3823.699951171875,3839.699951171875,3418,-0.7188118636877849,1.0,0.0,0.0,0.0,0.0,0.0,0.0,4.09,324.245,4.4,31422.526,21288.1,4.12,3801.8857073102677,3716.3549926757814,53.86866966903183,2.75094467378294
2025-10-03,3855.199951171875,3886.800048828125,3853.699951171875,3880.800048828125,392,1.0703986816393396,1.0,0.0,0.0,0.0,0.0,0.0,0.0,4.09,324.245,4.4,31422.526,21288.1,4.12,3823.1285574776784,3729.734997558594,51.00593532658339,2.7944798727387976
2025-10-06,3931.300048828125,3960.0,3926.800048828125,3948.5,1267,1.744484392910639,1.0,0.0,0.0,0.0,0.0,0.0,0.0,4.09,324.245,4.4,31422.526,21288.1,4.12,3853.3571428571427,3745.254992675781,53.9998127263056,3.33952997768876
2025-10-07,3959.39990234375,3981.5,3940.0,3976.60009765625,2903,0.7116651299544197,1.0,0.0,0.0,0.0,0.0,0.0,0.0,4.09,324.245,4.4,31422.526,21288.1,4.12,3882.1142926897323,3761.9199951171877,58.88262188563549,3.5357229509919152
2025-10-08,3987.199951171875,4049.199951171875,3987.199951171875,4043.300048828125,2179,1.677311007742199,0.0,0.0,0.0,0.0,0.0,0.0,0.0,4.09,324.245,4.4,31422.526,21288.1,4.12,3913.8857421875,3781.904992675781,77.42808527370539,4.545573337508091
2025-10-09,4011.199951171875,4046.199951171875,3940.0,3946.300048828125,3130,-2.399030465921359,1.0,0.0,0.0,0.0,0.0,0.0,0.0,4.09,324.245,4.4,31422.526,21288.1,4.12,3928.9571707589284,3797.375,70.8164097294316,2.7762611405017568
2025-10-10,3957.0,4012.0,3945.5,3975.89990234375,1697,0.7500659643053353,1.0,0.0,0.0,0.0,0.0,0.0,0.0,4.09,324.245,4.4,31422.526,21288.1,4.12,3944.44287109375,3813.7,66.88020525379035,2.450521859386745
2025-10-13,4016.0,4111.0,4016.0,4108.60009765625,1697,3.33761408918456,1.0,0.0,0.0,0.0,0.0,0.0,0.0,4.09,324.245,4.4,31422.526,21288.1,4.12,3982.857177734375,3835.0200073242186,73.5806521273418,4.054706791344809
2025-10-14,4131.7001953125,4160.10009765625,4085.800048828125,4138.7001953125,2424,0.7326120075161535,1.0,0.0,0.0,0.0,0.0,0.0,0.0,4.09,324.245,4.4,31422.526,21288.1,4.12,4019.7000558035716,3857.5100219726564,78.37333636855186,4.0763489834391375
2025-10-15,4145.0,4210.60009765625,4145.0,4176.89990234375,3287,0.9229880210824382,1.0,0.0,0.0,0.0,0.0,0.0,0.0,4.09,324.245,4.4,31422.526,21288.1,4.12,4052.32861328125,3882.2650146484375,90.41041937145674,3.304228029140366
2025-10-16,4198.7998046875,4307.0,4196.60009765625,4280.2001953125,4705,2.4731330743833717,0.0,0.0,0.0,0.0,0.0,0.0,0.0,4.09,324.245,4.4,31422.526,21288.1,4.12,4095.7000558035716,3914.0900268554688,116.95251117364452,8.461093742315118
2025-10-17,4354.7001953125,4358.0,4182.2001953125,4189.89990234375,4060,-2.1097212477968474,1.0,0.0,0.0,0.0,0.0,0.0,0.0,4.09,324.245,4.4,31422.526,21288.1,4.12,4116.64289202009,3940.0100219726564,119.11127350405955,5.382429267745126
2025-10-20,4244.10009765625,4356.60009765625,4214.60009765625,4336.39990234375,1750,3.4965035779983777,0.0,0.0,0.0,0.0,0.0,0.0,0.0,4.09,324.245,4.4,31422.526,21288.1,4.12,4172.371442522322,3969.79501953125,117.37527623444234,5.5444628163604515
2025-10-21,4332.7001953125,4332.7001953125,4087.699951171875,4087.699951171875,2943,-5.735171035251085,0.0,0.0,0.0,0.0,0.0,0.0,0.0,4.09,324.245,4.4,31422.526,21288.1,4.12,4188.342878069197,3985.150012207031,90.77841235672344,-1.2322768437875276
2025-10-22,4109.7001953125,4148.5,4006.0,4044.39990234375,1237,-1.0592765943036375,1.0,0.0,0.0,0.0,0.0,0.0,0.0,4.09,324.245,4.4,31422.526,21288.1,4.12,4179.171421595982,4000.765002441406,102.64516617606496,-3.172209128728498
2025-10-23,4078.39990234375,4136.7998046875,4070.699951171875,4125.5,354,2.005244278866991,0.0,0.0,0.0,0.0,0.0,0.0,0.0,4.09,324.245,4.4,31422.526,21288.1,4.12,4177.285679408482,4020.1950073242188,103.6291384456552,-3.614321486222105
2025-10-24,4117.5,4120.60009765625,4074.89990234375,4118.39990234375,123,-0.1721027186098678,0.0,0.0,0.0,0.0,0.0,0.0,0.0,4.09,324.245,4.4,31422.526,21288.1,4.12,4168.92853655134,4037.35,105.99723508136337,-1.7064846814121792
2025-10-27,4060.0,4078.60009765625,3971.300048828125,4001.89990234375,220,-2.828768520844726,0.0,0.0,0.0,0.0,0.0,0.0,0.0,4.09,324.245,4.4,31422.526,21288.1,4.12,4129.171351841518,4046.4,109.44194010128271,-7.713771965985162
2025-10-28,3929.699951171875,3966.199951171875,3923.60009765625,3966.199951171875,219,-0.8920750654199727,1.0,0.0,0.0,0.0,0.0,0.0,0.0,4.09,324.245,4.4,31422.526,21288.1,4.12,4097.214215959822,4052.6699951171877,120.8222802111906,-2.9723316645383413
2025-10-29,3983.699951171875,3983.699951171875,3983.699951171875,3983.699951171875,1344,0.4412283852413878,1.0,0.0,0.0,0.0,0.0,0.0,0.0,4.09,324.245,4.4,31422.526,21288.1,4.12,4046.8285086495534,4058.4799926757814,65.1828193159953,-1.5008394975160377
2025-10-30,3960.0,4027.199951171875,3913.699951171875,4001.300048828125,935,0.441802793181556,0.0,0.0,0.0,0.0,0.0,0.0,0.0,4.09,324.245,4.4,31422.526,21288.1,4.12,4034.485665457589,4066.5599975585938,64.32825325017946,-3.0105429928948046
2025-10-31,4034.5,4034.5,3976.60009765625,3982.199951171875,559,-0.4773472977074977,1.0,0.0,0.0,0.0,0.0,0.0,0.0,4.09,324.245,4.4,31422.526,21288.1,4.12,4025.5999581473216,4071.629992675781,66.97208157361902,-3.307108449919216
2025-11-03,3976.199951171875,4020.0,3959.0,4000.300048828125,0,0.4545250835765735,0.0,0.0,0.0,0.0,0.0,0.0,0.0,3.88,325.063,4.5,31422.526,21356.0,4.12,4007.7142508370534,4074.2199951171874,50.55085826718175,-0.039977349625563985
2025-11-04,3994.199951171875,3995.39990234375,3927.39990234375,3947.699951171875,657,-1.3149038075696118,1.0,0.0,0.0,0.0,0.0,0.0,0.0,3.88,325.063,4.5,31422.526,21356.0,4.12,3983.328543526786,4072.7749877929687,20.494305294300382,-0.46644143582660336
2025-11-05,3929.89990234375,3983.5,3929.89990234375,3980.300048828125,559,0.8257997836581543,0.0,0.0,0.0,0.0,0.0,0.0,0.0,3.88,325.063,4.5,31422.526,21356.0,4.12,3980.242850167411,4069.6249877929686,18.787075274642252,-0.0853453419038197
2025-11-06,4004.0,4007.5,3979.89990234375,3979.89990234375,650,-0.0100531738679521,1.0,0.0,0.0,0.0,0.0,0.0,0.0,3.88,325.063,4.5,31422.526,21356.0,4.12,3982.1999860491073,4071.30498046875,17.76619974016936,-0.534829835884032
2025-11-07,3980.800048828125,3999.39990234375,3980.800048828125,3999.39990234375,245,0.4899620713705976,1.0,0.0,0.0,0.0,0.0,0.0,0.0,3.88,325.063,4.5,31422.526,21356.0,4.12,3984.4428362165177,4072.47998046875,18.939384477435492,0.4319208322729695
2025-11-10,4060.0,4111.7998046875,4060.0,4111.7998046875,189,2.810419190086022,0.0,0.0,0.0,0.0,0.0,0.0,0.0,3.88,325.063,4.5,31422.526,21356.0,4.12,4000.228515625,4072.6399658203127,52.19118665490057,2.7872848160986896
2025-11-11,4140.10009765625,4140.10009765625,4106.7998046875,4106.7998046875,569,-0.1216012509728692,1.0,0.0,0.0,0.0,0.0,0.0,0.0,3.88,325.063,4.5,31422.526,21356.0,4.12,4018.028494698661,4071.0449462890624,64.75344973786392,4.030191136193029
2025-11-12,4115.60009765625,4204.39990234375,4102.89990234375,4204.39990234375,396,2.3765487069725038,0.0,0.0,0.0,0.0,0.0,0.0,0.0,3.88,325.063,4.5,31422.526,21356.0,4.12,4047.185616629464,4072.4199462890624,94.54019867878051,5.630225127917288
2025-11-13,4228.7001953125,4228.7001953125,4163.7001953125,4186.89990234375,167,-0.4162306252134762,0.0,0.0,0.0,0.0,0.0,0.0,0.0,3.88,325.063,4.5,31422.526,21356.0,4.12,4081.3570382254466,4067.754931640625,95.80881711445224,5.201135834549464
2025-11-14,4197.7001953125,4197.89990234375,4047.0,4087.60009765625,483,-2.371678497303309,0.0,0.0,0.0,0.0,0.0,0.0,0.0,3.88,325.063,4.5,31422.526,21356.0,4.12,4096.685616629465,4062.63994140625,84.90944204956809,2.205335737014247
2025-11-17,4070.0,4099.5,4019.39990234375,4068.300048828125,1552,-0.4721608857772397,0.0,0.0,0.0,0.0,0.0,0.0,0.0,3.88,325.063,4.5,31422.526,21356.0,4.12,4109.314208984375,4049.2349487304687,69.8905669351845,-1.0579249459028772
2025-11-18,4037.39990234375,4063.39990234375,4035.60009765625,4061.300048828125,1375,-0.1720620385906923,1.0,0.0,0.0,0.0,0.0,0.0,0.0,3.88,325.063,4.5,31422.526,21356.0,4.12,4118.157087053572,4047.9149536132813,56.25089244110344,-1.107912681973
2025-11-19,4086.10009765625,4122.7001953125,4072.0,4077.699951171875,486,0.4038091780114161,0.0,0.0,0.0,0.0,0.0,0.0,0.0,3.88,325.063,4.5,31422.526,21356.0,4.12,4113.285679408482,4049.5799560546875,58.33127794485406,-3.0135085651877613
2025-11-20,4045.0,4090.39990234375,4040.199951171875,4056.5,202,-0.5198997333235034,1.0,0.0,0.0,0.0,0.0,0.0,0.0,3.88,325.063,4.5,31422.526,21356.0,4.12,4106.099993024553,4046.1299560546877,62.23120347195597,-3.11447384425777
2025-11-21,4031.800048828125,4085.199951171875,4031.800048828125,4076.699951171875,171,0.4979650233421617,1.0,0.0,0.0,0.0,0.0,0.0,0.0,3.88,325.063,4.5,31422.526,21356.0,4.12,4087.8571428571427,4044.044958496094,44.922554332558015,-0.26666372012822404
2025-11-24,4060.5,4091.89990234375,4060.5,4091.89990234375,591,0.3728493966671742,1.0,0.0,0.0,0.0,0.0,0.0,0.0,3.88,325.063,4.5,31422.526,21356.0,4.12,4074.285714285714,4048.544958496094,13.07545607762866,0.5800912723343155
2025-11-25,4139.2001953125,4139.2001953125,4139.2001953125,4139.2001953125,132704,1.155949414638835,1.0,0.0,0.0,0.0,0.0,0.0,0.0,3.88,325.063,4.5,31422.526,21356.0,4.12,4081.657156808036,4057.194970703125,27.934611739586003,1.918108624031678
2025-11-26,4128.60009765625,4171.0,4127.5,4165.2001953125,25088,0.6281406738781081,1.0,0.0,0.0,0.0,0.0,0.0,0.0,3.88,325.063,4.5,31422.526,21356.0,4.12,4095.5000348772323,4066.269982910156,41.11306611964579,2.1458235080655808
2025-11-28,4163.39990234375,4223.89990234375,4140.0,4218.2998046875,3615,1.2748393086785548,1.0,0.0,0.0,0.0,0.0,0.0,0.0,3.88,325.063,4.5,31422.526,21356.0,4.12,4117.928571428572,4077.119970703125,58.495833030230784,3.9886553602243247
2025-12-01,4218.5,4262.10009765625,4214.89990234375,4239.2998046875,913,0.4978309027884764,0.0,0.0,0.0,0.0,0.0,0.0,0.0,3.72,326.031,4.4,31422.526,21445.9,4.09,4141.014264787947,4089.974963378906,70.60755932294524,3.988516581135304
2025-12-02,4230.5,4230.5,4167.0,4186.60009765625,366,-1.2431229084807538,1.0,0.0,0.0,0.0,0.0,0.0,0.0,3.72,326.031,4.4,31422.526,21445.9,4.09,4159.599993024553,4099.289965820312,61.14186610977682,2.31433313552607
2025-12-03,4215.7001953125,4234.10009765625,4195.7001953125,4199.2998046875,1897,0.3033417745907929,1.0,0.0,0.0,0.0,0.0,0.0,0.0,3.72,326.031,4.4,31422.526,21445.9,4.09,4177.1142578125,4111.869958496094,49.97729243996354,1.4519618897163022
2025-12-04,4211.0,4211.7998046875,4175.0,4211.7998046875,616,0.2976686729070144,1.0,0.0,0.0,0.0,0.0,0.0,0.0,3.72,326.031,4.4,31422.526,21445.9,4.09,4194.242815290178,4123.4449462890625,33.84835538343357,1.1187843846603762
2025-12-05,4204.10009765625,4255.7001953125,4194.5,4212.89990234375,533,0.026119419423165,0.0,0.0,0.0,0.0,0.0,0.0,0.0,3.72,326.031,4.4,31422.526,21445.9,4.09,4204.771344866072,4135.094946289062,23.863201486403916,-0.1280113456551768
2025-12-08,4205.5,4215.7998046875,4175.5,4187.2001953125,318,-0.6100241550233032,1.0,0.0,0.0,0.0,0.0,0.0,0.0,3.72,326.031,4.4,31422.526,21445.9,4.09,4207.914202008928,4144.4849609375,18.665658634617824,-1.2289673242121713
2025-12-09,4190.7001953125,4219.7001953125,4177.7001953125,4206.7001953125,660,0.4657049840088856,0.0,0.0,0.0,0.0,0.0,0.0,0.0,3.72,326.031,4.4,31422.526,21445.9,4.09,4206.257114955357,4149.22998046875,18.096189195170332,0.48010550774846283
2025-12-10,4209.0,4234.5,4183.60009765625,4196.39990234375,692,-0.2448544581386547,1.0,0.0,0.0,0.0,0.0,0.0,0.0,3.72,326.031,4.4,31422.526,21445.9,4.09,4200.128557477678,4153.709985351563,10.857126375176266,-0.06905680657791624
2025-12-11,4224.0,4286.89990234375,4214.2998046875,4285.5,528,2.1232508752677903,1.0,0.0,0.0,0.0,0.0,0.0,0.0,3.72,326.031,4.4,31422.526,21445.9,4.09,4214.257114955357,4157.764990234375,32.69865995511585,1.749850390098695
2025-12-12,4276.39990234375,4355.0,4260.0,4300.10009765625,1531,0.3406859796114769,1.0,0.0,0.0,0.0,0.0,0.0,0.0,3.72,326.031,4.4,31422.526,21445.9,4.09,4228.657156808035,4163.425,44.92397705789068,2.0698378156098096
2025-12-15,4308.2998046875,4349.2001953125,4292.89990234375,4306.7001953125,854,0.1534870702160518,0.0,0.0,0.0,0.0,0.0,0.0,0.0,3.72,326.031,4.4,31422.526,21445.9,4.09,4242.21435546875,4174.3800048828125,52.64494970713301,2.8539356712339314
2025-12-16,4270.5,4321.39990234375,4270.5,4304.5,1796,-0.0510877287184907,1.0,0.0,0.0,0.0,0.0,0.0,0.0,3.72,326.031,4.4,31422.526,21445.9,4.09,4255.300083705357,4186.190002441406,55.45336591268896,2.3248579681641512
2025-12-17,4308.5,4351.39990234375,4308.5,4347.5,2169,0.9989545824137468,0.0,0.0,0.0,0.0,0.0,0.0,0.0,3.72,326.031,4.4,31422.526,21445.9,4.09,4278.200055803572,4200.5,55.74170111207581,3.6007077774417695
2025-12-18,4331.0,4348.10009765625,4328.2001953125,4339.5,705,-0.1840138010350767,1.0,0.0,0.0,0.0,0.0,0.0,0.0,3.72,326.031,4.4,31422.526,21445.9,4.09,4297.171456473215,4213.590002441406,49.61330174774252,1.260063003150158
2025-12-19,4350.10009765625,4361.39990234375,4350.10009765625,4361.39990234375,1065,0.5046641858220902,1.0,0.0,0.0,0.0,0.0,0.0,0.0,3.72,326.031,4.4,31422.526,21445.9,4.09,4320.742885044643,4228.834997558593,28.431143970618894,1.425543668644158
2025-12-22,4371.10009765625,4447.60009765625,4371.10009765625,4444.60009765625,449,1.907648855308808,1.0,0.0,0.0,0.0,0.0,0.0,0.0,3.72,326.031,4.4,31422.526,21445.9,4.09,4343.471470424107,4247.230004882813,50.550977077692146,3.201985187959977
2025-12-23,4503.2998046875,4503.7998046875,4450.39990234375,4482.7998046875,694,0.8594633081026481,0.0,0.0,0.0,0.0,0.0,0.0,0.0,3.72,326.031,4.4,31422.526,21445.9,4.09,4369.571428571428,4266.775,68.4291138659298,4.14217225432687
2025-12-24,4500.7001953125,4503.39990234375,4468.39990234375,4480.60009765625,500,-0.0490699368048908,1.0,0.0,0.0,0.0,0.0,0.0,0.0,3.72,326.031,4.4,31422.526,21445.9,4.09,4394.414271763393,4283.844995117188,73.20025857090621,3.061531860983324
2025-12-26,4512.0,4556.2998046875,4502.0,4529.10009765625,263,1.0824442919012078,0.0,0.0,0.0,0.0,0.0,0.0,0.0,3.72,326.031,4.4,31422.526,21445.9,4.09,4426.5,4302.039990234375,76.37506668133948,4.369169205121559
2025-12-29,4371.5,4379.0,4325.10009765625,4325.10009765625,2044,-4.504206036549451,1.0,0.0,0.0,0.0,0.0,0.0,0.0,3.72,326.031,4.4,31422.526,21445.9,4.09,4423.300013950893,4307.3800048828125,80.58966609083592,-0.8322970949761532
2025-12-30,4346.39990234375,4403.60009765625,4338.0,4370.10009765625,1837,1.0404383478751278,0.0,0.0,0.0,0.0,0.0,0.0,0.0,3.72,326.031,4.4,31422.526,21445.9,4.09,4427.671456473215,4313.92001953125,75.98485361274369,-1.6761912964742498
2025-12-31,4333.5,4363.7998046875,4285.0,4325.60009765625,785,-1.0182833117224457,0.0,0.0,0.0,0.0,0.0,0.0,0.0,3.72,326.031,4.4,31422.526,21445.9,4.09,4422.557198660715,4320.87001953125,82.14392029085083,-3.50673047827994
2026-01-02,4350.60009765625,4350.60009765625,4314.39990234375,4314.39990234375,589,-0.2589281269567367,1.0,0.0,0.0,0.0,0.0,0.0,0.0,3.64,326.588,4.3,31865.721,21478.7,4.09,4403.957170758928,4326.625024414063,90.62388015798557,-3.709328922244981
2026-01-05,4386.7001953125,4443.5,4384.7998046875,4436.89990234375,618,2.8393288237711367,1.0,0.0,0.0,0.0,0.0,0.0,0.0,3.64,326.588,4.3,31865.721,21478.7,4.09,4397.400041852678,4337.880029296875,85.48315330359489,-2.035728805380399
2026-01-06,4449.7001953125,4482.2001953125,4449.0,4482.2001953125,459,1.0209897443217208,0.0,0.0,0.0,0.0,0.0,0.0,0.0,3.64,326.588,4.3,31865.721,21478.7,4.09,4397.628627232143,4351.345043945313,85.7444536345426,3.632288134588646
2026-01-07,4450.0,4450.0,4449.2998046875,4449.2998046875,972,-0.734023229471259,1.0,0.0,0.0,0.0,0.0,0.0,0.0,3.64,326.588,4.3,31865.721,21478.7,4.09,4386.228585379465,4364.450024414063,69.02669089920035,1.8123087632186285
2026-01-08,4460.2001953125,4461.2998046875,4418.0,4449.7001953125,2423,0.0089989580962512,1.0,0.0,0.0,0.0,0.0,0.0,0.0,3.64,326.588,4.3,31865.721,21478.7,4.09,4404.028599330357,4376.600024414062,66.66105074500027,2.868968347848222
2026-01-09,4473.0,4490.2998046875,4473.0,4490.2998046875,237,0.9124122433634918,1.0,0.0,0.0,0.0,0.0,0.0,0.0,3.64,326.588,4.3,31865.721,21478.7,4.09,4421.199986049107,4391.29501953125,71.7516040628796,4.077042145495002
2026-01-12,4579.10009765625,4620.0,4577.7998046875,4604.2998046875,156,2.538805980861092,0.0,0.0,0.0,0.0,0.0,0.0,0.0,3.64,326.588,4.3,31865.721,21478.7,4.09,4461.014229910715,4407.235009765625,85.80961769946224,3.7729023874377488
2026-01-13,4578.60009765625,4617.10009765625,4578.60009765625,4589.2001953125,239,-0.3279458335799012,1.0,0.0,0.0,0.0,0.0,0.0,0.0,3.64,326.588,4.3,31865.721,21478.7,4.09,4500.271414620535,4421.690014648438,68.71164112562411,2.3872204573080147
2026-01-14,4610.2998046875,4635.0,4608.2001953125,4626.2998046875,1313,0.808411221913885,0.0,0.0,0.0,0.0,0.0,0.0,0.0,3.64,326.588,4.3,31865.721,21478.7,4.09,4527.328543526785,4437.669995117188,76.45295581722218,3.978154041530857
2026-01-15,4612.89990234375,4616.2998046875,4612.89990234375,4616.2998046875,4358,-0.2161554681317401,0.0,0.0,0.0,0.0,0.0,0.0,0.0,3.64,326.588,4.3,31865.721,21478.7,4.09,4546.485630580357,4453.259985351562,79.97987906183495,3.744063691088728
2026-01-16,4608.0,4608.0,4588.39990234375,4588.39990234375,352,-0.604378041378939,1.0,0.0,0.0,0.0,0.0,0.0,0.0,3.64,326.588,4.3,31865.721,21478.7,4.09,4566.357073102678,4465.30498046875,68.22546953060632,2.1847115320416277
2026-01-20,4662.2001953125,4764.0,4661.7998046875,4759.60009765625,175,3.731152448701147,1.0,0.0,0.0,0.0,0.0,0.0,0.0,3.64,326.588,4.3,31865.721,21478.7,4.09,4610.628487723215,4486.309985351562,79.52213579812332,3.3729405024981896
2026-01-21,4863.5,4872.2998046875,4771.5,4831.7998046875,1706,1.516928009704066,1.0,0.0,0.0,0.0,0.0,0.0,0.0,3.64,326.588,4.3,31865.721,21478.7,4.09,4659.414202008928,4509.82998046875,96.36740333173857,5.2863156770279085
2026-01-22,4791.89990234375,4908.7998046875,4791.89990234375,4908.7998046875,1175,1.5936090714126827,1.0,0.0,0.0,0.0,0.0,0.0,0.0,3.64,326.588,4.3,31865.721,21478.7,4.09,4702.914202008928,4533.039965820312,130.14728232574708,6.1063919747216255
2026-01-23,4949.60009765625,4976.2001953125,4936.0,4976.2001953125,169,1.3730523408316264,1.0,0.0,0.0,0.0,0.0,0.0,0.0,3.64,326.588,4.3,31865.721,21478.7,4.09,4758.199916294643,4557.709985351563,153.8336103116312,7.79629586145052
2026-01-26,5081.5,5095.60009765625,5052.2001953125,5079.7001953125,180,2.079900243914934,1.0,0.0,0.0,0.0,0.0,0.0,0.0,3.64,326.588,4.3,31865.721,21478.7,4.09,4822.971400669643,4587.664990234375,181.92766493795833,10.707442756194684
2026-01-27,5079.89990234375,5079.89990234375,5079.89990234375,5079.89990234375,34,0.0039314727950712,1.0,0.0,0.0,0.0,0.0,0.0,0.0,3.64,326.588,4.3,31865.721,21478.7,4.09,4889.199986049107,4615.20498046875,178.50377183494618,6.729552864015265
2026-01-28,5301.60009765625,5301.60009765625,5301.60009765625,5301.60009765625,112054,4.364263067668173,1.0,0.0,0.0,0.0,0.0,0.0,0.0,3.64,326.588,4.3,31865.721,21478.7,4.09,4991.085728236607,4664.02998046875,181.7093878626778,9.7230910211342
2026-01-29,5415.7001953125,5586.2001953125,5097.5,5318.39990234375,23709,0.3168817786714406,0.0,0.0,0.0,0.0,0.0,0.0,0.0,3.64,326.588,4.3,31865.721,21478.7,4.09,5070.914271763393,4711.444970703125,185.7644595985205,8.344200496119548
2026-01-30,5376.39990234375,5440.5,4700.0,4713.89990234375,8374,-11.366200569716556,0.0,0.0,0.0,0.0,0.0,0.0,0.0,3.64,326.588,4.3,31865.721,21478.7,4.09,5054.071428571428,4730.8599609375,214.22276907430327,-5.271096070769676
2026-02-02,4807.7001953125,4855.7998046875,4400.0,4622.5,3588,-1.9389444883695093,1.0,0.0,0.0,0.0,0.0,0.0,0.0,3.64,327.46,4.4,31865.721,21611.4,4.09,5013.171456473215,4746.264965820313,267.3290007864954,-9.000535026346634
2026-02-03,4680.0,4984.60009765625,4674.2998046875,4903.7001953125,1213,6.083292489183334,1.0,0.0,0.0,0.0,0.0,0.0,0.0,3.64,327.46,4.4,31865.721,21611.4,4.09,5002.814313616072,4769.60498046875,270.3870552806957,-3.4685665154534973
2026-02-04,4923.2998046875,5082.2001953125,4897.89990234375,4920.39990234375,3886,0.3405531815997564,0.0,0.0,0.0,0.0,0.0,0.0,0.0,3.64,327.46,4.4,31865.721,21611.4,4.09,4980.05712890625,4791.514965820313,269.5398635235924,-7.190285730548074
2026-02-05,5008.7001953125,5012.2998046875,4786.0,4861.39990234375,793,-1.19908952871689,1.0,0.0,0.0,0.0,0.0,0.0,0.0,3.64,327.46,4.4,31865.721,21611.4,4.09,4948.842843191965,4812.119970703125,268.70090706618333,-8.592810025410202
2026-02-06,4762.0,4958.5,4655.0,4951.2001953125,1386,1.8472105725236831,1.0,0.0,0.0,0.0,0.0,0.0,0.0,3.64,327.46,4.4,31865.721,21611.4,4.09,4898.785714285715,4837.194970703125,220.3137642093707,5.03405455959649
2026-02-09,5017.39990234375,5065.7001953125,4979.10009765625,5050.89990234375,170,2.0136472592168664,0.0,0.0,0.0,0.0,0.0,0.0,0.0,3.64,327.46,4.4,31865.721,21611.4,4.09,4860.571428571428,4865.2249755859375,146.0988627385511,9.267710164277986
2026-02-10,5013.5,5029.0,5002.7001953125,5003.7998046875,281,-0.9325090294185824,1.0,0.0,0.0,0.0,0.0,0.0,0.0,3.64,327.46,4.4,31865.721,21611.4,4.09,4901.985700334822,4885.199975585938,138.48291347072256,2.0413076939468366
2026-02-11,5049.89990234375,5111.2998046875,5041.2998046875,5071.60009765625,2681,1.3549761304446184,0.0,0.0,0.0,0.0,0.0,0.0,0.0,3.64,327.46,4.4,31865.721,21611.4,4.09,4966.142857142857,4909.319970703125,78.43139851623464,3.0729249311723272
2026-02-12,5060.39990234375,5078.10009765625,4892.0,4923.7001953125,484,-2.9162374693560533,1.0,0.0,0.0,0.0,0.0,0.0,0.0,3.64,327.46,4.4,31865.721,21611.4,4.09,4969.0,4924.189990234375,76.1074419367314,1.2815298930399566
2026-02-13,4953.0,5043.89990234375,4946.2001953125,5022.0,232,1.996462026284296,0.0,0.0,0.0,0.0,0.0,0.0,0.0,3.64,327.46,4.4,31865.721,21611.4,4.09,4983.514299665178,4944.475,74.97380937514991,1.429952373053478
2026-02-17,5020.0,5020.0,4847.7998046875,4882.89990234375,540,-2.7698147681451624,1.0,0.0,0.0,0.0,0.0,0.0,0.0,3.64,327.46,4.4,31865.721,21611.4,4.09,4986.585728236607,4959.2,69.36825373110895,-3.32613996016915
2026-02-18,4872.2001953125,4987.0,4869.5,4986.5,544,2.1216920217128177,0.0,0.0,0.0,0.0,0.0,0.0,0.0,3.64,327.46,4.4,31865.721,21611.4,4.09,4991.628557477678,4970.544995117188,67.62838195603338,-0.34573334990928295
2026-02-19,5014.7001953125,5014.7001953125,4975.89990234375,4975.89990234375,37,-0.2125759080768063,1.0,0.0,0.0,0.0,0.0,0.0,0.0,3.64,327.46,4.4,31865.721,21611.4,4.09,4980.914271763393,4977.75,62.41302630789981,-1.8869822831008687
2026-02-20,5039.5,5072.7001953125,5039.5,5059.2998046875,134,1.6760767696405443,1.0,0.0,0.0,0.0,0.0,0.0,0.0,3.64,327.46,4.4,31865.721,21611.4,4.09,4988.842843191965,4985.275,68.98408458689912,2.754018400716074
2026-02-23,5120.2998046875,5211.60009765625,5120.2998046875,5204.7001953125,779,2.8739231956620648,0.0,0.0,0.0,0.0,0.0,0.0,0.0,3.64,327.46,4.4,31865.721,21611.4,4.09,5007.857142857143,4996.7,104.69610921891886,3.6379967206790154
2026-02-24,5158.7998046875,5159.0,5112.7001953125,5155.7998046875,88,-0.939542889887124,1.0,0.0,0.0,0.0,0.0,0.0,0.0,3.64,327.46,4.4,31865.721,21611.4,4.09,5041.014229910715,5000.50498046875,110.20930400058124,5.588889958869747
2026-02-25,5166.0,5206.39990234375,5166.0,5206.39990234375,1772,0.981420915727682,0.0,0.0,0.0,0.0,0.0,0.0,0.0,3.64,327.46,4.4,31865.721,21611.4,4.09,5067.357073102678,5006.82998046875,125.83706801835255,4.409904789807473
2026-02-26,5177.2001953125,5199.2001953125,5143.89990234375,5176.5,1520,-0.5742913127032345,1.0,0.0,0.0,0.0,0.0,0.0,0.0,3.64,327.46,4.4,31865.721,21611.4,4.09,5109.299944196428,5000.574975585938,100.48474653975617,4.031433541534124
2026-02-27,5186.7001953125,5280.0,5176.7001953125,5230.5,354,1.0431758910460776,1.0,0.0,0.0,0.0,0.0,0.0,0.0,3.64,327.46,4.4,31865.721,21611.4,4.09,5144.157087053572,4996.17998046875,92.81486060787716,3.383871324523624
2026-03-02,5346.60009765625,5405.0,5266.2998046875,5294.39990234375,72,1.2216786606203955,0.0,0.0,0.0,0.0,0.0,0.0,0.0,3.64,330.293,4.3,31865.721,21814.7,4.09,5189.657087053572,5025.20498046875,72.40886621333837,1.723436579729154
2026-03-03,5298.7001953125,5303.7998046875,5023.0,5107.39990234375,1776,-3.532033912232768,1.0,0.0,0.0,0.0,0.0,0.0,0.0,3.64,330.293,4.3,31865.721,21814.7,4.09,5196.528529575893,5049.449975585938,59.02113993020159,-0.9387467352736656
2026-03-04,5130.7001953125,5180.2001953125,5117.2001953125,5120.2001953125,679,0.2506224931178025,0.0,0.0,0.0,0.0,0.0,0.0,0.0,3.64,330.293,4.3,31865.721,21814.7,4.09,5184.457101004465,5060.274975585938,65.37095752726506,-1.6556489829458898
2026-03-05,5169.5,5169.5,5054.7001953125,5065.2998046875,1701,-1.0722313294558417,1.0,0.0,0.0,0.0,0.0,0.0,0.0,3.64,330.293,4.3,31865.721,21814.7,4.09,5171.528529575893,5067.519970703125,79.42224441476537,-2.1481733857335983
2026-03-06,5121.0,5146.10009765625,5076.10009765625,5146.10009765625,148,1.5951729627923683,0.0,0.0,0.0,0.0,0.0,0.0,0.0,3.64,330.293,4.3,31865.721,21814.7,4.09,5162.914271763393,5081.75498046875,78.27144210462605,-1.6136105982936577
2026-03-09,5155.0,5160.60009765625,5077.7001953125,5091.5,639,-1.0609995262454652,1.0,0.0,0.0,0.0,0.0,0.0,0.0,3.64,330.293,4.3,31865.721,21814.7,4.09,5150.771414620535,5088.769970703125,82.3020810160751,-3.8323493896622596
2026-03-10,5138.2001953125,5229.7001953125,5137.60009765625,5229.7001953125,4300,2.714331637287626,0.0,0.0,0.0,0.0,0.0,0.0,0.0,3.64,330.293,4.3,31865.721,21814.7,4.09,5150.657156808035,5097.709985351563,82.17340298461863,2.394570531135165
2026-03-11,5190.7998046875,5191.2998046875,5167.39990234375,5167.39990234375,633,-1.1912784794927855,0.0,0.0,0.0,0.0,0.0,0.0,0.0,3.64,330.293,4.3,31865.721,21814.7,4.09,5132.514299665178,5105.889990234375,54.511480022130804,0.9218332336782709
2026-03-12,5137.2001953125,5137.2001953125,5115.7998046875,5115.7998046875,410,-0.9985698539191068,0.0,0.0,0.0,0.0,0.0,0.0,0.0,3.64,330.293,4.3,31865.721,21814.7,4.09,5133.714285714285,5108.0999755859375,53.95610924497339,0.9969794868462944
2026-03-13,5089.60009765625,5117.0,5009.5,5052.5,479,-1.2373393624492413,0.0,0.0,0.0,0.0,0.0,0.0,0.0,3.64,330.293,4.3,31865.721,21814.7,4.09,5124.042829241072,5114.539965820312,62.21728112246775,-1.8188549752244265
2026-03-16,5001.60009765625,5010.60009765625,4994.0,4994.0,130,-1.1578426521523966,1.0,0.0,0.0,0.0,0.0,0.0,0.0,3.64,330.293,4.3,31865.721,21814.7,4.09,5113.857142857143,5113.139965820313,77.41672674038303,-1.9149562997152092
2026-03-17,5017.60009765625,5017.60009765625,4994.2001953125,5001.0,239,0.1401682018422168,0.0,0.0,0.0,0.0,0.0,0.0,0.0,3.64,330.293,4.3,31865.721,21814.7,4.09,5093.128557477678,5119.044970703125,86.26461641564767,-4.373103366756837
2026-03-18,4949.60009765625,4949.60009765625,4821.7001953125,4889.89990234375,1461,-2.221557641596683,0.0,0.0,0.0,0.0,0.0,0.0,0.0,3.64,330.293,4.3,31865.721,21814.7,4.09,5064.328543526785,5114.2149658203125,115.57295871376093,-5.370205620705604
2026-03-19,4830.2998046875,4830.2998046875,4554.0,4600.7001953125,627,-5.9142255016843,0.0,0.0,0.0,0.0,0.0,0.0,0.0,3.64,330.293,4.3,31865.721,21814.7,4.09,4974.471400669643,5095.45498046875,187.6281659344424,-10.068799191536481
2026-03-20,4686.89990234375,4686.89990234375,4570.39990234375,4570.39990234375,235,-0.6586017710874081,0.0,0.0,0.0,0.0,0.0,0.0,0.0,3.64,330.293,4.3,31865.721,21814.7,4.09,4889.185686383928,5071.009985351562,218.46539370652124,-9.541812917491344
2026-03-23,4353.0,4480.39990234375,4100.7998046875,4404.10009765625,544,-3.6386269963426976,0.0,0.0,0.0,0.0,0.0,0.0,0.0,3.64,330.293,4.3,31865.721,21814.7,4.09,4787.514299665178,5030.97998046875,257.5387812607516,-11.812172654059871
2026-03-24,4338.7001953125,4399.2998046875,4325.2001953125,4399.2998046875,378,-0.1089960005973611,1.0,0.0,0.0,0.0,0.0,0.0,0.0,3.64,330.293,4.3,31865.721,21814.7,4.09,4694.199986049107,4993.15498046875,263.78573627377904,-12.031597586732657
2026-03-25,4549.0,4551.89990234375,4541.7998046875,4549.7998046875,388,3.420998947142473,0.0,0.0,0.0,0.0,0.0,0.0,0.0,3.64,330.293,4.3,31865.721,21814.7,4.09,4630.742815290178,4960.324975585938,231.04154184049756,-6.955154593108103
2026-03-26,4441.5,4443.10009765625,4375.5,4375.5,1070,-3.830933495313904,1.0,0.0,0.0,0.0,0.0,0.0,0.0,3.64,330.293,4.3,31865.721,21814.7,4.09,4541.385672433035,4920.274975585938,179.093450190614,-4.894911334191021
2026-03-27,4492.0,4492.0,4492.0,4492.0,74348,2.6625528511027285,1.0,0.0,0.0,0.0,0.0,0.0,0.0,3.64,330.293,4.3,31865.721,21814.7,4.09,4484.542829241072,4883.3499755859375,92.01974230515495,-1.715383861782982
2026-03-30,4482.7998046875,4579.10009765625,4413.39990234375,4526.0,10816,0.756901157613532,1.0,0.0,0.0,0.0,0.0,0.0,0.0,3.64,330.293,4.3,31865.721,21814.7,4.09,4473.871372767857,4844.92998046875,79.82773251958122,2.7678731100735376
2026-03-31,4510.0,4684.10009765625,4508.60009765625,4647.60009765625,4264,2.686701229700628,1.0,0.0,0.0,0.0,0.0,0.0,0.0,3.64,330.293,4.3,31865.721,21814.7,4.09,4484.899972098215,4821.939990234375,98.52859490375022,5.644086649975155
2026-04-01,4668.39990234375,4789.10009765625,4668.0,4783.2001953125,1637,2.9176369482527558,0.0,0.0,0.0,0.0,0.0,0.0,0.0,3.64,332.407,4.3,32486.066,21949.5,4.33,4539.05712890625,4805.089990234375,141.52192062680209,5.129904625353743
2026-04-02,4764.89990234375,4784.39990234375,4558.89990234375,4651.5,0,-2.753390824861668,1.0,0.0,0.0,0.0,0.0,0.0,0.0,3.64,332.407,4.3,32486.066,21949.5,4.33,4575.085728236607,4784.4,131.77986309654543,6.307850531367842
2026-04-06,4656.10009765625,4689.60009765625,4605.0,4656.7998046875,148,0.1139375403095721,1.0,0.0,0.0,0.0,0.0,0.0,0.0,3.64,332.407,4.3,32486.066,21949.5,4.33,4590.371442522322,4759.934985351562,134.53489933742503,3.6687400865427433
2026-04-07,4624.89990234375,4676.2998046875,4608.0,4657.10009765625,327,0.0064484835368583,1.0,0.0,0.0,0.0,0.0,0.0,0.0,3.64,332.407,4.3,32486.066,21949.5,4.33,4630.600027901785,4738.214990234375,96.22234483330746,2.896599594702831
2026-04-08,4760.0,4851.0,4738.7998046875,4749.5,405,1.9840651995058467,1.0,0.0,0.0,0.0,0.0,0.0,0.0,3.64,332.407,4.3,32486.066,21949.5,4.33,4667.3857421875,4714.20498046875,82.67138972394606,2.1925273302911163
2026-04-09,4711.0,4799.10009765625,4711.0,4792.2001953125,1277,0.8990461166964892,0.0,0.0,0.0,0.0,0.0,0.0,0.0,3.64,332.407,4.3,32486.066,21949.5,4.33,4705.414341517857,4695.444995117187,66.42395541659548,0.18815854725922065
2026-04-10,4745.89990234375,4791.0,4744.89990234375,4761.89990234375,812,-0.6322835385380698,0.0,0.0,0.0,0.0,0.0,0.0,0.0,3.64,332.407,4.3,32486.066,21949.5,4.33,4721.742885044643,4677.75,63.84177520988869,2.3734258270181607
2026-04-13,4704.0,4742.39990234375,4704.0,4742.39990234375,32,-0.4095004178983785,1.0,0.0,0.0,0.0,0.0,0.0,0.0,3.64,332.407,4.3,32486.066,21949.5,4.33,4715.914271763393,4662.2449951171875,58.97250181307488,1.8381743095351677
2026-04-14,4770.10009765625,4841.60009765625,4770.10009765625,4825.0,288,1.7417362381318302,0.0,0.0,0.0,0.0,0.0,0.0,0.0,3.64,332.407,4.3,32486.066,21949.5,4.33,4740.699986049107,4653.794995117188,63.66149030888779,3.6052457285220996
2026-04-15,4843.60009765625,4843.60009765625,4798.0,4800.0,182,-0.5181347150259086,0.0,0.0,0.0,0.0,0.0,0.0,0.0,3.64,332.407,4.3,32486.066,21949.5,4.33,4761.157156808035,4643.7449951171875,54.565698113892694,1.0632698178755673
2026-04-16,4810.89990234375,4810.89990234375,4785.39990234375,4785.39990234375,805,-0.3041687011718696,1.0,0.0,0.0,0.0,0.0,0.0,0.0,3.64,332.407,4.3,32486.066,21949.5,4.33,4779.485700334822,4638.519995117187,29.644513435705313,-0.14190335736394832
2026-04-17,4771.60009765625,4879.7001953125,4767.2001953125,4857.60009765625,1902,1.5087599111024863,0.0,0.0,0.0,0.0,0.0,0.0,0.0,3.64,332.407,4.3,32486.066,21949.5,4.33,4794.928571428572,4651.364990234375,38.310407706941014,2.009706152483326
2026-04-20,4793.89990234375,4811.0,4770.0,4806.60009765625,724,-1.0499011646637355,0.0,0.0,0.0,0.0,0.0,0.0,0.0,3.64,332.407,4.3,32486.066,21949.5,4.33,4796.985700334822,4663.175,38.52549386429403,1.3537490855794587
2026-04-21,4698.39990234375,4705.0,4676.39990234375,4698.39990234375,1197,-2.2510754611198003,1.0,0.0,0.0,0.0,0.0,0.0,0.0,3.64,332.407,4.3,32486.066,21949.5,4.33,4787.914271763393,4677.889990234375,52.94241005644146,-2.623836220854925
2026-04-22,4754.2001953125,4754.2001953125,4732.5,4732.5,765,0.7257810821773569,0.0,0.0,0.0,0.0,0.0,0.0,0.0,3.64,332.407,4.3,32486.066,21949.5,4.33,4786.5,4694.55,54.47105536362192,-1.4062499999999978
2026-04-23,4711.5,4732.39990234375,4705.10009765625,4705.10009765625,292,-0.5789731081616512,1.0,0.0,0.0,0.0,0.0,0.0,0.0,3.64,332.407,4.3,32486.066,21949.5,4.33,4769.371442522322,4702.315014648438,59.009260526447065,-1.6780165989507267
2026-04-24,4695.0,4722.2998046875,4657.5,4722.2998046875,45,0.3655545402704074,0.0,0.0,0.0,0.0,0.0,0.0,0.0,3.64,332.407,4.3,32486.066,21949.5,4.33,4758.271414620535,4719.655004882812,59.592663399971975,-2.7853320621026634
2026-04-27,4707.60009765625,4711.10009765625,4675.39990234375,4675.39990234375,538,-0.9931580857529544,0.0,0.0,0.0,0.0,0.0,0.0,0.0,3.64,332.407,4.3,32486.066,21949.5,4.33,4742.55712890625,4728.825,65.4610246112585,-2.729584168578425
2026-04-28,4680.89990234375,4680.89990234375,4591.5,4591.5,2660,-1.794496815164226,0.0,0.0,0.0,0.0,0.0,0.0,0.0,3.64,332.407,4.3,32486.066,21949.5,4.33,4704.542829241072,4732.1,64.77993148638028,-2.275240604581663
2026-04-29,4598.60009765625,4601.60009765625,4515.7001953125,4545.2001953125,507,-1.0083808055646348,1.0,0.0,0.0,0.0,0.0,0.0,0.0,3.64,332.407,4.3,32486.066,21949.5,4.33,4667.199986049107,4726.980004882813,71.17069917645006,-3.9577349115161087
2026-04-30,4561.89990234375,4636.7001953125,4561.89990234375,4614.7001953125,77,1.529085563088639,1.0,0.0,0.0,0.0,0.0,0.0,0.0,3.64,332.407,4.3,32486.066,21949.5,4.33,4655.242885044643,4718.555004882813,72.0805081455984,-1.921317303935377
2026-05-01,4636.7001953125,4636.7001953125,4581.7001953125,4629.89990234375,113,0.3293758291533111,0.0,0.0,0.0,0.0,0.0,0.0,0.0,3.63,333.979,4.3,32486.066,22136.8,4.39,4640.585728236607,4717.475,63.69638551787488,-1.9566716677334006
2026-05-04,4581.2001953125,4581.2001953125,4512.7001953125,4519.5,20,-2.384498686199743,1.0,0.0,0.0,0.0,0.0,0.0,0.0,3.63,333.979,4.3,32486.066,22136.8,4.39,4614.071428571428,4710.610009765625,70.61865934024394,-3.3344720366186964
2026-05-05,4547.60009765625,4580.5,4547.60009765625,4555.7998046875,426,0.8031818716119021,1.0,0.0,0.0,0.0,0.0,0.0,0.0,3.63,333.979,4.3,32486.066,22136.8,4.39,4590.285714285715,4705.544995117188,54.227682977817935,-0.7775279388544054
2026-05-06,4663.60009765625,4712.60009765625,4663.60009765625,4681.89990234375,212,2.7679025212324904,1.0,0.0,0.0,0.0,0.0,0.0,0.0,3.63,333.979,4.3,32486.066,22136.8,4.39,4591.214285714285,4702.164990234375,55.956155957626365,3.0075618489198597
2026-05-07,4704.7998046875,4736.2001953125,4699.7998046875,4699.7998046875,254,0.3823213378566503,1.0,0.0,0.0,0.0,0.0,0.0,0.0,3.63,333.979,4.3,32486.066,22136.8,4.39,4606.685686383928,4697.544970703125,69.40428897000395,1.8440983330063832
2026-05-08,4714.39990234375,4724.7998046875,4713.60009765625,4720.39990234375,120,0.4383186202038702,0.0,0.0,0.0,0.0,0.0,0.0,0.0,3.63,333.979,4.3,32486.066,22136.8,4.39,4631.714215959822,4695.469970703125,74.90794151772218,1.9546858875758133
2026-05-11,4729.5,4729.5,4718.7001953125,4718.7001953125,36,-0.0360076914332263,0.0,0.0,0.0,0.0,0.0,0.0,0.0,3.63,333.979,4.3,32486.066,22136.8,4.39,4646.571358816965,4694.284985351563,81.03408651379358,4.407571530313081
2026-05-12,4762.2001953125,4765.2001953125,4677.60009765625,4677.60009765625,93,-0.8710046401565918,1.0,0.0,0.0,0.0,0.0,0.0,0.0,3.63,333.979,4.3,32486.066,22136.8,4.39,4653.385672433035,4686.914990234375,81.40325561196482,2.673521624971942
2026-05-13,4722.7001953125,4722.7001953125,4679.5,4697.7001953125,228,0.4297096211008044,0.0,0.0,0.0,0.0,0.0,0.0,0.0,3.63,333.979,4.3,32486.066,22136.8,4.39,4678.842843191965,4681.8,56.65814298522631,0.3374760951390776
2026-05-14,4678.10009765625,4678.10009765625,4650.2998046875,4678.10009765625,5,-0.417227512215601,0.0,0.0,0.0,0.0,0.0,0.0,0.0,3.63,333.979,4.3,32486.066,22136.8,4.39,4696.314313616072,4676.435009765625,18.189133176448703,-0.46171556093957955
2026-05-15,4615.2001953125,4615.2001953125,4524.2998046875,4555.7998046875,607,-2.614315436089598,0.0,0.0,0.0,0.0,0.0,0.0,0.0,3.63,333.979,4.3,32486.066,22136.8,4.39,4678.300013950893,4661.344995117188,56.64217276668304,-3.486994768695839
2026-05-18,4563.0,4570.2998046875,4538.7001953125,4552.5,38,-0.0724308536144358,0.0,0.0,0.0,0.0,0.0,0.0,0.0,3.63,333.979,4.3,32486.066,22136.8,4.39,4657.257184709822,4648.639990234375,72.47276762737421,-3.5221605194922345
2026-05-19,4551.7001953125,4552.60009765625,4506.2001953125,4506.2998046875,875,-1.014831308347064,1.0,0.0,0.0,0.0,0.0,0.0,0.0,3.63,333.979,4.3,32486.066,22136.8,4.39,4626.671456473215,4639.034985351563,85.40738909884331,-3.6621406146836177
2026-05-20,4502.60009765625,4531.2998046875,4465.10009765625,4531.2998046875,981,0.5547788891896444,1.0,0.0,0.0,0.0,0.0,0.0,0.0,3.63,333.979,4.3,32486.066,22136.8,4.39,4599.899972098215,4628.9749755859375,81.01029691607735,-3.5421670968070473
2026-05-21,4507.2001953125,4539.7998046875,4503.7998046875,4539.7998046875,426,0.1875841450880599,0.0,0.0,0.0,0.0,0.0,0.0,0.0,3.63,333.979,4.3,32486.066,22136.8,4.39,4580.214215959822,4620.7099609375,75.5403058930183,-2.956334624777246
2026-05-22,4519.5,4530.2998046875,4519.10009765625,4521.0,40,-0.41411087484714,0.0,0.0,0.0,0.0,0.0,0.0,0.0,3.63,333.979,4.3,32486.066,22136.8,4.39,4554.971330915178,4610.644970703125,56.98095031982524,-0.7638571969666885
2026-05-26,4572.7998046875,4572.7998046875,4500.39990234375,4500.39990234375,1261,-0.4556535646151327,0.0,0.0,0.0,0.0,0.0,0.0,0.0,3.63,333.979,4.3,32486.066,22136.8,4.39,4529.585588727678,4601.894970703125,21.553300089077116,-1.1444282845963771
2026-05-27,4439.7001953125,4447.5,4439.7001953125,4447.5,81062,-1.175448926576517,1.0,0.0,0.0,0.0,0.0,0.0,0.0,3.63,333.979,4.3,32486.066,22136.8,4.39,4514.114188058035,4594.694970703125,34.55087446070185,-1.304835613163946
2026-05-28,4453.60009765625,4512.60009765625,4363.5,4499.2998046875,16427,1.1646948777403132,1.0,0.0,0.0,0.0,0.0,0.0,0.0,3.63,333.979,4.3,32486.066,22136.8,4.39,4506.51416015625,4592.399951171875,30.28819897651164,-0.7061991344491703
2026-05-29,4494.0,4591.7998046875,4487.89990234375,4560.5,1883,1.3602159884686935,0.0,0.0,0.0,0.0,0.0,0.0,0.0,3.63,333.979,4.3,32486.066,22136.8,4.39,4514.257045200893,4589.68994140625,36.51257558958533,0.4559715450696
2026-06-01,4523.5,4541.39990234375,4449.7001953125,4475.2001953125,835,-1.8704046636881968,1.0,0.0,0.0,0.0,0.0,0.0,0.0,3.63,332.568,4.2,32486.066,22214.2,4.47,4506.242815290178,4581.9549560546875,38.26311488009548,-1.0130458900132755
2026-06-02,4488.0,4529.5,4474.2001953125,4489.10009765625,456,0.3105984478260826,0.0,0.0,0.0,0.0,0.0,0.0,0.0,3.63,332.568,4.2,32486.066,22214.2,4.47,4499.0,4580.4349609375,35.55509428838349,-0.25108445766375276
2026-06-03,4471.2001953125,4471.7001953125,4427.2001953125,4436.7001953125,2913,-1.1672696354244283,1.0,0.0,0.0,0.0,0.0,0.0,0.0,3.63,332.568,4.2,32486.066,22214.2,4.47,4486.957170758928,4574.47998046875,40.75750624185228,-0.2428286607644714
2026-06-04,4447.39990234375,4509.89990234375,4447.39990234375,4475.7998046875,480,0.8812767970283408,0.0,0.0,0.0,0.0,0.0,0.0,0.0,3.63,332.568,4.2,32486.066,22214.2,4.47,4483.44287109375,4564.174975585937,40.46474506810667,-0.5223034921015279
2026-06-05,4472.2998046875,4472.2998046875,4319.10009765625,4337.10009765625,4062,-3.0988809393572514,0.0,0.0,0.0,0.0,0.0,0.0,0.0,3.63,332.568,4.2,32486.066,22214.2,4.47,4467.671456473215,4546.039990234375,68.56569633272392,-4.898583540044954
2026-06-08,4324.2001953125,4340.89990234375,4284.60009765625,4335.89990234375,357,-0.027672760265518,0.0,0.0,0.0,0.0,0.0,0.0,0.0,3.63,332.568,4.2,32486.066,22214.2,4.47,4444.32861328125,4526.814990234375,82.41834347854467,-3.112716457124276
2026-06-09,4332.7998046875,4344.5,4240.2001953125,4260.0,1292,-1.7504994131142817,0.0,0.0,0.0,0.0,0.0,0.0,0.0,3.63,332.568,4.2,32486.066,22214.2,4.47,4401.400041852678,4503.87998046875,89.75699686582193,-5.103474920861373
2026-06-10,4200.0,4206.7001953125,4100.0,4108.2001953125,525,-3.56337569688967,0.0,0.0,0.0,0.0,0.0,0.0,0.0,3.63,332.568,4.2,32486.066,22214.2,4.47,4348.971470424107,4475.409985351563,135.164290503834,-7.404151408451476
2026-06-11,4042.89990234375,4209.7998046875,4031.0,4090.300048828125,1938,-0.4357174829210941,1.0,0.0,0.0,0.0,0.0,0.0,0.0,3.63,332.568,4.2,32486.066,22214.2,4.47,4292.000034877232,4445.039978027344,149.53872044114226,-8.612980309254258
2026-06-12,4208.2998046875,4225.2998046875,4173.2001953125,4215.0,1167,3.0486749060769203,1.0,0.0,0.0,0.0,0.0,0.0,0.0,3.63,332.568,4.2,32486.066,22214.2,4.47,4260.328578404018,4421.884973144532,136.71154201590667,-2.815247398191989
2026-06-15,4271.2001953125,4362.0,4269.10009765625,4328.0,1666,2.680901542111513,1.0,0.0,0.0,0.0,0.0,0.0,0.0,3.63,332.568,4.2,32486.066,22214.2,4.47,4239.214320591518,4410.494982910156,105.80734307071602,-0.18219752581187798
2026-06-16,4309.5,4345.7998046875,4309.5,4330.89990234375,158,0.0670032889036553,1.0,0.0,0.0,0.0,0.0,0.0,0.0,3.63,332.568,4.2,32486.066,22214.2,4.47,4238.328578404018,4399.414978027344,104.87317091072823,1.6643169564260596
2026-06-17,4339.0,4377.0,4296.0,4358.89990234375,1961,0.6465169048318842,0.0,0.0,0.0,0.0,0.0,0.0,0.0,3.63,332.568,4.2,32486.066,22214.2,4.47,4241.614292689732,4392.044982910156,108.72902198729443,6.102421866327279
2026-06-18,4279.7998046875,4323.2001953125,4223.7001953125,4224.10009765625,738,-3.0925189315547,0.0,0.0,0.0,0.0,0.0,0.0,0.0,3.63,332.568,4.2,32486.066,22214.2,4.47,4236.485735212053,4376.684997558594,108.56380567485036,3.2711548598117757
2026-06-22,4138.7998046875,4216.39990234375,4134.7998046875,4181.89990234375,1197,-0.99903397970883,0.0,0.0,0.0,0.0,0.0,0.0,0.0,3.63,332.568,4.2,32486.066,22214.2,4.47,4247.014264787947,4358.790002441407,97.00780318530562,-0.7852929455812618
2026-06-23,4127.10009765625,4135.2001953125,4118.5,4129.89990234375,252,-1.24345396146035,0.0,0.0,0.0,0.0,0.0,0.0,0.0,3.63,332.568,4.2,32486.066,22214.2,4.47,4252.67138671875,4339.234997558594,86.98226876789657,-4.577174160264552
2026-06-24,4104.39990234375,4104.7001953125,3963.300048828125,3990.300048828125,353,-3.3802236571496835,1.0,0.0,0.0,0.0,0.0,0.0,0.0,3.63,332.568,4.2,32486.066,22214.2,4.47,4220.571393694197,4313.730004882813,132.6663793028898,-7.8644129671827105
2026-06-25,3988.39990234375,4030.5,3986.699951171875,4030.5,2724,1.0074418133964924,1.0,0.0,0.0,0.0,0.0,0.0,0.0,3.63,332.568,4.2,32486.066,22214.2,4.47,4178.071393694197,4292.8800048828125,139.96707257546504,-7.53400880270666
2026-06-26,4078.699951171875,4078.699951171875,4078.699951171875,4078.699951171875,1431,1.1958801928265703,0.0,0.0,0.0,0.0,0.0,0.0,0.0,3.63,332.568,4.2,32486.066,22214.2,4.47,4142.042829241072,4271.850012207031,125.8149545755722,-3.442156746357661
2026-06-29,4057.5,4070.0,4003.199951171875,4022.300048828125,785,-1.382791159412089,1.0,0.0,0.0,0.0,0.0,0.0,0.0,3.63,332.568,4.2,32486.066,22214.2,4.47,4093.9571358816966,4244.940014648438,87.65664334446815,-3.8164436558172254
2026-06-30,4002.60009765625,4049.699951171875,3962.5,4022.89990234375,1108,0.0149131966373339,1.0,0.0,0.0,0.0,0.0,0.0,0.0,3.63,332.568,4.2,32486.066,22214.2,4.47,4065.2142508370534,4222.325,68.83674961857201,-2.59086182547128
2026-07-01,4013.10009765625,4100.0,3963.0,4068.300048828125,770,1.128542782233399,1.0,0.0,0.0,0.0,0.0,0.0,0.0,3.63,332.813,4.1,32486.066,22250.4,4.48,4048.9857003348216,4201.284997558594,46.51417079803651,1.9547402211747666
2026-07-02,4067.5,4140.10009765625,4062.0,4112.7001953125,228,1.0913685311181531,1.0,0.0,0.0,0.0,0.0,0.0,0.0,3.63,332.813,4.1,32486.066,22250.4,4.48,4046.5285993303573,4185.084997558593,41.73642668834428,2.0394540457139287
2026-07-06,4175.39990234375,4199.7001953125,4134.2001953125,4155.10009765625,1024,1.0309504785220192,0.0,0.0,0.0,0.0,0.0,0.0,0.0,3.63,332.813,4.1,32486.066,22250.4,4.48,4070.071463448661,4169.050012207032,50.32863842977158,1.8731494691690775
2026-07-07,4126.5,4167.2001953125,4107.2001953125,4145.2998046875,53,-0.2358617780177652,0.0,0.0,0.0,0.0,0.0,0.0,0.0,3.63,332.813,4.1,32486.066,22250.4,4.48,4086.471435546875,4159.459997558593,53.86483096525432,3.057945811258178
2026-07-08,4116.2998046875,4120.2998046875,4053.0,4070.89990234375,292,-1.7948014823829794,1.0,0.0,0.0,0.0,0.0,0.0,0.0,3.63,332.813,4.1,32486.066,22250.4,4.48,4085.3571428571427,4146.209997558593,54.1324074669522,1.1931691358274987
2026-07-09,4066.39990234375,4130.60009765625,4064.199951171875,4130.60009765625,13,1.466511010946947,0.0,0.0,0.0,0.0,0.0,0.0,0.0,3.63,332.813,4.1,32486.066,22250.4,4.48,4100.828578404018,4139.740002441406,48.265025044732624,1.5313533436667415
2026-07-10,4122.2998046875,4125.7998046875,4090.60009765625,4104.10009765625,389,-0.6415532700693172,0.0,0.0,0.0,0.0,0.0,0.0,0.0,3.63,332.813,4.1,32486.066,22250.4,4.48,4112.428606305803,4139.534997558594,34.09050603386301,-0.20911073620324405
2026-07-13,4081.0,4081.0,3985.89990234375,3997.0,679,-2.6095878538004547,1.0,0.0,0.0,0.0,0.0,0.0,0.0,3.63,332.813,4.1,32486.066,22250.4,4.48,4102.242885044643,4134.8699951171875,54.19588968922116,-3.8049648369585354
2026-07-14,3995.699951171875,4091.199951171875,3986.5,4061.10009765625,1281,1.603705220321494,0.0,0.0,0.0,0.0,0.0,0.0,0.0,3.63,332.813,4.1,32486.066,22250.4,4.48,4094.8714425223216,4127.175,56.01513667046593,-2.0312091042495206
2026-07-15,4049.10009765625,4070.10009765625,4019.39990234375,4044.0,374,-0.4210705780465451,0.0,0.0,0.0,0.0,0.0,0.0,0.0,3.63,332.813,4.1,32486.066,22250.4,4.48,4079.0,4112.975,51.6773115402194,-0.6607851578041224
2026-07-16,4030.5,4030.5,3972.60009765625,3985.60009765625,812,-1.444112323040303,1.0,0.0,0.0,0.0,0.0,0.0,0.0,3.63,332.813,4.1,32486.066,22250.4,4.48,4056.1857561383927,4095.710009765625,52.76949365484268,-3.5103858173604063
2026-07-17,3975.5,4017.199951171875,3964.199951171875,4012.699951171875,141,0.6799441201228662,0.0,0.0,0.0,0.0,0.0,0.0,0.0,3.63,332.813,4.1,32486.066,22250.4,4.48,4047.8714773995534,4078.400012207031,54.617358782005525,-2.2270447676598137
2026-07-20,4003.39990234375,4018.89990234375,4002.699951171875,4010.300048828125,231,-0.0598076699716676,1.0,0.0,0.0,0.0,0.0,0.0,0.0,3.63,332.813,4.1,32486.066,22250.4,4.48,4030.6857561383927,4067.710009765625,41.63027706367439,0.33275078379095824
2026-07-21,4002.10009765625,4071.10009765625,3999.699951171875,4071.10009765625,87,1.5160972517727744,1.0,0.0,0.0,0.0,0.0,0.0,0.0,3.63,332.813,4.1,32486.066,22250.4,4.48,4025.9714704241073,4062.17001953125,32.87998844697541,0.2462386978782316
2026-07-22,4096.2001953125,4152.10009765625,4096.2001953125,4146.89990234375,133,1.861899802737299,0.0,0.0,0.0,0.0,0.0,0.0,0.0,3.63,332.813,4.1,32486.066,22250.4,4.48,4047.3857421875,4063.02001953125,53.32432863080216,2.544507970913701
2026-07-23,4129.89990234375,4130.89990234375,4046.60009765625,4046.60009765625,59,-2.418669537473339,1.0,0.0,0.0,0.0,0.0,0.0,0.0,3.63,332.813,4.1,32486.066,22250.4,4.48,4045.3143136160716,4065.8350219726562,52.98333404740761,1.5305097979064985
2026-07-24,4067.60009765625,4068.0,4067.60009765625,4067.60009765625,2,0.5189541712353307,1.0,0.0,0.0,0.0,0.0,0.0,0.0,3.63,332.813,4.1,32486.066,22250.4,4.48,4048.6857561383927,4067.6900268554687,53.63264630476206,1.3681597715359262
2026-07-27,4090.10009765625,4107.89990234375,4072.699951171875,4074.5,36,0.1696307940332042,0.0,0.0,1.0,0.0,0.0,1.0,0.7754,3.63,332.813,4.1,32486.066,22250.4,4.48,4061.3857421875,4067.480029296875,46.21744233944524,1.6008765027603067
2026-07-28,4025.699951171875,4036.300048828125,4025.699951171875,4036.300048828125,248,-0.937537149880352,0.0,0.0,0.0,0.0,0.0,0.0,0.0,3.63,332.813,4.1,32486.066,22250.4,4.48,4064.7571847098216,4068.180029296875,42.80913307954705,-0.8548070053143508
2026-07-29,4018.10009765625,4034.699951171875,4017.89990234375,4034.699951171875,89664,-0.0396426835689411,1.0,0.0,0.0,0.0,0.0,0.0,0.0,3.63,332.813,4.1,32486.066,22250.4,4.48,4068.2428850446427,4068.7700317382814,38.40255664640569,-2.705634421232639
2026-07-30,4060.699951171875,4118.5,4028.5,4100.10009765625,16985,1.6209420099598582,0.0,-1.0,1.0,0.0,1.0,0.0,0.9675,3.63,332.813,4.1,32486.066,22250.4,4.48,4072.3857421875,4070.3600341796873,40.28050317505374,1.3220975314804706
2026-07-31,4102.39990234375,4102.39990234375,4022.39990234375,4049.10009765625,1166,-1.2438720710539086,0.0,0.0,0.0,0.0,0.0,0.0,0.0,3.63,332.813,4.1,32486.066,22250.4,4.48,4058.4143415178573,4067.180029296875,23.659298865895195,-0.45481363840707
2026-08-03,4083.39990234375,4083.5,4026.5,4033.699951171875,698,-0.3803350402053262,1.0,0.0,0.0,0.0,0.0,0.0,0.0,3.63,332.813,4.1,32486.066,22250.4,4.48,4056.571463448661,4061.1100219726563,25.186060536405563,-1.0013510572616235
2026-08-04,4050.5,4095.39990234375,4048.800048828125,4095.39990234375,426,1.5296118183988794,1.0,1.0,1.0,1.0,0.0,0.0,0.908,3.63,332.813,4.1,32486.066,22250.4,4.48,4060.5428641183034,4058.615026855469,29.102229592863022,1.464208626729424
2026-08-05,4130.0,4262.2001953125,4129.5,4245.7998046875,1349,3.672410654150715,0.0,1.0,1.0,1.0,0.0,0.0,0.938,3.63,332.813,4.1,32486.066,22250.4,4.48,4085.0142647879466,4067.3600219726563,76.39265326320744,5.232107866021396
2026-08-06,4297.0,4297.0,4228.0,4242.0,3101,-0.0894956159568582,1.0,1.0,1.0,1.0,0.0,0.0,0.8197,3.63,332.813,4.1,32486.066,22250.4,4.48,4114.399972098215,4072.9300170898437,92.41377287339657,3.4608887335424887
2026-08-07,4277.0,4371.5,4274.0,4340.7001953125,422,2.326737277522395,1.0,1.0,4.0,4.0,0.0,0.0,0.76585,3.63,332.813,4.1,32486.066,22250.4,4.48,4158.114292689732,4084.7600219726564,117.42014124353443,7.201602593747625
2026-08-10,4336.10009765625,4390.10009765625,4336.10009765625,4361.7998046875,1303,0.4860876915154133,1.0,0.0,0.0,0.0,0.0,0.0,0.0,3.63,332.813,4.1,32486.066,22250.4,4.48,4195.499965122768,4103.000012207031,136.0534569372346,8.133967758814208
2026-08-11,4408.60009765625,4408.60009765625,4365.10009765625,4383.0,204,0.4860423738319408,1.0,0.0,2.0,1.0,1.0,0.0,0.9447,3.63,332.813,4.1,32486.066,22250.4,4.48,4243.199951171875,4119.095007324218,134.69693146009385,7.022515615426461
2026-08-12,4406.5,4434.0,4406.2998046875,4408.89990234375,660,0.5909172334873425,0.0,1.0,1.0,1.0,0.0,0.0,0.9055,3.63,332.813,4.1,32486.066,22250.4,4.48,4296.799944196428,4137.340002441406,109.78394624696118,3.841445785460307
2026-08-13,4403.5,4445.0,4350.0,4363.60009765625,1491,-1.0274627614797691,1.0,-1.0,1.0,0.0,1.0,0.0,0.9695,3.63,332.813,4.1,32486.066,22250.4,4.48,4335.1142578125,4156.240002441406,65.75138321769194,2.8665746736503905
2026-08-14,4322.10009765625,4397.10009765625,4315.0,4380.39990234375,673,0.384998723795138,1.0,-1.0,1.0,0.0,1.0,0.0,0.9724,3.63,332.813,4.1,32486.066,22250.4,4.48,4354.342843191965,4174.625,53.89034385361677,0.9145922373104964
2026-08-17,4394.7998046875,4428.5,4386.5,4417.7998046875,716,0.8538010952775954,0.0,1.0,2.0,2.0,0.0,0.0,0.8874500000000001,3.63,332.813,4.1,32486.066,22250.4,4.48,4379.457101004465,4194.999987792969,27.128720609505507,1.2838736876419343
2026-08-18,4415.2001953125,4434.10009765625,4330.7001953125,4366.0,1283,-1.1725249440352137,1.0,-1.0,1.0,0.0,1.0,0.0,0.9625,3.63,332.813,4.1,32486.066,22250.4,4.48,4383.071358816965,4209.744982910156,22.373200871183933,-0.3878621948437133
2026-08-19,4339.7998046875,4524.10009765625,4327.60009765625,4489.39990234375,1336,2.8263834709974844,1.0,0.0,0.0,0.0,0.0,0.0,0.0,3.63,332.813,4.1,32486.066,22250.4,4.48,4401.299944196428,4226.869982910156,43.83809527155176,1.8258522938388033
2026-08-20,4506.7998046875,4530.0,4486.0,4516.2998046875,478,0.5991870390006149,1.0,0.0,0.0,0.0,0.0,0.0,0.0,3.63,332.813,4.1,32486.066,22250.4,4.48,4420.3427734375,4250.354968261719,60.39087419893435,3.499397369462587
2026-08-21,4560.0,4624.10009765625,4560.0,4624.10009765625,311,2.386916228565328,1.0,0.0,0.0,0.0,0.0,0.0,0.0,3.63,332.813,4.1,32486.066,22250.4,4.48,4451.085658482143,4278.179968261718,97.17045086420062,5.56342344866978
2026-08-24,4638.0,4670.89990234375,4635.10009765625,4640.7998046875,311,0.3611450158640394,1.0,0.3611111111111111,36.0,20.0,7.0,9.0,0.8024527777777778,3.63,332.813,4.1,32486.066,22250.4,4.48,4490.685616629465,4306.494958496094,111.06545836235189,5.0477615523316866
