date,Open,High,Low,Close,Volume,daily_return,direction
2021-08-25 04:00:00,1792.0,1792.9000244140625,1784.0,1788.199951171875,812,0.0,0
2021-08-26 04:00:00,1787.4000244140625,1792.199951171875,1781.0,1792.199951171875,61,0.22368863154138552,1
2021-08-27 04:00:00,1803.4000244140625,1816.5999755859373,1803.0999755859373,1816.5999755859373,1219,1.361456594065169,1
2021-08-30 04:00:00,1818.199951171875,1820.300048828125,1807.800048828125,1809.0,684,-0.41836263833956444,0
2021-08-31 04:00:00,1815.9000244140625,1815.9000244140625,1801.0999755859375,1815.0,82,0.3316749585406287,1
2021-09-01 04:00:00,1813.5,1815.9000244140625,1809.5,1813.0999755859373,114,-0.10468454071971278,0
2021-09-02 04:00:00,1813.199951171875,1813.9000244140625,1806.800048828125,1808.699951171875,26,-0.2426796356136074,0
2021-09-03 04:00:00,1820.9000244140625,1833.9000244140625,1818.9000244140625,1830.9000244140625,53,1.227404978244384,1
2021-09-07 04:00:00,1825.699951171875,1825.699951171875,1792.699951171875,1795.9000244140625,48,-1.9116281355231801,0
2021-09-08 04:00:00,1781.699951171875,1790.699951171875,1781.699951171875,1790.699951171875,69,-0.2895524901996738,0
2021-09-09 04:00:00,1798.699951171875,1798.699951171875,1787.9000244140625,1797.4000244140625,49,0.37415945858505495,1
2021-09-10 04:00:00,1789.5999755859375,1789.5999755859375,1789.5999755859375,1789.5999755859375,0,-0.43396287538539635,0
2021-09-13 04:00:00,1789.800048828125,1796.0,1784.0,1792.0,533,0.13410954664752062,1
2021-09-14 04:00:00,1791.4000244140625,1806.199951171875,1783.0,1804.699951171875,764,0.7087026323590928,1
2021-09-15 04:00:00,1803.699951171875,1803.699951171875,1792.4000244140625,1792.4000244140625,59,-0.6815496808666444,0
2021-09-16 04:00:00,1792.9000244140625,1792.9000244140625,1743.9000244140625,1754.5999755859375,1645,-2.108906957891943,0
2021-09-17 04:00:00,1758.800048828125,1763.0,1749.4000244140625,1749.4000244140625,581,-0.29636106487113123,0
2021-09-20 04:00:00,1751.800048828125,1761.800048828125,1750.9000244140625,1761.800048828125,185,0.7088158363445674,1
2021-09-21 04:00:00,1762.199951171875,1776.0,1759.0,1776.0,106,0.805991076076995,1
2021-09-22 04:00:00,1776.699951171875,1784.300048828125,1767.0,1776.699951171875,17,0.0394116650830556,1
2021-09-23 04:00:00,1766.800048828125,1766.800048828125,1738.199951171875,1747.699951171875,31,-1.632239590082285,0
2021-09-24 04:00:00,1749.699951171875,1749.699951171875,1745.0,1749.699951171875,76,0.11443611923540598,1
2021-09-27 04:00:00,1751.699951171875,1754.4000244140625,1747.5,1750.0,808,0.017148587557769268,1
2021-09-28 04:00:00,1739.5999755859375,1741.699951171875,1726.800048828125,1735.800048828125,15748,-0.811425781249997,0
2021-09-29 04:00:00,1732.4000244140625,1744.0999755859375,1721.4000244140625,1721.5,6634,-0.8238304197409896,0
2021-09-30 04:00:00,1725.5,1760.300048828125,1724.5,1755.300048828125,997,1.9634068445033348,1
2021-10-01 04:00:00,1754.300048828125,1762.5999755859375,1748.5,1757.0,2220,0.09684675694106026,1
2021-10-04 04:00:00,1764.5,1768.9000244140625,1749.5,1766.199951171875,417,0.5236170274260044,1
2021-10-05 04:00:00,1764.300048828125,1764.300048828125,1749.0,1759.5999755859375,98,-0.3736822425772557,0
2021-10-06 04:00:00,1759.300048828125,1762.9000244140625,1744.699951171875,1760.5,56,0.05114937636678807,1
2021-10-07 04:00:00,1762.4000244140625,1762.4000244140625,1752.800048828125,1757.9000244140625,336,-0.14768392990273105,0
2021-10-08 04:00:00,1757.0,1780.0,1754.199951171875,1756.300048828125,254,-0.09101630147998474,0
2021-10-11 04:00:00,1756.5999755859375,1757.800048828125,1752.199951171875,1754.5999755859375,128,-0.09679856487631033,0
2021-10-12 04:00:00,1751.9000244140625,1768.0,1749.800048828125,1758.300048828125,139,0.21087845056830812,1
2021-10-13 04:00:00,1760.800048828125,1794.5,1760.800048828125,1793.699951171875,150,2.0133026992374514,1
2021-10-14 04:00:00,1792.199951171875,1799.9000244140625,1792.0,1796.699951171875,337,0.16725205339054305,1
2021-10-15 04:00:00,1794.5,1795.4000244140625,1766.5999755859375,1767.199951171875,874,-1.6418990817447798,0
2021-10-18 04:00:00,1761.5999755859375,1770.0999755859375,1759.5,1764.800048828125,266,-0.13580253565299572,0
2021-10-19 04:00:00,1777.5999755859375,1785.0,1767.5,1769.699951171875,51,0.2776463173266297,1
2021-10-20 04:00:00,1774.5999755859375,1785.5999755859375,1774.0,1784.0999755859375,127,0.813698638830096,1
2021-10-21 04:00:00,1782.0,1785.699951171875,1781.0,1781.199951171875,146,-0.16254831308486484,0
2021-10-22 04:00:00,1787.0999755859375,1806.9000244140625,1784.0,1795.5,532,0.8028323164233742,1
2021-10-25 04:00:00,1794.300048828125,1809.0,1794.0,1806.0,140,0.5847953216374213,1
2021-10-26 04:00:00,1808.800048828125,1808.800048828125,1788.5999755859375,1792.699951171875,359,-0.7364368121885345,0
2021-10-27 04:00:00,1791.5,1798.0999755859375,1791.5,1797.9000244140625,543,0.29006935816493495,1
2021-10-28 04:00:00,1795.5,1807.300048828125,1795.5,1801.5999755859373,452,0.2057929318445062,1
2021-10-29 04:00:00,1793.0999755859375,1797.0,1774.5999755859375,1783.0,583,-1.032414289408945,0
2021-11-01 04:00:00,1787.5,1795.0999755859375,1786.699951171875,1795.0999755859375,142,0.6786301506414683,1
2021-11-02 04:00:00,1790.5,1795.5,1787.699951171875,1788.699951171875,213,-0.35652746371263033,0
2021-11-03 04:00:00,1768.0,1768.0,1761.800048828125,1763.5999755859375,108,-1.4032524331145213,0
2021-11-04 04:00:00,1776.5999755859375,1798.199951171875,1776.199951171875,1793.0,103,1.6670460887421301,1
2021-11-05 04:00:00,1794.9000244140625,1817.0999755859373,1794.9000244140625,1816.4000244140625,239,1.3050766544373982,1
2021-11-08 05:00:00,1817.0,1827.4000244140625,1816.9000244140625,1827.4000244140625,261,0.6055934734722435,1
2021-11-09 05:00:00,1826.0999755859373,1832.699951171875,1820.699951171875,1830.199951171875,170,0.1532191485392076,1
2021-11-10 05:00:00,1825.800048828125,1865.0,1824.9000244140625,1847.5999755859373,795,0.9507171280887183,1
2021-11-11 05:00:00,1853.9000244140625,1866.5,1853.9000244140625,1863.199951171875,292,0.8443372911926206,1
2021-11-12 05:00:00,1860.800048828125,1867.9000244140625,1847.5999755859373,1867.9000244140625,210,0.2522581239459143,1
2021-11-15 05:00:00,1864.5,1866.9000244140625,1864.5,1866.0999755859373,87,-0.09636751456705284,0
2021-11-16 05:00:00,1853.5999755859373,1853.5999755859373,1853.5999755859373,1853.5999755859373,1,-0.6698462120752757,0
2021-11-17 05:00:00,1862.5999755859373,1869.699951171875,1862.5999755859373,1869.699951171875,2,0.8685787547471513,1
2021-11-18 05:00:00,1861.0,1861.0,1861.0,1861.0,9,-0.4653126918264139,0
2021-11-19 05:00:00,1851.199951171875,1851.199951171875,1851.199951171875,1851.199951171875,21,-0.5266012266590514,0
2021-11-22 05:00:00,1841.5999755859373,1841.5999755859373,1805.699951171875,1806.0,14,-2.4416568908864678,0
2021-11-23 05:00:00,1795.5,1795.5,1783.5,1783.5,264,-1.2458471760797396,0
2021-11-24 05:00:00,1793.0,1793.0,1781.4000244140625,1784.0999755859375,188,0.03364034684258943,1
2021-11-26 05:00:00,1791.0999755859375,1791.4000244140625,1785.300048828125,1785.300048828125,186800,0.0672649099607403,1
2021-11-29 05:00:00,1791.699951171875,1798.9000244140625,1779.0999755859375,1782.300048828125,26926,-0.16803898044864818,0
2021-11-30 05:00:00,1783.9000244140625,1808.0999755859373,1768.699951171875,1773.5999755859375,4903,-0.4881374069370614,0
2021-12-01 05:00:00,1774.800048828125,1790.5,1772.300048828125,1781.5999755859375,1128,0.4510599971877527,1
2021-12-02 05:00:00,1780.9000244140625,1780.9000244140625,1760.5999755859375,1760.699951171875,1557,-1.173104215338172,0
2021-12-03 05:00:00,1767.5,1785.0999755859375,1766.5,1782.0,694,1.209748930472121,1
2021-12-06 05:00:00,1780.199951171875,1783.0,1777.199951171875,1777.5,381,-0.2525252525252486,0
2021-12-07 05:00:00,1779.5,1786.0999755859375,1772.300048828125,1782.5999755859375,308,0.2869184577179995,1
2021-12-08 05:00:00,1789.9000244140625,1789.9000244140625,1779.0,1783.4000244140625,1383,0.044881007465624734,1
2021-12-09 05:00:00,1783.5,1783.5,1771.800048828125,1774.5999755859375,455,-0.49344222875719046,0
2021-12-10 05:00:00,1773.800048828125,1785.4000244140625,1769.0999755859375,1782.9000244140625,545,0.4677137914072427,1
2021-12-13 05:00:00,1784.4000244140625,1787.0999755859375,1783.800048828125,1786.300048828125,206,0.19070191079164633,1
2021-12-14 05:00:00,1787.0,1787.0,1769.0,1770.4000244140625,322,-0.8901093869696508,0
2021-12-15 05:00:00,1767.4000244140625,1778.699951171875,1753.9000244140625,1762.5999755859375,283,-0.44058115231366823,0
2021-12-16 05:00:00,1781.0,1798.0999755859375,1781.0,1796.5999755859375,21,1.928968595877656,1
2021-12-17 05:00:00,1804.0,1812.9000244140625,1803.800048828125,1803.800048828125,654,0.4007610675737183,1
2021-12-20 05:00:00,1796.800048828125,1799.800048828125,1792.0,1793.699951171875,226,-0.5599344374567328,0
2021-12-21 05:00:00,1791.4000244140625,1796.5,1787.9000244140625,1787.9000244140625,575,-0.32334988658628827,0
2021-12-22 05:00:00,1786.0,1805.199951171875,1785.5,1801.5999755859373,567,0.7662593536998497,1
2021-12-23 05:00:00,1806.0,1811.199951171875,1800.800048828125,1811.199951171875,193,0.5328583323728875,1
2021-12-27 05:00:00,1810.0,1812.0999755859373,1807.0,1808.0999755859373,150,-0.17115590048089047,0
2021-12-28 05:00:00,1812.0,1818.0,1805.5,1810.199951171875,146,0.11614266989066202,1
2021-12-29 05:00:00,1803.199951171875,1805.0999755859373,1791.4000244140625,1805.0999755859373,623,-0.28173548356557054,0
2021-12-30 05:00:00,1801.699951171875,1816.0,1796.0,1812.699951171875,306,0.4210279590453503,1
2021-12-31 05:00:00,1825.0999755859373,1827.800048828125,1821.4000244140625,1827.5,80,0.8164643474810607,1
2022-01-03 05:00:00,1830.0999755859373,1830.0999755859373,1798.800048828125,1799.4000244140625,116,-1.5376183631156004,0
2022-01-04 05:00:00,1800.5,1815.300048828125,1800.0,1814.0,38,0.8113802038371976,1
2022-01-05 05:00:00,1813.0999755859373,1824.5999755859373,1813.0999755859373,1824.5999755859373,8,0.5843426453107758,1
2022-01-06 05:00:00,1787.0999755859375,1791.300048828125,1787.0999755859375,1788.699951171875,30,-1.967555896877271,0
2022-01-07 05:00:00,1791.800048828125,1797.0,1784.4000244140625,1797.0,17,0.46402689409630327,1
2022-01-10 05:00:00,1794.9000244140625,1798.699951171875,1790.4000244140625,1798.4000244140625,534,0.07790898241861743,1
2022-01-11 05:00:00,1803.9000244140625,1822.5,1803.0,1818.5999755859373,743,1.1232179102341977,1
2022-01-12 05:00:00,1819.0,1827.199951171875,1816.9000244140625,1827.199951171875,1547,0.4728898988996644,1
2022-01-13 05:00:00,1819.800048828125,1823.0,1815.4000244140625,1821.199951171875,40,-0.3283712872338862,0
2022-01-14 05:00:00,1821.5,1822.0,1816.5,1816.5,816,-0.2580689269649272,0
2022-01-18 05:00:00,1816.800048828125,1820.0999755859373,1812.300048828125,1812.300048828125,900,-0.23121118479906277,0
2022-01-19 05:00:00,1817.4000244140625,1843.0999755859373,1817.4000244140625,1843.0999755859373,4,1.6994937884445838,1
2022-01-20 05:00:00,1840.5999755859373,1843.0,1838.199951171875,1842.5,20,-0.03255252530436348,0
2022-01-21 05:00:00,1838.0,1842.4000244140625,1828.9000244140625,1831.800048828125,19,-0.5807300500339174,0
2022-01-24 05:00:00,1837.9000244140625,1842.0999755859373,1837.9000244140625,1841.699951171875,8,0.5404466688426757,1
2022-01-25 05:00:00,1843.0,1852.699951171875,1842.0,1852.699951171875,11,0.5972742733147518,1
2022-01-26 05:00:00,1829.9000244140625,1829.9000244140625,1829.9000244140625,1829.9000244140625,55,-1.2306324477091457,0
2022-01-27 05:00:00,1793.300048828125,1793.300048828125,1793.300048828125,1793.300048828125,196036,-2.000107934730311,0
2022-01-28 05:00:00,1797.5,1798.4000244140625,1778.800048828125,1784.9000244140625,28521,-0.46841154214832814,0
2022-01-31 05:00:00,1788.5,1798.5,1785.0999755859375,1795.0,1735,0.5658566557111833,1
2022-02-01 05:00:00,1797.199951171875,1806.0999755859373,1797.0999755859375,1800.300048828125,223,0.2952673441852349,1
2022-02-02 05:00:00,1797.800048828125,1810.0999755859373,1795.0999755859375,1809.199951171875,1690,0.49435661291812316,1
2022-02-03 05:00:00,1805.800048828125,1808.0999755859373,1787.9000244140625,1803.0,466,-0.34269021330998184,0
2022-02-04 05:00:00,1806.0,1813.699951171875,1792.5,1806.5999755859373,571,0.1996658672178242,1
2022-02-07 05:00:00,1812.199951171875,1821.300048828125,1809.0999755859373,1820.5999755859373,601,0.7749363549869104,1
2022-02-08 05:00:00,1818.9000244140625,1827.5999755859373,1815.0,1826.5999755859373,108,0.3295616873810525,1
2022-02-09 05:00:00,1825.4000244140625,1835.199951171875,1825.300048828125,1835.199951171875,683,0.47081877263133176,1
2022-02-10 05:00:00,1833.300048828125,1842.0999755859373,1820.800048828125,1836.199951171875,365,0.054489975294602644,1
2022-02-11 05:00:00,1822.0,1864.800048828125,1822.0,1840.800048828125,181,0.25052269788561343,1
2022-02-14 05:00:00,1861.800048828125,1870.5999755859373,1854.5999755859373,1868.0,79,1.4776157350273156,1
2022-02-15 05:00:00,1872.5999755859373,1879.699951171875,1847.4000244140625,1854.800048828125,86,-0.7066355017063652,0
2022-02-16 05:00:00,1858.699951171875,1870.199951171875,1856.300048828125,1870.199951171875,34,0.8302729101975048,1
2022-02-17 05:00:00,1876.300048828125,1900.699951171875,1876.199951171875,1900.699951171875,393,1.6308416637958123,1
2022-02-18 05:00:00,1899.4000244140625,1899.4000244140625,1890.699951171875,1898.5999755859373,51,-0.11048432892540871,0
2022-02-22 05:00:00,1908.0999755859373,1912.0,1890.800048828125,1906.0999755859373,173,0.39502792038568213,1
2022-02-23 05:00:00,1896.5999755859373,1910.5999755859373,1895.699951171875,1909.199951171875,73,0.16263446963136197,1
2022-02-24 05:00:00,1911.9000244140625,1972.5,1911.699951171875,1925.0999755859373,2706,0.8328108537978274,1
2022-02-25 05:00:00,1906.9000244140625,1920.0,1883.5999755859373,1886.5,586,-2.0050894018732057,0
2022-02-28 05:00:00,1928.300048828125,1928.4000244140625,1894.199951171875,1899.4000244140625,390,0.6838072840743337,1
2022-03-01 05:00:00,1908.300048828125,1942.4000244140625,1903.800048828125,1942.4000244140625,547,2.2638727728386154,1
2022-03-02 05:00:00,1945.5999755859373,1948.199951171875,1919.800048828125,1920.9000244140625,109,-1.1068780750497331,0
2022-03-03 05:00:00,1930.5,1940.300048828125,1924.800048828125,1934.4000244140625,122,0.7027955556467846,1
2022-03-04 05:00:00,1937.0,1970.9000244140625,1935.5999755859373,1965.0999755859373,47,1.5870528734703626,1
2022-03-07 05:00:00,1989.0,2001.0999755859373,1963.0,1993.9000244140625,2516,1.4655767740029635,1
2022-03-08 05:00:00,1999.4000244140625,2072.0,1998.0,2040.0999755859373,1813,2.3170645772699228,1
2022-03-09 05:00:00,2053.60009765625,2063.0,1980.800048828125,1985.9000244140625,1022,-2.6567301514872077,0
2022-03-10 05:00:00,1978.0999755859373,2010.5,1978.0999755859373,1998.0999755859373,670,0.614328567495459,1
2022-03-11 05:00:00,1985.0,1996.0,1959.9000244140625,1982.699951171875,865,-0.7707334268670096,0
2022-03-14 04:00:00,1976.5,1977.699951171875,1959.5999755859373,1959.5999755859373,145,-1.1650767213810864,0
2022-03-15 04:00:00,1939.800048828125,1939.9000244140625,1910.699951171875,1928.5,71,-1.5870573572873248,0
2022-03-16 04:00:00,1922.4000244140625,1922.4000244140625,1907.199951171875,1908.0,104,-1.0630023334197602,0
2022-03-17 04:00:00,1933.9000244140625,1947.199951171875,1933.9000244140625,1942.0999755859373,39,1.787210460478894,1
2022-03-18 04:00:00,1934.5,1939.300048828125,1928.199951171875,1928.199951171875,28,-0.7157213628957826,0
2022-03-21 04:00:00,1925.4000244140625,1928.5999755859373,1925.0,1928.5999755859373,5,0.02074600270678406,1
2022-03-22 04:00:00,1920.699951171875,1920.699951171875,1920.699951171875,1920.699951171875,26,-0.4096248322134399,0
2022-03-23 04:00:00,1936.5999755859373,1936.5999755859373,1936.5999755859373,1936.5999755859373,204,0.827824481609496,1
2022-03-24 04:00:00,1963.5999755859373,1964.0,1961.5999755859373,1961.5999755859373,8,1.2909222511187979,1
2022-03-25 04:00:00,1953.800048828125,1953.800048828125,1953.800048828125,1953.800048828125,83,-0.39763085516364427,0
2022-03-28 04:00:00,1932.5999755859373,1939.5999755859373,1932.5999755859373,1939.5999755859373,7,-0.7267925523241181,0
2022-03-29 04:00:00,1893.5,1912.0,1893.5,1912.0,128051,-1.4229725682276095,0
2022-03-30 04:00:00,1918.4000244140625,1937.0,1914.5,1933.5,17765,1.124476987447709,1
2022-03-31 04:00:00,1933.5,1949.9000244140625,1919.0999755859373,1949.199951171875,3617,0.8119964402314439,1
2022-04-01 04:00:00,1935.0,1938.0,1917.0,1919.0999755859373,1016,-1.5442220572518206,0
2022-04-04 04:00:00,1921.199951171875,1936.0999755859373,1915.5999755859373,1929.199951171875,371,0.5262870988706148,1
2022-04-05 04:00:00,1927.0999755859373,1943.5,1918.4000244140625,1922.9000244140625,412,-0.3265564439800861,0
2022-04-06 04:00:00,1916.699951171875,1931.800048828125,1916.699951171875,1918.4000244140625,138,-0.23402152700950918,0
2022-04-07 04:00:00,1919.5,1934.800048828125,1919.5,1933.800048828125,311,0.8027535559882004,1
2022-04-08 04:00:00,1928.800048828125,1947.699951171875,1928.800048828125,1941.5999755859373,153,0.403347117637054,1
2022-04-11 04:00:00,1946.5999755859373,1968.4000244140625,1941.800048828125,1944.300048828125,163,0.13906434261119482,1
2022-04-12 04:00:00,1952.5,1977.0999755859373,1950.5999755859373,1972.0999755859373,246,1.4298166980229121,1
2022-04-13 04:00:00,1969.5,1981.0,1969.5,1981.0,204,0.45129681680657896,1
2022-04-14 04:00:00,1977.199951171875,1978.699951171875,1963.0,1970.9000244140625,101,-0.5098422809660552,0
2022-04-18 04:00:00,1973.4000244140625,1997.0999755859373,1972.800048828125,1982.9000244140625,196,0.6088588894085367,1
2022-04-19 04:00:00,1973.800048828125,1978.300048828125,1945.699951171875,1955.699951171875,130,-1.371731953567601,0
2022-04-20 04:00:00,1945.5,1953.5999755859373,1945.5,1952.300048828125,621,-0.1738458060354664,0
2022-04-21 04:00:00,1942.5,1944.9000244140625,1942.5,1944.9000244140625,4,-0.37904134758919295,0
2022-04-22 04:00:00,1949.5999755859373,1950.4000244140625,1930.199951171875,1931.0,178,-0.7146909475848284,0
2022-04-25 04:00:00,1925.0,1925.0,1889.300048828125,1893.199951171875,748,-1.9575374846258375,0
2022-04-26 04:00:00,1900.5,1909.0999755859373,1894.0,1901.4000244140625,302,0.43313297346705415,1
2022-04-27 04:00:00,1897.800048828125,1900.5999755859373,1882.199951171875,1885.9000244140625,1786,-0.815188797779498,0
2022-04-28 04:00:00,1883.800048828125,1893.0,1872.9000244140625,1888.699951171875,513,0.14846634082219534,1
2022-04-29 04:00:00,1902.699951171875,1918.199951171875,1902.4000244140625,1909.300048828125,132,1.0907025037761198,1
2022-05-02 04:00:00,1896.699951171875,1896.800048828125,1853.0,1861.800048828125,385,-2.4878226986457253,0
2022-05-03 04:00:00,1868.800048828125,1868.800048828125,1868.800048828125,1868.800048828125,466,0.375980224321415,1
2022-05-04 04:00:00,1867.0,1867.0,1867.0,1867.0,1,-0.09632110344034439,0
2022-05-05 04:00:00,1897.0,1904.300048828125,1874.0,1874.0,80,0.3749330476700674,1
2022-05-06 04:00:00,1874.699951171875,1890.300048828125,1871.5,1881.199951171875,214,0.3842023037286646,1
2022-05-09 04:00:00,1866.5999755859373,1867.5,1854.0,1857.0999755859373,304,-1.281095907477825,0
2022-05-10 04:00:00,1839.9000244140625,1839.9000244140625,1839.9000244140625,1839.9000244140625,1540,-0.9261726023364947,0
2022-05-11 04:00:00,1841.5,1852.5999755859373,1841.0,1852.5999755859373,892,0.6902522421520896,1
2022-05-12 04:00:00,1849.800048828125,1851.9000244140625,1822.199951171875,1823.800048828125,153,-1.5545680199365974,0
2022-05-13 04:00:00,1825.0,1825.0,1807.4000244140625,1807.4000244140625,335,-0.8992227204183023,0
2022-05-16 04:00:00,1790.5,1813.5,1787.0,1813.5,34,0.33750002785990496,1
2022-05-17 04:00:00,1824.9000244140625,1828.5999755859373,1816.699951171875,1818.199951171875,121,0.2591646634615419,1
2022-05-18 04:00:00,1815.0,1819.699951171875,1805.0,1815.9000244140625,311,-0.1264947101296654,0
2022-05-19 04:00:00,1810.9000244140625,1841.199951171875,1810.699951171875,1841.199951171875,138,1.3932444747874362,1
2022-05-20 04:00:00,1839.0999755859373,1841.800048828125,1836.300048828125,1841.800048828125,110,0.032592747782111964,1
2022-05-23 04:00:00,1846.300048828125,1863.0,1845.800048828125,1847.800048828125,216,0.3257682615340096,1
2022-05-24 04:00:00,1852.5,1867.0,1852.5,1865.0999755859373,33,0.9362445232526051,1
2022-05-25 04:00:00,1846.199951171875,1846.199951171875,1846.199951171875,1846.199951171875,0,-1.0133518128498498,0
2022-05-26 04:00:00,1840.4000244140625,1847.4000244140625,1840.4000244140625,1847.4000244140625,123355,0.06500234394577475,1
2022-05-27 04:00:00,1848.300048828125,1860.699951171875,1845.9000244140625,1851.300048828125,30091,0.21110882118231533,1
2022-05-31 04:00:00,1850.300048828125,1862.0999755859373,1832.800048828125,1842.699951171875,4073,-0.4645436952099624,0
2022-06-01 04:00:00,1831.0,1847.9000244140625,1825.300048828125,1843.300048828125,1623,0.032566216538310044,1
2022-06-02 04:00:00,1845.4000244140625,1868.699951171875,1842.0999755859373,1866.5,551,1.2586095891780724,1
2022-06-03 04:00:00,1867.5999755859373,1871.800048828125,1845.4000244140625,1845.4000244140625,53,-1.1304567686009959,0
2022-06-06 04:00:00,1849.0,1854.0999755859373,1839.199951171875,1839.199951171875,142,-0.33597448575715116,0
2022-06-07 04:00:00,1836.9000244140625,1851.5999755859373,1835.0,1847.5,1168,0.45128583343190254,1
2022-06-08 04:00:00,1844.800048828125,1855.0,1844.4000244140625,1851.9000244140625,218,0.2381609967016196,1
2022-06-09 04:00:00,1846.0999755859373,1850.0999755859373,1837.9000244140625,1848.800048828125,159,-0.16739432718125835,0
2022-06-10 04:00:00,1842.699951171875,1875.5999755859373,1823.9000244140625,1871.5,1490,1.2278207795517693,1
2022-06-13 04:00:00,1873.800048828125,1873.800048828125,1818.699951171875,1828.0,127,-2.3243387656959658,0
2022-06-14 04:00:00,1825.0,1825.5,1805.300048828125,1809.5,536,-1.0120350109409149,0
2022-06-15 04:00:00,1814.0999755859373,1839.0,1810.800048828125,1815.300048828125,108,0.32053323172838155,1
2022-06-16 04:00:00,1819.199951171875,1850.5999755859373,1814.9000244140625,1845.699951171875,136,1.6746489024431321,1
2022-06-17 04:00:00,1853.699951171875,1853.699951171875,1833.5999755859373,1835.5999755859373,170,-0.5472165494464609,0
2022-06-21 04:00:00,1835.300048828125,1838.5999755859373,1830.0999755859373,1834.5999755859373,216,-0.054478100528454476,0
2022-06-22 04:00:00,1829.5,1842.699951171875,1821.5999755859373,1834.300048828125,115,-0.016348346331818142,0
2022-06-23 04:00:00,1835.5,1841.199951171875,1825.699951171875,1825.699951171875,9,-0.46884901201110774,0
2022-06-24 04:00:00,1820.5,1826.5,1815.800048828125,1826.5,61,0.04382148488373261,1
2022-06-27 04:00:00,1830.5,1830.699951171875,1819.9000244140625,1820.9000244140625,77,-0.30659598061524296,0
2022-06-28 04:00:00,1824.199951171875,1826.0,1817.5,1817.5,391,-0.18672219059124862,0
2022-06-29 04:00:00,1818.300048828125,1830.300048828125,1812.800048828125,1813.699951171875,173,-0.20908109095598704,0
2022-06-30 04:00:00,1809.5999755859373,1817.300048828125,1801.0,1804.0999755859373,328,-0.5293034043329481,0
2022-07-01 04:00:00,1795.5,1806.0999755859373,1791.5999755859375,1798.9000244140625,77,-0.28822965701698067,0
2022-07-05 04:00:00,1805.4000244140625,1805.4000244140625,1761.800048828125,1761.800048828125,64,-2.0623700640629905,0
2022-07-06 04:00:00,1762.5,1768.0,1734.0,1734.9000244140625,1729,-1.5268488857152263,0
2022-07-07 04:00:00,1745.199951171875,1745.199951171875,1737.0,1737.9000244140625,1869,0.17292062699769684,1
2022-07-08 04:00:00,1738.0999755859375,1749.300048828125,1732.0999755859375,1740.5999755859375,370,0.155357105353926,1
2022-07-11 04:00:00,1732.5,1736.699951171875,1730.0,1730.0,75,-0.6089840132491808,0
2022-07-12 04:00:00,1734.199951171875,1735.5,1723.300048828125,1723.300048828125,451,-0.38728041455924345,0
2022-07-13 04:00:00,1710.0,1734.199951171875,1710.0,1734.199951171875,368,0.6325017138577804,1
2022-07-14 04:00:00,1710.300048828125,1710.5,1704.5,1704.5,1289,-1.7126024684642305,0
2022-07-15 04:00:00,1705.4000244140625,1709.699951171875,1701.0999755859375,1702.4000244140625,721,-0.12320185309108167,0
2022-07-18 04:00:00,1712.199951171875,1712.4000244140625,1709.199951171875,1709.199951171875,264,0.39943178220718245,1
2022-07-19 04:00:00,1712.300048828125,1714.4000244140625,1706.0999755859375,1710.0,1684,0.04680838117134822,1
2022-07-20 04:00:00,1707.0999755859375,1708.5,1699.5,1699.5,130,-0.6140350877193002,0
2022-07-21 04:00:00,1687.0,1715.5,1679.800048828125,1712.699951171875,183,0.7766961560385477,1
2022-07-22 04:00:00,1713.300048828125,1735.0,1713.0,1727.0999755859375,61,0.8407791688327837,1
2022-07-25 04:00:00,1727.0,1732.0,1719.0,1719.0,67,-0.4689928608903826,0
2022-07-26 04:00:00,1718.0,1718.0,1717.699951171875,1717.699951171875,1,-0.07562820407940318,0
2022-07-27 04:00:00,1719.0999755859375,1719.0999755859375,1719.0999755859375,1719.0999755859375,144865,0.08150576083485461,1
2022-07-28 04:00:00,1732.300048828125,1755.0,1732.0,1750.300048828125,37236,1.814907433266244,1
2022-07-29 04:00:00,1754.0,1765.699951171875,1750.0,1762.9000244140625,3485,0.7198751776515966,1
2022-08-01 04:00:00,1763.9000244140625,1772.5,1756.0999755859375,1769.0,705,0.346019371572992,1
2022-08-02 04:00:00,1772.0999755859375,1786.5999755859375,1759.4000244140625,1771.0999755859375,1078,0.11870975612988666,1
2022-08-03 04:00:00,1756.699951171875,1770.5,1753.0,1758.0,399,-0.7396519545207259,0
2022-08-04 04:00:00,1769.4000244140625,1792.0999755859375,1767.699951171875,1788.5,285,1.7349260523321863,1
2022-08-05 04:00:00,1791.199951171875,1791.4000244140625,1764.199951171875,1772.9000244140625,645,-0.8722379416235659,0
2022-08-08 04:00:00,1771.800048828125,1786.800048828125,1771.800048828125,1786.800048828125,127,0.7840275380816442,1
2022-08-09 04:00:00,1790.0,1796.0999755859375,1789.0,1794.0,249,0.40295225963291603,1
2022-08-10 04:00:00,1804.4000244140625,1804.9000244140625,1787.800048828125,1795.5999755859375,601,0.0891848152696495,1
2022-08-11 04:00:00,1794.300048828125,1794.300048828125,1785.699951171875,1789.699951171875,1235,-0.32858233984645047,0
2022-08-12 04:00:00,1786.300048828125,1800.4000244140625,1784.300048828125,1798.5999755859375,187,0.4972914263217554,1
2022-08-15 04:00:00,1799.0,1799.0,1774.699951171875,1781.4000244140625,64,-0.9562966421297614,0
2022-08-16 04:00:00,1777.4000244140625,1777.4000244140625,1771.4000244140625,1773.199951171875,308,-0.46031621925483046,0
2022-08-17 04:00:00,1769.699951171875,1769.699951171875,1760.0,1760.300048828125,23,-0.7274928208307663,0
2022-08-18 04:00:00,1762.9000244140625,1762.9000244140625,1753.4000244140625,1755.300048828125,321,-0.2840424848779999,0
2022-08-19 04:00:00,1753.699951171875,1754.300048828125,1747.5,1747.5999755859375,49,-0.4386756126012914,0
2022-08-22 04:00:00,1740.5,1740.5,1726.5,1734.0,347,-0.7782087305979513,0
2022-08-23 04:00:00,1738.0,1748.9000244140625,1731.9000244140625,1746.800048828125,509,0.7381804399149372,1
2022-08-24 04:00:00,1745.0,1751.800048828125,1743.5999755859375,1747.800048828125,187,0.05724753675562244,1
2022-08-25 04:00:00,1761.5999755859375,1761.800048828125,1755.0,1757.699951171875,172,0.5664207613672811,1
2022-08-26 04:00:00,1754.0,1755.0,1736.0999755859375,1736.0999755859375,202,-1.2288772933933712,0
2022-08-29 04:00:00,1732.4000244140625,1741.199951171875,1732.0999755859375,1736.5999755859375,950,0.028800184726174294,1
2022-08-30 04:00:00,1736.4000244140625,1739.0,1720.699951171875,1723.199951171875,385,-0.7716241277465952,0
2022-08-31 04:00:00,1718.300048828125,1720.9000244140625,1708.5,1712.800048828125,2133,-0.6035226693615781,0
2022-09-01 04:00:00,1707.9000244140625,1707.9000244140625,1693.9000244140625,1696.5999755859375,683,-0.9458239596192963,0
2022-09-02 04:00:00,1703.4000244140625,1715.699951171875,1703.0999755859375,1709.800048828125,182,0.7780309697121623,1
2022-09-06 04:00:00,1709.699951171875,1717.4000244140625,1699.699951171875,1700.4000244140625,697,-0.5497733153362105,0
2022-09-07 04:00:00,1694.800048828125,1715.300048828125,1694.699951171875,1715.300048828125,651,0.8762658315767169,1
2022-09-08 04:00:00,1718.199951171875,1718.199951171875,1705.300048828125,1708.0,1193,-0.4255843654357938,0
2022-09-09 04:00:00,1719.199951171875,1720.0,1712.800048828125,1716.199951171875,635,0.48009081802546927,1
2022-09-12 04:00:00,1727.4000244140625,1728.0999755859375,1727.4000244140625,1728.0999755859375,68,0.6933938208037338,1
2022-09-13 04:00:00,1720.5,1720.5,1697.300048828125,1705.0,432,-1.3367268047154046,0
2022-09-14 04:00:00,1698.699951171875,1701.800048828125,1696.5,1696.5,532,-0.49853372434017773,0
2022-09-15 04:00:00,1685.5,1686.0,1662.300048828125,1665.4000244140625,1125,-1.833184532032861,0
2022-09-16 04:00:00,1660.4000244140625,1674.9000244140625,1651.699951171875,1671.699951171875,464,0.37828309507974556,1
2022-09-19 04:00:00,1661.800048828125,1669.4000244140625,1658.5,1666.199951171875,580,-0.3290064102798196,0
2022-09-20 04:00:00,1659.699951171875,1659.699951171875,1659.699951171875,1659.699951171875,2830,-0.39010924201674513,0
2022-09-21 04:00:00,1665.5,1680.0999755859375,1664.5999755859375,1664.5999755859375,2337,0.2952355581262056,1
2022-09-22 04:00:00,1668.300048828125,1670.800048828125,1668.300048828125,1670.800048828125,973,0.372466258147397,1
2022-09-23 04:00:00,1667.0,1667.0,1645.300048828125,1645.300048828125,1224,-1.526214942229942,0
2022-09-26 04:00:00,1623.300048828125,1623.300048828125,1623.300048828125,1623.300048828125,1205,-1.3371421228407288,0
2022-09-27 04:00:00,1632.199951171875,1636.5999755859375,1626.699951171875,1626.699951171875,888,0.2094438638256868,1
2022-09-28 04:00:00,1620.4000244140625,1660.4000244140625,1620.4000244140625,1660.4000244140625,18311,2.071683423726056,1
2022-09-29 04:00:00,1657.0,1662.5999755859375,1640.0,1658.5,6028,-0.11443172645898558,0
2022-09-30 04:00:00,1661.699951171875,1672.699951171875,1658.0,1662.4000244140625,548,0.23515371806226426,1
2022-10-03 04:00:00,1667.199951171875,1700.0,1661.9000244140625,1692.9000244140625,410,1.8346967969246952,1
2022-10-04 04:00:00,1701.199951171875,1728.0,1696.0,1721.0999755859375,291,1.6657777048373124,1
2022-10-05 04:00:00,1724.0999755859375,1726.5999755859375,1703.0,1711.4000244140625,418,-0.563590221920296,0
2022-10-06 04:00:00,1721.0,1723.300048828125,1709.0999755859375,1711.699951171875,133,0.017525228090087275,1
2022-10-07 04:00:00,1710.0999755859375,1710.0999755859375,1693.699951171875,1700.5,179,-0.6543174324569634,0
2022-10-10 04:00:00,1693.4000244140625,1693.4000244140625,1667.0,1667.300048828125,195,-1.9523640794986807,0
2022-10-11 04:00:00,1661.800048828125,1678.699951171875,1661.0,1678.699951171875,167,0.6837343015591246,1
2022-10-12 04:00:00,1668.0,1672.699951171875,1668.0,1670.300048828125,149,-0.5003814015653085,0
2022-10-13 04:00:00,1675.199951171875,1675.300048828125,1641.5,1670.0,729,-0.017963768146656012,0
2022-10-14 04:00:00,1665.300048828125,1667.0,1640.0,1641.699951171875,82,-1.6946137022829322,0
2022-10-17 04:00:00,1650.199951171875,1657.0,1646.800048828125,1657.0,238,0.931963774330602,1
2022-10-18 04:00:00,1651.4000244140625,1655.199951171875,1649.0,1649.0,597,-0.48280024140011646,0
2022-10-19 04:00:00,1637.5,1637.5,1627.5,1627.5,84,-1.3038204972710687,0
2022-10-20 04:00:00,1622.800048828125,1641.4000244140625,1622.800048828125,1630.800048828125,477,0.20276797715053085,1
2022-10-21 04:00:00,1634.0999755859375,1653.9000244140625,1634.0999755859375,1651.0,224,1.23865284320972,1
2022-10-24 04:00:00,1662.699951171875,1662.699951171875,1648.699951171875,1648.699951171875,29,-0.1393124668761403,0
2022-10-25 04:00:00,1648.199951171875,1652.800048828125,1637.300048828125,1652.800048828125,880,0.24868670938793525,1
2022-10-26 04:00:00,1649.800048828125,1667.0,1649.800048828125,1664.0,89,0.6776349734389342,1
2022-10-27 04:00:00,1660.699951171875,1660.699951171875,1660.699951171875,1660.699951171875,2298,-0.19832024207482313,0
2022-10-28 04:00:00,1661.0,1661.0,1638.699951171875,1639.5999755859375,626,-1.2705471311086791,0
2022-10-31 04:00:00,1641.800048828125,1641.800048828125,1633.4000244140625,1635.9000244140625,522,-0.22566182160088655,0
2022-11-01 04:00:00,1630.800048828125,1653.699951171875,1630.800048828125,1645.0,985,0.5562672198869079,1
2022-11-02 04:00:00,1650.800048828125,1664.699951171875,1634.0,1645.699951171875,612,0.04255022321428825,1
2022-11-03 04:00:00,1629.199951171875,1629.199951171875,1615.0999755859375,1627.300048828125,1427,-1.1180593601310962,0
2022-11-04 04:00:00,1630.199951171875,1674.5,1629.0,1672.5,159,2.7776039953065323,1
2022-11-07 05:00:00,1676.9000244140625,1677.9000244140625,1672.9000244140625,1676.5,42,0.23916292974588416,1
2022-11-08 05:00:00,1703.199951171875,1712.0999755859375,1703.199951171875,1712.0999755859375,23,2.123470061791677,1
2022-11-09 05:00:00,1707.4000244140625,1720.199951171875,1706.0,1710.0999755859375,497,-0.1168156082307914,0
2022-11-10 05:00:00,1708.199951171875,1750.300048828125,1708.199951171875,1750.300048828125,325,2.3507440393017776,1
2022-11-11 05:00:00,1763.800048828125,1766.0,1757.5999755859375,1766.0,257,0.8969862728614109,1
2022-11-14 05:00:00,1762.0,1773.5999755859375,1761.5999755859375,1773.5999755859375,358,0.43034969342794493,1
2022-11-15 05:00:00,1770.800048828125,1773.800048828125,1769.9000244140625,1773.800048828125,57,0.01128062950730424,1
2022-11-16 05:00:00,1776.5999755859375,1778.9000244140625,1773.0,1773.0,303,-0.04510366479320016,0
2022-11-17 05:00:00,1763.0,1763.0,1756.0,1760.800048828125,18,-0.6880965127961103,0
2022-11-18 05:00:00,1763.300048828125,1763.300048828125,1747.5999755859375,1751.9000244140625,414,-0.5054534397580079,0
2022-11-21 05:00:00,1739.0,1744.9000244140625,1736.0999755859375,1737.4000244140625,544,-0.827672800840884,0
2022-11-22 05:00:00,1741.699951171875,1741.699951171875,1738.300048828125,1738.300048828125,15,0.051802947013657175,1
2022-11-23 05:00:00,1736.5,1750.9000244140625,1736.5,1744.9000244140625,39,0.3796798826754211,1
2022-11-25 05:00:00,1753.0,1757.9000244140625,1749.199951171875,1753.300048828125,216,0.48140433815875294,1
2022-11-28 05:00:00,1741.300048828125,1741.300048828125,1740.0999755859375,1740.0999755859375,132767,-0.7528701804925042,0
2022-11-29 05:00:00,1739.5,1758.199951171875,1737.9000244140625,1748.4000244140625,19416,0.47698689411970197,1
2022-11-30 05:00:00,1748.0999755859375,1769.4000244140625,1745.0999755859375,1746.0,3339,-0.13726975409227293,0
2022-12-01 05:00:00,1768.699951171875,1803.699951171875,1768.699951171875,1801.0999755859375,1053,3.155783252344646,1
2022-12-02 05:00:00,1802.0,1802.300048828125,1779.4000244140625,1795.9000244140625,1725,-0.2887097463972421,0
2022-12-05 05:00:00,1795.699951171875,1808.0,1764.300048828125,1767.4000244140625,1713,-1.5869480267588165,0
2022-12-06 05:00:00,1768.5999755859375,1779.4000244140625,1767.9000244140625,1769.300048828125,105,0.10750392598259939,1
2022-12-07 05:00:00,1769.300048828125,1790.300048828125,1769.300048828125,1785.5,422,0.9156135604362126,1
2022-12-08 05:00:00,1782.0,1790.9000244140625,1782.0,1788.699951171875,713,0.1792187718776317,1
2022-12-09 05:00:00,1794.9000244140625,1804.300048828125,1791.0999755859375,1798.0999755859375,125,0.5255227075901647,1
2022-12-12 05:00:00,1787.300048828125,1793.9000244140625,1777.699951171875,1780.5,85,-0.9788096226519438,0
2022-12-13 05:00:00,1780.699951171875,1819.800048828125,1780.5,1813.9000244140625,205,1.8758789336738246,1
2022-12-14 05:00:00,1810.800048828125,1812.800048828125,1797.9000244140625,1807.5,1074,-0.3528322580032994,0
2022-12-15 05:00:00,1801.0,1801.0,1774.800048828125,1777.199951171875,421,-1.6763512491355437,0
2022-12-16 05:00:00,1777.9000244140625,1791.4000244140625,1777.9000244140625,1790.0,206,0.720236843338018,1
2022-12-19 05:00:00,1791.5999755859375,1796.300048828125,1785.5999755859375,1787.699951171875,79,-0.12849434793994474,0
2022-12-20 05:00:00,1786.5,1821.4000244140625,1786.5,1815.9000244140625,51,1.5774500202733632,1
2022-12-21 05:00:00,1817.4000244140625,1821.4000244140625,1814.4000244140625,1815.9000244140625,35,0.0,0
2022-12-22 05:00:00,1818.0999755859373,1818.0999755859373,1785.0,1787.0,411,-1.5914986522117425,0
2022-12-23 05:00:00,1794.300048828125,1802.800048828125,1794.0999755859375,1795.9000244140625,49,0.4980427763884965,1
2022-12-27 05:00:00,1803.4000244140625,1826.300048828125,1803.4000244140625,1814.800048828125,69,1.0523984719154278,1
2022-12-28 05:00:00,1803.199951171875,1807.9000244140625,1803.0999755859373,1807.9000244140625,434,-0.3802085204107186,0
2022-12-29 05:00:00,1805.800048828125,1819.5,1805.800048828125,1819.5,277,0.6416270495763099,1
2022-12-30 05:00:00,1817.0,1822.300048828125,1816.800048828125,1819.699951171875,95,0.010989347176426634,1
2023-01-03 05:00:00,1836.199951171875,1839.699951171875,1836.199951171875,1839.699951171875,29,1.0990822957993807,1
2023-01-04 05:00:00,1845.5999755859373,1859.0999755859373,1845.5999755859373,1852.800048828125,25,0.712077947705847,1
2023-01-05 05:00:00,1855.199951171875,1855.199951171875,1834.800048828125,1834.800048828125,24,-0.9715025650708919,0
2023-01-06 05:00:00,1838.4000244140625,1868.199951171875,1835.300048828125,1864.199951171875,26,1.6023491149636415,1
2023-01-09 05:00:00,1867.0,1880.0,1867.0,1872.699951171875,62,0.45595967292331174,1
2023-01-10 05:00:00,1877.800048828125,1878.0999755859373,1871.5999755859373,1871.5999755859373,101,-0.05873741734491178,0
2023-01-11 05:00:00,1873.0999755859373,1877.800048828125,1873.0999755859373,1874.5999755859373,1236,0.16029066248843815,1
2023-01-12 05:00:00,1877.199951171875,1897.4000244140625,1877.199951171875,1895.5,59,1.1149058298440595,1
2023-01-13 05:00:00,1899.0,1920.9000244140625,1898.300048828125,1918.4000244140625,512,1.2081257934087208,1
2023-01-17 05:00:00,1920.0999755859373,1920.0999755859373,1905.199951171875,1907.199951171875,706,-0.5838236603238345,0
2023-01-18 05:00:00,1911.0999755859373,1911.0999755859373,1903.0999755859373,1904.4000244140625,1027,-0.1468082439962326,0
2023-01-19 05:00:00,1922.0999755859373,1931.800048828125,1922.0999755859373,1922.0999755859373,371,0.92942401517353,1
2023-01-20 05:00:00,1922.0999755859373,1928.5,1921.4000244140625,1926.4000244140625,1346,0.2237161897270301,1
2023-01-23 05:00:00,1926.5,1927.0999755859373,1915.0,1927.0999755859373,218,0.03633467415926628,1
2023-01-24 05:00:00,1931.800048828125,1936.800048828125,1931.800048828125,1933.9000244140625,201,0.35286435131927085,1
2023-01-25 05:00:00,1941.199951171875,1941.199951171875,1939.800048828125,1941.199951171875,7,0.3774717754618351,1
2023-01-26 05:00:00,1936.5999755859373,1937.0999755859373,1927.0999755859373,1929.0999755859373,131,-0.6233245358693296,0
2023-01-27 05:00:00,1928.5999755859373,1928.5999755859373,1928.5999755859373,1928.5999755859373,150902,-0.025918822576742606,0
2023-01-30 05:00:00,1928.300048828125,1933.5999755859373,1920.300048828125,1922.9000244140625,27220,-0.29554864896973454,0
2023-01-31 05:00:00,1923.0,1930.4000244140625,1900.5999755859373,1929.5,1910,0.34323030329923565,1
2023-02-01 05:00:00,1927.199951171875,1955.0,1922.0,1927.800048828125,2290,-0.08810319626199048,0
2023-02-02 05:00:00,1952.300048828125,1959.0999755859373,1911.300048828125,1916.300048828125,748,-0.5965348951511129,0
2023-02-03 05:00:00,1912.4000244140625,1917.0,1861.5,1862.9000244140625,992,-2.7866212520694877,0
2023-02-06 05:00:00,1865.5999755859373,1880.0,1863.4000244140625,1866.199951171875,424,0.17713922994071485,1
2023-02-07 05:00:00,1870.0,1875.699951171875,1868.0,1871.699951171875,297,0.29471654398802727,1
2023-02-08 05:00:00,1872.0999755859373,1880.4000244140625,1872.0999755859373,1877.4000244140625,230,0.3045399044124819,1
2023-02-09 05:00:00,1875.300048828125,1884.5999755859373,1859.800048828125,1866.199951171875,223,-0.596573617584939,0
2023-02-10 05:00:00,1861.5999755859373,1863.5,1852.4000244140625,1862.800048828125,27,-0.1821831761176007,0
2023-02-13 05:00:00,1859.0,1861.0,1850.0,1851.9000244140625,569,-0.5851419437593264,0
2023-02-14 05:00:00,1854.0999755859373,1862.0,1846.199951171875,1854.0,656,0.11339573185662477,1
2023-02-15 05:00:00,1842.0,1842.0,1828.199951171875,1834.199951171875,368,-1.067963798712246,0
2023-02-16 05:00:00,1838.5999755859373,1843.699951171875,1827.199951171875,1842.0,222,0.42525618993400904,1
2023-02-17 05:00:00,1827.4000244140625,1842.199951171875,1818.4000244140625,1840.4000244140625,35,-0.08686078099552352,0
2023-02-21 05:00:00,1842.5999755859373,1843.0,1833.0,1833.0,862,-0.40208782416303324,0
2023-02-22 05:00:00,1835.699951171875,1836.199951171875,1825.0999755859373,1832.0,278,-0.054555373704312515,0
2023-02-23 05:00:00,1826.4000244140625,1827.5,1818.0,1818.0,291,-0.7641921397379958,0
2023-02-24 05:00:00,1808.800048828125,1808.800048828125,1808.800048828125,1808.800048828125,404,-0.5060479192450451,0
2023-02-27 05:00:00,1811.5999755859373,1817.5,1808.9000244140625,1817.0,829,0.4533365187151306,1
2023-02-28 05:00:00,1808.0999755859373,1830.0,1808.0999755859373,1828.9000244140625,618,0.6549270453529266,1
2023-03-01 05:00:00,1827.0999755859373,1841.699951171875,1827.0999755859373,1837.699951171875,211,0.48115952979068677,1
2023-03-02 05:00:00,1830.0,1836.300048828125,1830.0,1833.5,154,-0.2285439018049007,0
2023-03-03 05:00:00,1837.300048828125,1855.4000244140625,1837.300048828125,1847.699951171875,61,0.7744723846127677,1
2023-03-06 05:00:00,1853.300048828125,1853.800048828125,1844.199951171875,1847.9000244140625,5,0.01082823226037366,1
2023-03-07 05:00:00,1840.9000244140625,1840.9000244140625,1813.9000244140625,1813.9000244140625,450,-1.8399263786351705,0
2023-03-08 05:00:00,1811.5999755859373,1812.9000244140625,1811.5,1812.699951171875,75,-0.06615983384062885,0
2023-03-09 05:00:00,1816.4000244140625,1829.300048828125,1815.5999755859373,1829.300048828125,332,0.9157664314779934,1
2023-03-10 05:00:00,1852.300048828125,1868.5,1852.0,1862.0,248,1.7875662985316731,1
2023-03-13 04:00:00,1890.800048828125,1913.0999755859373,1875.0999755859373,1911.699951171875,503,2.6691703099825492,1
2023-03-14 04:00:00,1912.199951171875,1912.199951171875,1901.0999755859373,1906.199951171875,107,-0.28770205264839754,0
2023-03-15 04:00:00,1903.9000244140625,1926.5999755859373,1898.5,1926.5999755859373,564,1.0701933132209351,1
2023-03-16 04:00:00,1909.9000244140625,1931.699951171875,1909.9000244140625,1919.0,394,-0.3944760553433513,0
2023-03-17 04:00:00,1946.0,1985.0999755859373,1946.0,1969.800048828125,82,2.6472146340867697,1
2023-03-20 04:00:00,1988.300048828125,2003.9000244140625,1968.9000244140625,1979.199951171875,389,0.4772008381938253,1
2023-03-21 04:00:00,1973.800048828125,1973.800048828125,1938.0,1938.0,47,-2.0816467354640267,0
2023-03-22 04:00:00,1946.800048828125,1974.0,1946.800048828125,1946.800048828125,50,0.4540788869001444,1
2023-03-23 04:00:00,1990.5,1994.5999755859373,1990.5,1993.800048828125,33,2.414218143681035,1
2023-03-24 04:00:00,1991.699951171875,1995.4000244140625,1982.0999755859373,1982.0999755859373,19,-0.5868227984578755,0
2023-03-27 04:00:00,1957.199951171875,1957.199951171875,1952.4000244140625,1952.4000244140625,877,-1.4984083314513508,0
2023-03-28 04:00:00,1972.4000244140625,1972.4000244140625,1972.4000244140625,1972.4000244140625,21,1.0243802371392663,1
2023-03-29 04:00:00,1966.0999755859373,1966.0999755859373,1966.0999755859373,1966.0999755859373,88563,-0.3194102996422754,0
2023-03-30 04:00:00,1965.9000244140625,1984.4000244140625,1954.9000244140625,1980.300048828125,10119,0.7222457361536705,1
2023-03-31 04:00:00,1981.300048828125,1986.800048828125,1968.0,1969.0,957,-0.5706230646619459,0
2023-04-03 04:00:00,1968.0999755859373,1991.699951171875,1950.0,1983.9000244140625,737,0.7567305441372518,1
2023-04-04 04:00:00,1984.5999755859373,2027.0999755859373,1979.0,2022.199951171875,811,1.9305371382877246,1
2023-04-05 04:00:00,2022.0999755859373,2033.800048828125,2013.5999755859373,2020.9000244140625,525,-0.06428280037585887,0
2023-04-06 04:00:00,2022.199951171875,2023.300048828125,2005.0,2011.9000244140625,0,-0.4453461275309434,0
2023-04-10 04:00:00,2000.0,2006.5999755859373,1984.0,1989.0999755859373,652,-1.1332595333490958,0
2023-04-11 04:00:00,1991.4000244140625,2006.5,1991.4000244140625,2004.800048828125,68,0.7893053860986932,1
2023-04-12 04:00:00,2005.199951171875,2025.699951171875,2005.199951171875,2010.9000244140625,172,0.3042685274026846,1
2023-04-13 04:00:00,2015.5999755859373,2048.60009765625,2015.5999755859373,2041.300048828125,1043,1.5117620988104763,1
2023-04-14 04:00:00,2041.0,2047.800048828125,1995.0,2002.199951171875,718,-1.9154507774933327,0
2023-04-17 04:00:00,2002.699951171875,2007.5999755859373,1983.199951171875,1994.199951171875,554,-0.39956049321235865,0
2023-04-18 04:00:00,1996.9000244140625,2007.4000244140625,1996.9000244140625,2007.4000244140625,72,0.661923255711172,1
2023-04-19 04:00:00,2005.699951171875,2006.4000244140625,1969.800048828125,1995.199951171875,61,-0.607754961333562,0
2023-04-20 04:00:00,1998.0,2007.5999755859373,1998.0,2007.5999755859373,164,0.6214928186410118,1
2023-04-21 04:00:00,1996.199951171875,1996.199951171875,1974.0999755859373,1979.5,132,-1.3996800123359243,0
2023-04-24 04:00:00,1981.300048828125,1989.800048828125,1977.4000244140625,1989.0999755859373,145,0.4849697189157398,1
2023-04-25 04:00:00,1995.699951171875,1999.0999755859373,1982.300048828125,1994.0,306,0.24634379740613443,1
2023-04-26 04:00:00,1997.800048828125,1998.800048828125,1985.5999755859373,1985.699951171875,615,-0.416251194991224,0
2023-04-27 04:00:00,1990.5999755859373,2002.300048828125,1979.9000244140625,1989.9000244140625,355,0.2115160067214017,1
2023-04-28 04:00:00,1986.9000244140625,1990.0999755859373,1977.699951171875,1990.0999755859373,152,0.010048302398191211,1
2023-05-01 04:00:00,1980.0999755859373,2005.0,1976.9000244140625,1983.4000244140625,210,-0.3366640497496687,0
2023-05-02 04:00:00,1994.699951171875,2018.0,1994.699951171875,2014.300048828125,1896,1.5579320375974648,1
2023-05-03 04:00:00,2017.0999755859373,2035.0999755859373,2015.199951171875,2028.5999755859373,1349,0.7099203897717121,1
2023-05-04 04:00:00,2045.0,2072.0,2040.0,2048.0,930,0.9563257738115283,1
2023-05-05 04:00:00,2046.4000244140625,2046.4000244140625,2004.300048828125,2017.4000244140625,59,-1.4941394329071045,0
2023-05-08 04:00:00,2022.5,2026.300048828125,2022.5,2026.300048828125,3,0.4411630963793378,1
2023-05-09 04:00:00,2026.5999755859373,2037.300048828125,2025.9000244140625,2036.199951171875,241,0.4885704044411021,1
2023-05-10 04:00:00,2032.300048828125,2044.300048828125,2029.5,2030.5,248,-0.27993081762891503,0
2023-05-11 04:00:00,2034.0999755859373,2038.300048828125,2014.0,2014.699951171875,90,-0.7781358693979334,0
2023-05-12 04:00:00,2014.5,2014.5,2014.5,2014.5,115,-0.009924612931011545,0
2023-05-15 04:00:00,2013.800048828125,2018.0,2013.800048828125,2018.0,3,0.17374038222883748,1
2023-05-16 04:00:00,1988.4000244140625,1988.4000244140625,1988.4000244140625,1988.4000244140625,49,-1.4667976008888806,0
2023-05-17 04:00:00,1983.5999755859373,1983.5999755859373,1980.699951171875,1980.699951171875,13,-0.38724970567511896,0
2023-05-18 04:00:00,1956.5,1956.800048828125,1956.5,1956.5,23,-1.2217878410890615,0
2023-05-19 04:00:00,1960.0,1978.699951171875,1960.0,1978.699951171875,106,1.1346767785266998,1
2023-05-22 04:00:00,1980.5,1980.5,1974.800048828125,1974.800048828125,8,-0.19709417496271975,0
2023-05-23 04:00:00,1972.4000244140625,1972.4000244140625,1972.4000244140625,1972.4000244140625,1,-0.1215325275835788,0
2023-05-24 04:00:00,1975.4000244140625,1975.4000244140625,1962.800048828125,1962.800048828125,189,-0.48671544651746057,0
2023-05-25 04:00:00,1943.0999755859373,1943.0999755859373,1943.0999755859373,1943.0999755859373,1,-1.003671935607986,0
2023-05-26 04:00:00,1948.199951171875,1948.4000244140625,1944.0999755859373,1944.0999755859373,166036,0.05146415586252395,1
2023-05-30 04:00:00,1942.699951171875,1962.5999755859373,1931.0,1958.0,37838,0.7149850619114106,1
2023-05-31 04:00:00,1958.199951171875,1973.0,1953.0,1963.9000244140625,5959,0.30132913248530624,1
2023-06-01 04:00:00,1963.199951171875,1983.0,1954.300048828125,1978.0,750,0.7179579108230971,1
2023-06-02 04:00:00,1977.0999755859373,1982.5,1947.4000244140625,1952.4000244140625,356,-1.2942353683487062,0
2023-06-05 04:00:00,1947.5,1961.9000244140625,1937.800048828125,1958.0,713,0.28682521593483834,1
2023-06-06 04:00:00,1960.800048828125,1965.5,1958.800048828125,1965.5,164,0.3830439223697635,1
2023-06-07 04:00:00,1959.0,1968.4000244140625,1940.699951171875,1942.699951171875,139,-1.1600126597875904,0
2023-06-08 04:00:00,1943.199951171875,1969.0,1943.0999755859373,1963.5999755859373,433,1.0758235929050786,1
2023-06-09 04:00:00,1965.0999755859373,1969.800048828125,1960.300048828125,1962.199951171875,49,-0.07129886084076276,0
2023-06-12 04:00:00,1959.699951171875,1963.5,1951.4000244140625,1955.300048828125,212,-0.3516411433824196,0
2023-06-13 04:00:00,1960.5999755859373,1967.5,1940.300048828125,1944.5999755859373,343,-0.5472343361624055,0
2023-06-14 04:00:00,1946.199951171875,1958.199951171875,1940.300048828125,1955.300048828125,202,0.5502454682981162,1
2023-06-15 04:00:00,1941.699951171875,1958.800048828125,1926.0,1957.800048828125,329,0.12785761456397537,1
2023-06-16 04:00:00,1961.4000244140625,1962.9000244140625,1953.5,1958.4000244140625,119,0.030645396413020443,1
2023-06-20 04:00:00,1958.5999755859373,1958.5999755859373,1931.300048828125,1935.5,193,-1.1693231274807592,0
2023-06-21 04:00:00,1935.5999755859373,1936.800048828125,1920.0,1933.300048828125,557,-0.11366319668689728,0
2023-06-22 04:00:00,1920.0,1921.0,1912.0999755859373,1912.699951171875,237,-1.0655406370437381,0
2023-06-23 04:00:00,1918.699951171875,1932.5,1918.699951171875,1919.0999755859373,105,0.3346068164084448,1
2023-06-26 04:00:00,1922.9000244140625,1928.5,1922.5,1923.699951171875,71,0.23969442157556475,1
2023-06-27 04:00:00,1927.0,1929.4000244140625,1914.0,1914.0,49,-0.5042341018913099,0
2023-06-28 04:00:00,1912.300048828125,1912.300048828125,1912.300048828125,1912.300048828125,628,-0.08881667564655249,0
2023-06-29 04:00:00,1909.9000244140625,1909.9000244140625,1892.5,1909.199951171875,289,-0.16211355839005348,0
2023-06-30 04:00:00,1908.5999755859373,1921.0999755859373,1900.5999755859373,1921.0999755859373,445,0.623299011020717,1
2023-07-03 04:00:00,1917.9000244140625,1929.5,1917.9000244140625,1921.699951171875,41,0.031230836164830578,1
2023-07-05 04:00:00,1923.5,1933.9000244140625,1914.699951171875,1919.5999755859373,193,-0.10927697555787041,0
2023-07-06 04:00:00,1909.300048828125,1910.199951171875,1903.199951171875,1908.699951171875,81,-0.567827909600549,0
2023-07-07 04:00:00,1913.4000244140625,1934.0999755859373,1913.4000244140625,1926.199951171875,61,0.9168544269755774,1
2023-07-10 04:00:00,1923.5999755859373,1926.0999755859373,1912.300048828125,1925.0,269,-0.06229629333885933,0
2023-07-11 04:00:00,1925.0,1937.0,1924.199951171875,1931.300048828125,142,0.32727526379869865,1
2023-07-12 04:00:00,1932.300048828125,1958.0,1932.199951171875,1956.199951171875,132,1.2892819196508976,1
2023-07-13 04:00:00,1961.0999755859373,1961.0999755859373,1953.0,1959.199951171875,121,0.15335855612319538,1
2023-07-14 04:00:00,1958.4000244140625,1960.5999755859373,1952.699951171875,1960.0999755859373,94,0.045938364459630066,1
2023-07-17 04:00:00,1954.0,1956.5,1946.5999755859373,1952.4000244140625,29,-0.3928346139371319,0
2023-07-18 04:00:00,1968.800048828125,1978.4000244140625,1963.4000244140625,1977.199951171875,83,1.2702277426602349,1
2023-07-19 04:00:00,1977.0,1977.5,1973.0,1977.5,35,0.015175441813419788,1
2023-07-20 04:00:00,1973.699951171875,1973.699951171875,1965.5999755859373,1968.300048828125,638,-0.46523141197850615,0
2023-07-21 04:00:00,1961.800048828125,1964.300048828125,1961.800048828125,1964.300048828125,50,-0.2032210486598074,0
2023-07-24 04:00:00,1965.300048828125,1965.5,1960.300048828125,1960.300048828125,2,-0.20363487759348375,0
2023-07-25 04:00:00,1953.0,1962.5,1953.0,1962.0999755859373,19,0.09181894164049798,1
2023-07-26 04:00:00,1966.199951171875,1972.0,1966.199951171875,1968.9000244140625,51,0.346569946115749,1
2023-07-27 04:00:00,1945.4000244140625,1945.4000244140625,1945.4000244140625,1945.4000244140625,194253,-1.1935598409570591,0
2023-07-28 04:00:00,1945.5,1962.199951171875,1944.199951171875,1960.4000244140625,23155,0.7710496459214289,1
2023-07-31 04:00:00,1959.199951171875,1971.5999755859373,1950.0,1970.5,1025,0.5151997276145792,1
2023-08-01 04:00:00,1964.9000244140625,1965.4000244140625,1940.699951171875,1940.699951171875,688,-1.512308999143619,0
2023-08-02 04:00:00,1948.4000244140625,1953.5999755859373,1933.199951171875,1937.4000244140625,652,-0.170037967786818,0
2023-08-03 04:00:00,1934.199951171875,1936.5,1928.0,1932.0,773,-0.27872531981079085,0
2023-08-04 04:00:00,1934.9000244140625,1945.0,1920.0,1939.5999755859373,290,0.3933734775329878,1
2023-08-07 04:00:00,1941.0,1941.0,1929.800048828125,1933.5,376,-0.31449657984732315,0
2023-08-08 04:00:00,1931.699951171875,1933.199951171875,1923.0,1924.0999755859373,555,-0.48616624846458123,0
2023-08-09 04:00:00,1925.4000244140625,1928.800048828125,1913.699951171875,1915.4000244140625,451,-0.4521569191967445,0
2023-08-10 04:00:00,1921.0999755859373,1927.800048828125,1911.4000244140625,1914.4000244140625,178,-0.0522084153312008,0
2023-08-11 04:00:00,1913.0,1916.5999755859373,1911.800048828125,1912.9000244140625,57,-0.07835353013323498,0
2023-08-14 04:00:00,1909.300048828125,1912.5999755859373,1903.300048828125,1910.5999755859373,46,-0.12023884148517627,0
2023-08-15 04:00:00,1906.0,1907.699951171875,1895.0,1902.5,73,-0.4239493190327903,0
2023-08-16 04:00:00,1904.5,1904.5,1890.300048828125,1896.0999755859373,22,-0.33640075763798905,0
2023-08-17 04:00:00,1893.699951171875,1902.4000244140625,1884.0,1884.0999755859373,245,-0.6328780209119422,0
2023-08-18 04:00:00,1891.800048828125,1891.800048828125,1886.0999755859373,1886.0999755859373,19,0.10615147953483284,1
2023-08-21 04:00:00,1893.5999755859373,1893.5999755859373,1893.300048828125,1893.300048828125,876,0.3817439868186723,1
2023-08-22 04:00:00,1894.5999755859373,1896.800048828125,1892.800048828125,1896.4000244140625,46,0.16373398330900013,1
2023-08-23 04:00:00,1909.5999755859373,1918.5,1909.5999755859373,1918.5,547,1.165364654156531,1
2023-08-24 04:00:00,1920.0,1920.800048828125,1918.199951171875,1918.199951171875,337,-0.015639761695329657,0
2023-08-25 04:00:00,1919.800048828125,1919.800048828125,1911.0999755859373,1911.0999755859373,195,-0.3701374083343145,0
2023-08-28 04:00:00,1915.5,1921.5,1915.5,1917.9000244140625,99,0.35581858170661285,1
2023-08-29 04:00:00,1917.9000244140625,1936.5,1916.9000244140625,1936.5,1674,0.9698094451831452,1
2023-08-30 04:00:00,1936.0,1946.4000244140625,1934.5999755859373,1944.300048828125,396,0.40279105748128874,1
2023-08-31 04:00:00,1944.4000244140625,1944.4000244140625,1938.199951171875,1938.199951171875,491,-0.3137426067507776,0
2023-09-01 04:00:00,1950.0,1950.0,1936.5999755859373,1939.800048828125,167,0.08255586093077749,1
2023-09-05 04:00:00,1934.4000244140625,1934.4000244140625,1924.699951171875,1926.199951171875,113,-0.7011082232143528,0
2023-09-06 04:00:00,1924.0999755859373,1925.300048828125,1916.300048828125,1918.0999755859373,24,-0.4205158234486417,0
2023-09-07 04:00:00,1917.5999755859373,1921.5,1917.5,1917.5,41,-0.03127968268462622,0
2023-09-08 04:00:00,1924.0,1924.699951171875,1918.4000244140625,1918.4000244140625,105,0.04693738795631397,1
2023-09-11 04:00:00,1923.0,1928.300048828125,1921.800048828125,1923.300048828125,50,0.2554224536959637,1
2023-09-12 04:00:00,1920.800048828125,1920.800048828125,1911.300048828125,1911.300048828125,365,-0.6239276085554968,0
2023-09-13 04:00:00,1910.300048828125,1914.5999755859373,1908.9000244140625,1909.0999755859373,15,-0.11510873154304546,0
2023-09-14 04:00:00,1903.0,1910.0,1903.0,1910.0,169,0.047143912082781014,1
2023-09-15 04:00:00,1923.5,1927.300048828125,1923.5,1923.699951171875,8,0.7172749304646509,1
2023-09-18 04:00:00,1928.199951171875,1931.5,1926.4000244140625,1931.5,19,0.40547117669642585,1
2023-09-19 04:00:00,1934.0,1934.0,1932.0,1932.0,6,0.025886616619197333,1
2023-09-20 04:00:00,1945.5999755859373,1945.5999755859373,1929.199951171875,1945.5999755859373,119,0.703932483744163,1
2023-09-21 04:00:00,1924.0,1924.0,1919.199951171875,1919.199951171875,9,-1.356909166598419,0
2023-09-22 04:00:00,1925.4000244140625,1925.4000244140625,1925.4000244140625,1925.4000244140625,1,0.32305509586958436,1
2023-09-25 04:00:00,1916.5999755859373,1916.5999755859373,1916.5999755859373,1916.5999755859373,114,-0.45705041635715205,0
2023-09-26 04:00:00,1905.0,1905.0999755859373,1900.4000244140625,1900.4000244140625,161,-0.8452442543166683,0
2023-09-27 04:00:00,1871.5999755859373,1871.5999755859373,1871.5999755859373,1871.5999755859373,12251,-1.515472977169896,0
2023-09-28 04:00:00,1875.5,1878.199951171875,1856.699951171875,1860.4000244140625,4654,-0.5984158643926318,0
2023-09-29 04:00:00,1864.300048828125,1872.300048828125,1846.0,1848.0999755859373,1605,-0.6611507561122054,0
2023-10-02 04:00:00,1844.0999755859373,1845.9000244140625,1826.699951171875,1830.0,2309,-0.9793829243571417,0
2023-10-03 04:00:00,1825.0,1830.9000244140625,1816.800048828125,1824.5999755859373,310,-0.29508330131490235,0
2023-10-04 04:00:00,1821.800048828125,1828.199951171875,1816.4000244140625,1818.5,357,-0.3343185173494523,0
2023-10-05 04:00:00,1826.300048828125,1826.300048828125,1815.5999755859373,1816.5999755859373,393,-0.10448305823825832,0
2023-10-06 04:00:00,1819.0,1831.800048828125,1809.4000244140625,1830.199951171875,390,0.748649992772954,1
2023-10-09 04:00:00,1842.5,1861.5,1842.5,1849.5,232,1.054532255656948,1
2023-10-10 04:00:00,1857.0,1861.4000244140625,1852.800048828125,1861.0,236,0.621789672884554,1
2023-10-11 04:00:00,1869.5,1874.5999755859373,1869.0999755859373,1872.800048828125,65,0.634070329292058,1
2023-10-12 04:00:00,1874.699951171875,1881.199951171875,1867.0,1869.300048828125,46,-0.18688594130430447,0
2023-10-13 04:00:00,1877.5,1930.0999755859373,1877.5,1927.4000244140625,43,3.108113950051017,1
2023-10-16 04:00:00,1910.4000244140625,1921.0999755859373,1910.300048828125,1921.0999755859373,53,-0.3268677362417538,0
2023-10-17 04:00:00,1914.300048828125,1925.800048828125,1914.300048828125,1922.699951171875,103,0.08328434783566596,1
2023-10-18 04:00:00,1935.0,1957.9000244140625,1935.0,1955.300048828125,67,1.6955374465152717,1
2023-10-19 04:00:00,1950.0999755859373,1977.699951171875,1945.699951171875,1968.4000244140625,1945,0.6699726517057414,1
2023-10-20 04:00:00,1981.0999755859373,1988.5999755859373,1980.4000244140625,1982.5,557,0.7163165723966358,1
2023-10-23 04:00:00,1976.199951171875,1978.9000244140625,1972.9000244140625,1976.300048828125,127,-0.31273398092686033,0
2023-10-24 04:00:00,1970.300048828125,1975.0,1970.300048828125,1975.0,10,-0.06578195597859438,0
2023-10-25 04:00:00,1971.199951171875,1985.300048828125,1971.199951171875,1984.0999755859373,97,0.46075825751581423,1
2023-10-26 04:00:00,1988.199951171875,1988.199951171875,1980.4000244140625,1987.199951171875,521,0.15624089632995108,1
2023-10-27 04:00:00,1988.5999755859373,1988.5999755859373,1988.5999755859373,1988.5999755859373,372,0.07045211596532486,1
2023-10-30 04:00:00,2004.0999755859373,2004.0999755859373,1992.5,1996.199951171875,157,0.38217719396775873,1
2023-10-31 04:00:00,1996.5,2001.0,1983.699951171875,1985.199951171875,84,-0.5510470027585423,0
2023-11-01 04:00:00,1990.5,1990.5,1977.800048828125,1978.800048828125,41,-0.32238074255301896,0
2023-11-02 04:00:00,1989.0999755859373,1990.300048828125,1979.5,1985.5999755859373,39,0.34363890186071,1
2023-11-03 04:00:00,1989.0,1991.5,1989.0,1991.5,12,0.2971406369161267,1
2023-11-06 05:00:00,1981.5999755859373,1981.5999755859373,1977.4000244140625,1981.5999755859373,130,-0.4971139550119408,0
2023-11-07 05:00:00,1966.5,1966.800048828125,1960.699951171875,1966.800048828125,20,-0.746867528267714,0
2023-11-08 05:00:00,1967.800048828125,1967.800048828125,1947.699951171875,1951.5,43,-0.7779158251110085,0
2023-11-09 05:00:00,1951.699951171875,1964.199951171875,1945.300048828125,1964.199951171875,10,0.650778948084807,1
2023-11-10 05:00:00,1959.5999755859373,1959.5999755859373,1932.5999755859373,1932.5999755859373,375,-1.608796271840074,0
2023-11-13 05:00:00,1939.9000244140625,1947.199951171875,1934.0,1945.5,191,0.6674958386125196,1
2023-11-14 05:00:00,1965.800048828125,1965.800048828125,1961.800048828125,1961.800048828125,2,0.8378334015998412,1
2023-11-15 05:00:00,1962.800048828125,1962.800048828125,1960.0,1960.0999755859373,6,-0.08665884391242384,0
2023-11-16 05:00:00,1965.300048828125,1983.9000244140625,1964.5999755859373,1983.9000244140625,39,1.2142262703212614,1
2023-11-17 05:00:00,1982.5,1984.0,1979.800048828125,1981.5999755859373,32,-0.11593572255761408,0
2023-11-20 05:00:00,1978.699951171875,1979.4000244140625,1969.699951171875,1977.699951171875,182,-0.19681189251675724,0
2023-11-21 05:00:00,1990.699951171875,2005.5,1988.5,1999.300048828125,16,1.092182747107362,1
2023-11-22 05:00:00,1999.0999755859373,1999.4000244140625,1991.0,1991.4000244140625,6075,-0.3951395098846233,0
2023-11-24 05:00:00,1991.9000244140625,2002.199951171875,1991.5,2002.199951171875,63,0.5423283431459369,1
2023-11-27 05:00:00,2011.699951171875,2011.800048828125,2011.699951171875,2011.800048828125,228,0.47947746930225854,1
2023-11-28 05:00:00,2040.5999755859373,2042.699951171875,2039.699951171875,2039.699951171875,174665,1.3868128872947194,1
2023-11-29 05:00:00,2041.699951171875,2052.10009765625,2036.0,2047.0999755859373,15290,0.3627996563813518,1
2023-11-30 05:00:00,2046.0999755859373,2047.0999755859373,2033.0999755859373,2038.0999755859373,2506,-0.43964633419645294,0
2023-12-01 05:00:00,2038.300048828125,2073.199951171875,2036.0,2071.0,614,1.6142497820600843,1
2023-12-04 05:00:00,2075.300048828125,2130.199951171875,2021.0,2024.0999755859373,1071,-2.2646076491580236,0
2023-12-05 05:00:00,2035.0999755859373,2037.0,2010.199951171875,2018.5,289,-0.27666496978817623,0
2023-12-06 05:00:00,2019.9000244140625,2035.800048828125,2019.0,2030.5,417,0.5945008669804297,1
2023-12-07 05:00:00,2029.199951171875,2034.9000244140625,2024.0,2029.9000244140625,67,-0.02954816970881513,0
2023-12-08 05:00:00,2031.699951171875,2033.0999755859373,1995.0,1998.300048828125,449,-1.5567257109156851,0
2023-12-11 05:00:00,2004.0999755859373,2004.199951171875,1977.199951171875,1978.0,651,-1.0158659026220707,0
2023-12-12 05:00:00,1984.199951171875,1994.199951171875,1977.800048828125,1977.800048828125,95,-0.010108754897619754,0
2023-12-13 05:00:00,1978.5,2024.800048828125,1975.0,1982.300048828125,2252,0.22752552780380686,1
2023-12-14 05:00:00,2024.699951171875,2040.0999755859373,2024.300048828125,2030.199951171875,236,2.416380021383091,1
2023-12-15 05:00:00,2032.5999755859373,2043.4000244140625,2018.300048828125,2021.0999755859373,261,-0.4482305095458661,0
2023-12-18 05:00:00,2024.300048828125,2032.800048828125,2024.0,2026.300048828125,100,0.2572892635199997,1
2023-12-19 05:00:00,2025.199951171875,2042.699951171875,2025.199951171875,2038.4000244140625,498,0.5971462909915681,1
2023-12-20 05:00:00,2037.0999755859373,2037.0999755859373,2030.300048828125,2034.5,258,-0.19132772602784565,0
2023-12-21 05:00:00,2035.800048828125,2044.5,2033.0,2039.0999755859373,228,0.2260985788123504,1
2023-12-22 05:00:00,2055.699951171875,2068.699951171875,2052.199951171875,2057.10009765625,202,0.8827483833959926,1
2023-12-26 05:00:00,2060.0,2060.800048828125,2054.199951171875,2058.199951171875,64,0.05346621279529451,1
2023-12-27 05:00:00,2067.300048828125,2081.89990234375,2064.800048828125,2081.89990234375,586,1.151489249544535,1
2023-12-28 05:00:00,2081.60009765625,2087.300048828125,2066.5,2073.89990234375,338,-0.3842643919140354,0
2023-12-29 05:00:00,2068.0,2068.89990234375,2062.10009765625,2062.39990234375,47,-0.5545108511265995,0
2024-01-02 05:00:00,2063.5,2073.699951171875,2057.10009765625,2064.39990234375,61,0.09697440335054708,1
2024-01-03 05:00:00,2034.199951171875,2044.0,2034.199951171875,2034.199951171875,54,-1.462892491788459,0
2024-01-04 05:00:00,2041.5999755859373,2044.5,2038.0,2042.300048828125,88,0.3981957452896312,1
2024-01-05 05:00:00,2044.5,2048.10009765625,2042.4000244140625,2042.4000244140625,12,0.004895244750890981,1
2024-01-08 05:00:00,2019.0999755859373,2033.699951171875,2019.0999755859373,2026.5999755859373,10,-0.7736020681187616,0
2024-01-09 05:00:00,2035.800048828125,2035.800048828125,2026.4000244140625,2026.4000244140625,27,-0.009866336439534606,0
2024-01-10 05:00:00,2029.0,2035.5999755859373,2021.699951171875,2021.699951171875,538,-0.23194202455394386,0
2024-01-11 05:00:00,2025.0999755859373,2025.0999755859373,2014.300048828125,2014.300048828125,97,-0.3660237682382439,0
2024-01-12 05:00:00,2031.0999755859373,2057.0,2031.0999755859373,2046.699951171875,390,1.6084943433625654,1
2024-01-16 05:00:00,2051.699951171875,2054.800048828125,2026.0,2026.0,46,-1.011381817839141,0
2024-01-17 05:00:00,2026.5,2026.5,2002.5999755859373,2002.5999755859373,764,-1.1549863975351737,0
2024-01-18 05:00:00,2012.800048828125,2018.5999755859373,2009.5,2018.5999755859373,1474,0.7989613599849621,1
2024-01-19 05:00:00,2023.199951171875,2036.0,2019.5,2026.5,50,0.3913615629451028,1
2024-01-22 05:00:00,2021.300048828125,2021.300048828125,2019.800048828125,2019.800048828125,12,-0.33061688486922813,0
2024-01-23 05:00:00,2030.300048828125,2030.300048828125,2022.5,2023.699951171875,15,0.19308358498222322,1
2024-01-24 05:00:00,2023.199951171875,2033.199951171875,2013.9000244140625,2013.9000244140625,253,-0.4842578936733011,0
2024-01-25 05:00:00,2012.0999755859373,2022.4000244140625,2012.0999755859373,2016.9000244140625,548,0.14896469356133757,1
2024-01-26 05:00:00,2021.699951171875,2022.4000244140625,2016.800048828125,2016.800048828125,49,-0.004956893486407488,0
2024-01-29 05:00:00,2025.199951171875,2025.199951171875,2025.199951171875,2025.199951171875,150708,0.4164965361157513,1
2024-01-30 05:00:00,2032.5,2048.5,2028.0999755859373,2031.5,26907,0.3110828056498649,1
2024-01-31 05:00:00,2035.4000244140625,2055.0,2030.0,2048.39990234375,2007,0.8318928055008667,1
2024-02-01 05:00:00,2040.199951171875,2064.5,2029.0,2053.0,947,0.2245702926946258,1
2024-02-02 05:00:00,2054.800048828125,2055.89990234375,2027.699951171875,2036.0999755859373,888,-0.8231867712646279,0
2024-02-05 05:00:00,2038.9000244140625,2040.800048828125,2013.800048828125,2025.699951171875,412,-0.5107816187203351,0
2024-02-06 05:00:00,2025.9000244140625,2037.300048828125,2025.9000244140625,2034.5,249,0.43442015304557824,1
2024-02-07 05:00:00,2032.800048828125,2039.5,2032.699951171875,2035.199951171875,71,0.03440408807446893,1
2024-02-08 05:00:00,2028.0,2036.699951171875,2020.300048828125,2032.199951171875,341,-0.14740566391389098,0
2024-02-09 05:00:00,2032.0,2032.0,2020.0,2023.300048828125,62,-0.43794422584342296,0
2024-02-12 05:00:00,2025.5,2025.5,2011.5999755859373,2018.199951171875,317,-0.25206828118271574,0
2024-02-13 05:00:00,2025.0999755859373,2025.800048828125,1990.0,1992.9000244140625,198,-1.2535887112236854,0
2024-02-14 05:00:00,1990.300048828125,1993.5,1984.800048828125,1990.300048828125,1916,-0.13046191751149294,0
2024-02-15 05:00:00,1993.5999755859373,2007.199951171875,1993.5999755859373,2002.0999755859373,286,0.5928717514105397,1
2024-02-16 05:00:00,2005.0,2011.5,1996.5,2011.5,32,0.469508242779515,1
2024-02-20 05:00:00,2015.5999755859373,2029.0,2015.5999755859373,2027.5,1326,0.7954262987819982,1
2024-02-21 05:00:00,2028.199951171875,2028.199951171875,2022.300048828125,2022.300048828125,15,-0.25647108122688334,0
2024-02-22 05:00:00,2033.199951171875,2033.199951171875,2019.699951171875,2019.699951171875,964,-0.12857130957182328,0
2024-02-23 05:00:00,2026.0,2038.5999755859373,2014.9000244140625,2038.5999755859373,22,0.9357837733815932,1
2024-02-26 05:00:00,2034.0999755859373,2035.4000244140625,2024.800048828125,2028.5,143,-0.495436854061293,0
2024-02-27 05:00:00,2035.9000244140625,2035.9000244140625,2034.0,2034.0,964,0.2711363076164597,1
2024-02-28 05:00:00,2029.5,2037.0,2024.800048828125,2033.0,581,-0.0491642084562427,0
2024-02-29 05:00:00,2034.300048828125,2049.800048828125,2034.300048828125,2045.699951171875,706,0.6246901707759545,1
2024-03-01 05:00:00,2043.0999755859373,2086.89990234375,2041.800048828125,2086.89990234375,1210,2.0139782057614797,1
2024-03-04 05:00:00,2083.60009765625,2119.800048828125,2080.699951171875,2117.699951171875,805,1.4758757137097955,1
2024-03-05 05:00:00,2114.89990234375,2133.5,2111.39990234375,2133.5,1287,0.746094781717388,1
2024-03-06 05:00:00,2125.5,2150.300048828125,2125.5,2150.300048828125,443,0.7874407700082076,1
2024-03-07 05:00:00,2147.0,2163.0,2147.0,2158.0,152,0.3580872900073251,1
2024-03-08 05:00:00,2167.300048828125,2194.89990234375,2166.300048828125,2178.60009765625,259,0.9545921064064045,1
2024-03-11 04:00:00,2181.0,2184.0,2177.199951171875,2182.5,738,0.17900955517011763,1
2024-03-12 04:00:00,2182.5,2182.699951171875,2160.39990234375,2160.39990234375,550,-1.0126047036082442,0
2024-03-13 04:00:00,2162.5,2175.39990234375,2162.5,2175.39990234375,20,0.6943158988170106,1
2024-03-14 04:00:00,2163.0,2163.0,2162.300048828125,2163.0,515,-0.5700056495539285,0
2024-03-15 04:00:00,2161.699951171875,2161.699951171875,2157.300048828125,2157.300048828125,100,-0.26352062745608196,0
2024-03-18 04:00:00,2146.199951171875,2160.699951171875,2146.199951171875,2160.699951171875,21,0.15759988257531,1
2024-03-19 04:00:00,2156.10009765625,2156.300048828125,2156.10009765625,2156.300048828125,12,-0.20363319494517418,0
2024-03-20 04:00:00,2157.300048828125,2185.89990234375,2150.89990234375,2157.89990234375,17,0.0741943829428715,1
2024-03-21 04:00:00,2207.0,2211.60009765625,2182.39990234375,2182.39990234375,63,1.1353631358614003,1
2024-03-22 04:00:00,2179.199951171875,2179.60009765625,2157.5,2158.10009765625,19,-1.11344417956597,0
2024-03-25 04:00:00,2166.199951171875,2179.39990234375,2166.199951171875,2174.800048828125,79,0.7738265333480765,1
2024-03-26 04:00:00,2182.699951171875,2182.699951171875,2175.60009765625,2175.60009765625,202373,0.03678723607516421,1
2024-03-27 04:00:00,2179.39990234375,2196.199951171875,2172.10009765625,2190.60009765625,31200,0.6894649442312106,1
2024-03-28 04:00:00,2193.60009765625,2234.10009765625,2187.10009765625,2217.39990234375,2040,1.2234001411838502,1
2024-04-01 04:00:00,2235.699951171875,2264.199951171875,2230.0,2236.5,400,0.8613736131250604,1
2024-04-02 04:00:00,2252.0,2279.199951171875,2247.60009765625,2261.0,435,1.0954616588419341,1
2024-04-03 04:00:00,2281.699951171875,2298.800048828125,2267.89990234375,2294.39990234375,285,1.4772181487726632,1
2024-04-04 04:00:00,2301.699951171875,2302.89990234375,2280.0,2288.800048828125,251,-0.24406615036484114,0
2024-04-05 04:00:00,2289.199951171875,2328.39990234375,2267.39990234375,2325.699951171875,344,1.6121942308871873,1
2024-04-08 04:00:00,2325.60009765625,2341.800048828125,2319.0,2331.699951171875,202,0.25798684808746586,1
2024-04-09 04:00:00,2337.800048828125,2364.699951171875,2337.800048828125,2343.5,211,0.5060706383852809,1
2024-04-10 04:00:00,2346.60009765625,2358.10009765625,2327.699951171875,2329.60009765625,377,-0.593125766748448,0
2024-04-11 04:00:00,2341.5,2376.300048828125,2330.60009765625,2354.800048828125,283,1.0817286278974603,1
2024-04-12 04:00:00,2377.300048828125,2429.0,2334.300048828125,2356.199951171875,584,0.0594488837575291,1
2024-04-15 04:00:00,2362.10009765625,2384.699951171875,2326.0,2365.800048828125,1801,0.40743985464710697,1
2024-04-16 04:00:00,2384.0,2390.800048828125,2371.39990234375,2390.800048828125,41,1.0567249760766284,1
2024-04-17 04:00:00,2384.199951171875,2391.39990234375,2369.300048828125,2371.699951171875,37,-0.7988998354593546,0
2024-04-18 04:00:00,2368.39990234375,2384.39990234375,2368.39990234375,2382.300048828125,128,0.4469409231556698,1
2024-04-19 04:00:00,2379.300048828125,2399.800048828125,2377.300048828125,2398.39990234375,160,0.6758113245871167,1
2024-04-22 04:00:00,2383.300048828125,2383.300048828125,2326.89990234375,2332.199951171875,53,-2.7601715254901182,0
2024-04-23 04:00:00,2327.699951171875,2330.800048828125,2294.199951171875,2327.699951171875,171,-0.19295086588689836,0
2024-04-24 04:00:00,2321.300048828125,2328.699951171875,2314.60009765625,2324.5,95,-0.13747266567858407,0
2024-04-25 04:00:00,2315.0,2329.800048828125,2305.0,2329.800048828125,1024,0.22800812338674703,1
2024-04-26 04:00:00,2347.89990234375,2347.89990234375,2332.800048828125,2334.800048828125,717,0.2146106916992796,1
2024-04-29 04:00:00,2334.800048828125,2345.5,2327.89990234375,2345.39990234375,405,0.4539940591891556,1
2024-04-30 04:00:00,2322.5,2322.5,2291.39990234375,2291.39990234375,113,-2.302379220960915,0
2024-05-01 04:00:00,2287.699951171875,2327.300048828125,2283.800048828125,2299.89990234375,42,0.37095227207202264,1
2024-05-02 04:00:00,2321.699951171875,2324.699951171875,2292.300048828125,2299.199951171875,56,-0.030433984155642246,0
2024-05-03 04:00:00,2300.0,2301.0,2277.60009765625,2299.0,194,-0.008696554285025915,0
2024-05-06 04:00:00,2322.800048828125,2325.5,2314.199951171875,2321.60009765625,9,0.9830403504240914,1
2024-05-07 04:00:00,2324.300048828125,2324.300048828125,2315.199951171875,2315.199951171875,25,-0.2756782484130804,0
2024-05-08 04:00:00,2313.60009765625,2313.60009765625,2313.60009765625,2313.60009765625,4,-0.06910217473075075,0
2024-05-09 04:00:00,2310.699951171875,2339.5,2310.699951171875,2332.10009765625,5,0.7996196066356154,1
2024-05-10 04:00:00,2367.300048828125,2367.300048828125,2367.300048828125,2367.300048828125,126,1.509367081080737,1
2024-05-13 04:00:00,2358.300048828125,2358.300048828125,2336.10009765625,2336.10009765625,14,-1.3179550765995973,0
2024-05-14 04:00:00,2336.0,2358.0,2336.0,2353.39990234375,6,0.7405420985537647,1
2024-05-15 04:00:00,2361.60009765625,2388.699951171875,2356.0,2388.699951171875,29,1.4999596453186603,1
2024-05-16 04:00:00,2389.5,2392.199951171875,2380.0,2380.0,7,-0.36421280821004043,0
2024-05-17 04:00:00,2380.699951171875,2415.800048828125,2380.699951171875,2412.199951171875,213,1.3529391248686906,1
2024-05-20 04:00:00,2415.800048828125,2435.800048828125,2409.699951171875,2433.89990234375,40,0.8995917258572517,1
2024-05-21 04:00:00,2429.5,2429.5,2421.0,2421.699951171875,6,-0.5012511467758718,0
2024-05-22 04:00:00,2417.5,2417.60009765625,2375.800048828125,2389.199951171875,180,-1.3420324835978548,0
2024-05-23 04:00:00,2371.199951171875,2371.199951171875,2335.0,2335.0,365,-2.2685397739645285,0
2024-05-24 04:00:00,2342.60009765625,2345.39990234375,2332.5,2332.5,25,-0.10706638115631772,0
2024-05-28 04:00:00,2336.89990234375,2359.699951171875,2336.89990234375,2355.199951171875,26,0.9732026225884205,1
2024-05-29 04:00:00,2340.300048828125,2340.300048828125,2340.300048828125,2340.300048828125,119317,-0.6326385297492965,0
2024-05-30 04:00:00,2336.89990234375,2349.5,2320.800048828125,2342.89990234375,32587,0.11109060639156176,1
2024-05-31 04:00:00,2344.10009765625,2354.0,2319.0,2322.89990234375,941,-0.8536429567474357,0
2024-06-03 04:00:00,2322.60009765625,2347.5,2312.0,2346.60009765625,781,1.0202848296901212,1
2024-06-04 04:00:00,2347.5,2347.699951171875,2313.89990234375,2325.5,890,-0.8991773961538829,0
2024-06-05 04:00:00,2326.39990234375,2354.300048828125,2326.199951171875,2354.10009765625,295,1.2298472438722952,1
2024-06-06 04:00:00,2355.0,2375.800048828125,2355.0,2370.300048828125,179,0.6881589779467623,1
2024-06-07 04:00:00,2379.89990234375,2385.10009765625,2285.39990234375,2305.199951171875,269,-2.7464918497738466,0
2024-06-10 04:00:00,2290.60009765625,2309.300048828125,2290.5,2307.699951171875,69,0.10845046212710763,1
2024-06-11 04:00:00,2300.0,2314.10009765625,2300.0,2307.5,871,-0.008664522082846293,0
2024-06-12 04:00:00,2314.89990234375,2338.699951171875,2310.300048828125,2336.0,132,1.2351029252437806,1
2024-06-13 04:00:00,2309.39990234375,2317.699951171875,2296.199951171875,2300.199951171875,298,-1.5325363368204226,0
2024-06-14 04:00:00,2307.0,2331.39990234375,2305.800048828125,2331.39990234375,948,1.3564016969907167,1
2024-06-17 04:00:00,2320.199951171875,2320.199951171875,2309.60009765625,2312.39990234375,110,-0.8149610017955,0
2024-06-18 04:00:00,2311.800048828125,2330.39990234375,2311.800048828125,2330.39990234375,43,0.778412072313106,1
2024-06-20 04:00:00,2328.89990234375,2354.0,2328.300048828125,2353.800048828125,183,1.0041257923518065,1
2024-06-21 04:00:00,2331.199951171875,2331.199951171875,2316.39990234375,2316.39990234375,76,-1.5889262345370136,0
2024-06-24 04:00:00,2323.300048828125,2332.89990234375,2322.699951171875,2330.0,99,0.5871221822488115,1
2024-06-25 04:00:00,2324.39990234375,2333.0,2316.60009765625,2316.60009765625,105,-0.5751031048819688,0
2024-06-26 04:00:00,2307.89990234375,2314.39990234375,2298.0,2299.199951171875,986,-0.7511070426863498,0
2024-06-27 04:00:00,2296.800048828125,2329.0,2295.0,2324.5,1532,1.1003848888927692,1
2024-06-28 04:00:00,2325.39990234375,2338.300048828125,2319.0,2327.699951171875,92,0.13766191318025367,1
2024-07-01 04:00:00,2323.800048828125,2329.699951171875,2321.699951171875,2327.60009765625,237,-0.004289793260281449,0
2024-07-02 04:00:00,2330.699951171875,2334.60009765625,2323.0,2323.0,30,-0.19763264578318562,0
2024-07-03 04:00:00,2330.89990234375,2361.60009765625,2330.89990234375,2359.800048828125,59,1.5841605177841167,1
2024-07-05 04:00:00,2354.89990234375,2388.5,2354.89990234375,2388.5,72,1.2162026687865923,1
2024-07-08 04:00:00,2381.699951171875,2383.800048828125,2352.800048828125,2355.199951171875,64,-1.3941824922807156,0
2024-07-09 04:00:00,2363.10009765625,2363.699951171875,2360.10009765625,2360.10009765625,9,0.20805649566768558,1
2024-07-10 04:00:00,2366.300048828125,2377.0,2365.800048828125,2372.199951171875,19,0.5126839123324123,1
2024-07-11 04:00:00,2378.699951171875,2416.699951171875,2378.699951171875,2415.0,72,1.804234453633713,1
2024-07-12 04:00:00,2399.800048828125,2414.0,2391.300048828125,2414.0,355,-0.041407867494824835,0
2024-07-15 04:00:00,2430.0,2436.0,2422.89990234375,2422.89990234375,540,0.3686786389291541,1
2024-07-16 04:00:00,2427.39990234375,2462.39990234375,2427.39990234375,2462.39990234375,93,1.6302778320222977,1
2024-07-17 04:00:00,2472.89990234375,2473.10009765625,2454.800048828125,2454.800048828125,10,-0.3086360387031917,0
2024-07-18 04:00:00,2466.0,2466.0,2451.800048828125,2451.800048828125,2,-0.12220954620854041,0
2024-07-19 04:00:00,2418.800048828125,2419.199951171875,2395.5,2395.5,15,-2.296274072391602,0
2024-07-22 04:00:00,2402.10009765625,2402.10009765625,2392.0,2392.0,18,-0.1461072844917588,0
2024-07-23 04:00:00,2395.800048828125,2404.60009765625,2388.699951171875,2404.60009765625,41,0.5267599354619623,1
2024-07-24 04:00:00,2421.0,2421.0,2411.60009765625,2413.300048828125,6,0.36180449216294264,1
2024-07-25 04:00:00,2365.5,2365.5,2351.89990234375,2351.89990234375,31,-2.544240054782676,0
2024-07-26 04:00:00,2368.699951171875,2386.89990234375,2368.699951171875,2380.0,95,1.1947828914082192,1
2024-07-29 04:00:00,2377.300048828125,2377.300048828125,2377.300048828125,2377.300048828125,126409,-0.11344332654936728,0
2024-07-30 04:00:00,2380.89990234375,2409.300048828125,2373.800048828125,2405.0,25944,1.1651853196036122,1
2024-07-31 04:00:00,2407.10009765625,2447.60009765625,2402.800048828125,2426.5,1313,0.8939708939708968,1
2024-08-01 04:00:00,2446.699951171875,2455.10009765625,2430.39990234375,2435.0,690,0.35029878425716365,1
2024-08-02 04:00:00,2444.0,2477.0,2416.0,2425.699951171875,550,-0.38193219006673607,0
2024-08-05 04:00:00,2442.0,2449.800048828125,2367.39990234375,2401.699951171875,334,-0.9894051400877291,0
2024-08-06 04:00:00,2414.5,2421.800048828125,2380.0,2389.10009765625,163,-0.5246222996955541,0
2024-08-07 04:00:00,2392.199951171875,2401.0,2384.5,2390.5,130,0.058595382634796245,1
2024-08-08 04:00:00,2384.300048828125,2422.800048828125,2384.300048828125,2422.199951171875,201,1.326080366947302,1
2024-08-09 04:00:00,2422.300048828125,2432.10009765625,2418.5,2432.10009765625,611,0.4087254018639186,1
2024-08-12 04:00:00,2432.699951171875,2469.800048828125,2432.0,2462.39990234375,566,1.2458288504120008,1
2024-08-13 04:00:00,2461.0,2470.0,2456.5,2466.699951171875,510,0.17462837064086134,1
2024-08-14 04:00:00,2468.0,2472.10009765625,2439.39990234375,2439.39990234375,274,-1.1067438021862053,0
2024-08-15 04:00:00,2451.800048828125,2467.699951171875,2431.199951171875,2453.10009765625,285,0.5616215405820579,1
2024-08-16 04:00:00,2453.5,2508.0,2451.39990234375,2498.60009765625,197,1.8547958986048663,1
2024-08-19 04:00:00,2508.5,2508.5,2487.199951171875,2501.800048828125,88,0.1280697609383985,1
2024-08-20 04:00:00,2503.5,2527.300048828125,2500.699951171875,2511.300048828125,187,0.3797265894390778,1
2024-08-21 04:00:00,2511.0,2515.39990234375,2503.89990234375,2508.39990234375,96,-0.11548387002693339,0
2024-08-22 04:00:00,2504.10009765625,2504.10009765625,2471.10009765625,2478.89990234375,210,-1.1760485229024398,0
2024-08-23 04:00:00,2486.5,2508.39990234375,2486.5,2508.39990234375,94,1.1900440179980043,1
2024-08-26 04:00:00,2509.89990234375,2523.10009765625,2509.10009765625,2517.699951171875,290,0.3707562266860087,1
2024-08-27 04:00:00,2515.199951171875,2523.10009765625,2506.89990234375,2516.0,100,-0.06752000654739465,0
2024-08-28 04:00:00,2501.0,2501.0,2501.0,2501.0,2353,-0.59618441971383,0
2024-08-29 04:00:00,2504.10009765625,2525.699951171875,2503.89990234375,2525.699951171875,3966,0.9876030056727325,1
2024-08-30 04:00:00,2519.5,2525.39990234375,2493.800048828125,2493.800048828125,208,-1.2630123514453473,0
2024-09-03 04:00:00,2501.60009765625,2501.800048828125,2476.300048828125,2489.89990234375,206,-0.15639371272799796,0
2024-09-04 04:00:00,2490.89990234375,2493.39990234375,2483.5,2493.39990234375,470,0.14056789980614326,1
2024-09-05 04:00:00,2493.699951171875,2513.300048828125,2493.39990234375,2511.39990234375,54,0.7219058596689809,1
2024-09-06 04:00:00,2510.300048828125,2517.89990234375,2483.699951171875,2493.5,96,-0.7127459998324093,0
2024-09-09 04:00:00,2491.300048828125,2504.699951171875,2491.300048828125,2501.800048828125,96,0.3328674083868055,1
2024-09-10 04:00:00,2512.300048828125,2512.300048828125,2512.300048828125,2512.300048828125,5,0.4196978093800263,1
2024-09-11 04:00:00,2525.800048828125,2525.800048828125,2502.300048828125,2512.10009765625,90,-0.00795888898574848,0
2024-09-12 04:00:00,2529.10009765625,2557.0,2523.39990234375,2551.199951171875,132,1.5564608095077315,1
2024-09-13 04:00:00,2568.800048828125,2581.800048828125,2565.0,2581.300048828125,31,1.1798407899162866,1
2024-09-16 04:00:00,2580.39990234375,2580.39990234375,2580.39990234375,2580.39990234375,28,-0.03487182688365342,0
2024-09-17 04:00:00,2581.199951171875,2581.800048828125,2564.300048828125,2564.300048828125,22,-0.6239286205599992,0
2024-09-18 04:00:00,2570.699951171875,2570.699951171875,2549.199951171875,2570.699951171875,25,0.24957696922693895,1
2024-09-19 04:00:00,2566.0,2588.0,2566.0,2588.0,99,0.6729703643647111,1
2024-09-20 04:00:00,2590.39990234375,2621.800048828125,2590.39990234375,2619.89990234375,17,1.2326082822160078,1
2024-09-23 04:00:00,2626.5,2626.5,2626.5,2626.5,9,0.2519217490082548,1
2024-09-24 04:00:00,2636.800048828125,2662.300048828125,2625.5,2651.199951171875,35,0.9404131418951023,1
2024-09-25 04:00:00,2656.300048828125,2664.199951171875,2649.300048828125,2659.199951171875,175,0.3017501564325231,1
2024-09-26 04:00:00,2662.300048828125,2669.89990234375,2660.800048828125,2669.89990234375,17216,0.4023748258253246,1
2024-09-27 04:00:00,2670.0,2672.10009765625,2641.699951171875,2644.300048828125,4228,-0.9588319582000904,0
2024-09-30 04:00:00,2660.89990234375,2662.10009765625,2623.199951171875,2636.10009765625,973,-0.31009911963315595,0
2024-10-01 04:00:00,2631.39990234375,2670.89990234375,2631.39990234375,2667.300048828125,153,1.1835647363927837,1
2024-10-02 04:00:00,2650.60009765625,2657.199951171875,2640.0,2647.10009765625,72,-0.7573182919840549,0
2024-10-03 04:00:00,2642.800048828125,2657.10009765625,2640.0,2657.10009765625,354,0.3777718873892999,1
2024-10-04 04:00:00,2656.0,2667.0,2639.0,2645.800048828125,114,-0.4252774985064489,0
2024-10-07 04:00:00,2648.699951171875,2657.39990234375,2639.0,2644.800048828125,284,-0.037795751059988,0
2024-10-08 04:00:00,2639.0,2639.0,2609.300048828125,2615.0,687,-1.1267410873396222,0
2024-10-09 04:00:00,2603.0,2607.699951171875,2603.0,2606.0,152,-0.34416826003823564,0
2024-10-10 04:00:00,2602.5,2628.300048828125,2602.5,2620.60009765625,320,0.5602493344685433,1
2024-10-11 04:00:00,2638.300048828125,2658.10009765625,2638.199951171875,2657.60009765625,12,1.4118903541632033,1
2024-10-14 04:00:00,2655.0,2655.300048828125,2647.800048828125,2647.800048828125,40,-0.3687555865447112,0
2024-10-15 04:00:00,2661.39990234375,2661.39990234375,2661.39990234375,2661.39990234375,39,0.5136284184919404,1
2024-10-16 04:00:00,2674.0,2674.0,2674.0,2674.0,6,0.4734387209210489,1
2024-10-17 04:00:00,2677.39990234375,2691.699951171875,2677.199951171875,2691.0,30,0.6357516828721099,1
2024-10-18 04:00:00,2713.699951171875,2719.60009765625,2713.699951171875,2713.699951171875,29,0.843550768185608,1
2024-10-21 04:00:00,2721.89990234375,2738.39990234375,2719.5,2723.10009765625,52,0.3463959410956896,1
2024-10-22 04:00:00,2731.699951171875,2746.0,2728.60009765625,2744.199951171875,93,0.7748467834063577,1
2024-10-23 04:00:00,2742.5,2742.5,2714.199951171875,2714.39990234375,18,-1.0859284803718228,0
2024-10-24 04:00:00,2729.0,2736.10009765625,2729.0,2734.89990234375,27,0.7552313858506743,1
2024-10-25 04:00:00,2725.5,2742.39990234375,2725.5,2740.89990234375,29,0.21938645706405246,1
2024-10-28 04:00:00,2736.10009765625,2742.89990234375,2729.5,2742.89990234375,56,0.07296873549778038,1
2024-10-29 04:00:00,2768.39990234375,2768.39990234375,2768.39990234375,2768.39990234375,848,0.9296730069591863,1
2024-10-30 04:00:00,2774.60009765625,2789.0,2774.60009765625,2788.5,231,0.7260547018237196,1
2024-10-31 04:00:00,2787.39990234375,2787.5,2733.5,2738.300048828125,849,-1.8002492799668257,0
2024-11-01 04:00:00,2745.5,2756.0,2734.199951171875,2738.60009765625,109,0.01095748540242969,1
2024-11-04 05:00:00,2736.5,2737.10009765625,2736.10009765625,2736.10009765625,16,-0.0912875159151394,0
2024-11-05 05:00:00,2743.0,2743.89990234375,2740.300048828125,2740.300048828125,23,0.15350137136695974,1
2024-11-06 05:00:00,2734.5,2734.5,2659.39990234375,2667.60009765625,427,-2.6529923685898793,0
2024-11-07 05:00:00,2662.5,2699.10009765625,2662.5,2698.39990234375,676,1.154588527514333,1
2024-11-08 05:00:00,2688.5,2694.60009765625,2682.89990234375,2687.5,1038,-0.4039394729551615,0
2024-11-11 05:00:00,2671.699951171875,2671.699951171875,2611.199951171875,2611.199951171875,20,-2.8390715843023218,0
2024-11-12 05:00:00,2605.5,2605.5,2592.800048828125,2600.0,118,-0.4289197066983941,0
2024-11-13 05:00:00,2611.10009765625,2611.800048828125,2580.800048828125,2580.800048828125,53,-0.7384596604567362,0
2024-11-14 05:00:00,2555.10009765625,2576.199951171875,2554.199951171875,2568.199951171875,27,-0.488224481473154,0
2024-11-15 05:00:00,2565.699951171875,2565.699951171875,2565.699951171875,2565.699951171875,20,-0.09734444542992549,0
2024-11-18 05:00:00,2591.699951171875,2610.699951171875,2589.39990234375,2610.60009765625,136,1.7500154865679907,1
2024-11-19 05:00:00,2621.89990234375,2627.699951171875,2619.300048828125,2627.10009765625,87,0.6320385881703361,1
2024-11-20 05:00:00,2638.5,2648.199951171875,2638.5,2648.199951171875,27,0.8031613844653007,1
2024-11-21 05:00:00,2659.300048828125,2672.10009765625,2655.699951171875,2672.10009765625,33,0.9025053593026078,1
2024-11-22 05:00:00,2687.5,2710.5,2685.60009765625,2709.89990234375,41,1.414610355377599,1
2024-11-25 05:00:00,2689.39990234375,2689.39990234375,2616.800048828125,2616.800048828125,94,-3.4355458456271526,0
2024-11-26 05:00:00,2625.60009765625,2625.60009765625,2620.300048828125,2620.300048828125,177858,0.13375114394267307,1
2024-11-27 05:00:00,2633.5,2657.89990234375,2627.199951171875,2639.89990234375,61653,0.7480003492115639,1
2024-11-29 05:00:00,2636.39990234375,2664.300048828125,2620.699951171875,2657.0,3861,0.647755531983174,1
2024-12-02 05:00:00,2649.0,2649.800048828125,2621.699951171875,2634.89990234375,695,-0.8317688240967236,0
2024-12-03 05:00:00,2639.0,2654.699951171875,2636.0,2644.699951171875,1062,0.3719324904679633,1
2024-12-04 05:00:00,2639.199951171875,2658.300048828125,2637.0,2653.800048828125,249,0.34408809408483787,1
2024-12-05 05:00:00,2652.39990234375,2655.0,2625.699951171875,2626.60009765625,573,-1.0249435025779796,0
2024-12-06 05:00:00,2620.199951171875,2643.10009765625,2617.5,2638.60009765625,571,0.45686437043490624,1
2024-12-09 05:00:00,2632.10009765625,2677.10009765625,2630.800048828125,2664.89990234375,935,0.9967332568076914,1
2024-12-10 05:00:00,2662.300048828125,2698.199951171875,2661.0,2697.60009765625,437,1.2270703032313035,1
2024-12-11 05:00:00,2701.800048828125,2733.800048828125,2693.10009765625,2733.800048828125,3387,1.3419317119437668,1
2024-12-12 05:00:00,2725.10009765625,2725.10009765625,2677.39990234375,2687.5,2365,-1.6936150413770057,0
2024-12-13 05:00:00,2688.199951171875,2689.300048828125,2647.89990234375,2656.0,1125,-1.1720930232558158,0
2024-12-16 05:00:00,2658.300048828125,2663.300048828125,2651.0,2651.39990234375,877,-0.17319644790098065,0
2024-12-17 05:00:00,2651.800048828125,2652.300048828125,2632.5,2644.39990234375,705,-0.2640114753648559,0
2024-12-18 05:00:00,2644.300048828125,2647.10009765625,2590.199951171875,2636.5,566,-0.29874083480143643,0
2024-12-19 05:00:00,2582.10009765625,2610.300048828125,2582.10009765625,2592.199951171875,238,-1.6802597696994104,0
2024-12-20 05:00:00,2605.300048828125,2631.60009765625,2604.89990234375,2628.699951171875,592,1.408070391464178,1
2024-12-23 05:00:00,2620.0,2627.699951171875,2611.10009765625,2612.300048828125,451,-0.6238788240719106,0
2024-12-24 05:00:00,2613.0,2620.0,2609.5,2620.0,35,0.2947575327470142,1
2024-12-26 05:00:00,2628.5,2638.800048828125,2627.89990234375,2638.800048828125,84,0.7175591155772931,1
2024-12-27 05:00:00,2617.699951171875,2617.699951171875,2616.39990234375,2617.199951171875,642,-0.8185575737669981,0
2024-12-30 05:00:00,2620.699951171875,2626.89990234375,2597.0,2606.10009765625,794,-0.42411178827413964,0
2024-12-31 05:00:00,2608.39990234375,2629.199951171875,2604.89990234375,2629.199951171875,401,0.8863762959987476,1
2025-01-02 05:00:00,2633.0,2663.10009765625,2633.0,2658.89990234375,1728,1.1296193413755873,1
2025-01-03 05:00:00,2658.699951171875,2658.699951171875,2641.800048828125,2645.0,591,-0.5227689215189235,0
2025-01-06 05:00:00,2645.5,2647.0,2617.300048828125,2638.39990234375,960,-0.2495311023156921,0
2025-01-07 05:00:00,2653.39990234375,2657.5,2653.0,2656.699951171875,643,0.6936040594857751,1
2025-01-08 05:00:00,2655.5,2676.89990234375,2653.5,2664.5,999,0.2935991633034929,1
2025-01-09 05:00:00,2669.699951171875,2686.300048828125,2667.89990234375,2683.800048828125,1139,0.7243403575952323,1
2025-01-10 05:00:00,2686.10009765625,2720.10009765625,2683.699951171875,2708.5,403,0.9203349997202626,1
2025-01-13 05:00:00,2711.10009765625,2711.199951171875,2673.5,2673.5,765,-1.2922281705741168,0
2025-01-14 05:00:00,2673.60009765625,2688.300048828125,2670.800048828125,2677.5,794,0.14961660744343686,1
2025-01-15 05:00:00,2690.800048828125,2712.5,2690.800048828125,2712.5,930,1.3071895424836555,1
2025-01-16 05:00:00,2731.699951171875,2749.800048828125,2731.699951171875,2746.39990234375,1721,1.2497659850230436,1
2025-01-17 05:00:00,2736.0,2751.60009765625,2725.5,2744.300048828125,1214,-0.07645840337501264,0
2025-01-21 05:00:00,2746.0,2755.0,2724.800048828125,2755.0,1439,0.38989727732010593,1
2025-01-22 05:00:00,2754.5,2768.800048828125,2753.5,2767.60009765625,2079,0.45735381692377786,1
2025-01-23 05:00:00,2760.0,2765.0,2745.39990234375,2763.10009765625,2201,-0.16259574509376318,0
2025-01-24 05:00:00,2759.800048828125,2792.0,2759.800048828125,2777.300048828125,1593,0.5139137443453512,1
2025-01-27 05:00:00,2761.10009765625,2762.199951171875,2737.5,2737.5,984,-1.4330482169155112,0
2025-01-28 05:00:00,2738.0,2766.800048828125,2738.0,2766.800048828125,2307,1.0703214183789944,1
2025-01-29 05:00:00,2769.10009765625,2769.10009765625,2769.10009765625,2769.10009765625,125692,0.08313028724642457,1
2025-01-30 05:00:00,2772.5,2829.5,2770.0,2823.0,40141,1.9464772107505413,1
2025-01-31 05:00:00,2829.0,2838.0,2804.0,2812.5,3443,-0.37194473963868546,0
2025-02-03 05:00:00,2818.199951171875,2848.39990234375,2780.89990234375,2833.89990234375,2649,0.7608854166666568,1
2025-02-04 05:00:00,2827.60009765625,2853.300048828125,2816.10009765625,2853.300048828125,2187,0.6845741611526401,1
2025-02-05 05:00:00,2850.0,2880.5,2848.0,2871.60009765625,4519,0.6413643330515084,1
2025-02-06 05:00:00,2865.199951171875,2871.699951171875,2836.300048828125,2856.0,3116,-0.5432545314712378,0
2025-02-07 05:00:00,2859.89990234375,2889.5,2857.800048828125,2867.300048828125,1822,0.39565997297357214,1
2025-02-10 05:00:00,2864.199951171875,2916.10009765625,2863.800048828125,2914.300048828125,2237,1.6391727129920985,1
2025-02-11 05:00:00,2925.5,2945.39990234375,2890.0,2912.5,2554,-0.06176607754746488,0
2025-02-12 05:00:00,2902.0,2912.300048828125,2868.60009765625,2909.0,2504,-0.1201716738197467,0
2025-02-13 05:00:00,2911.300048828125,2937.699951171875,2910.60009765625,2925.89990234375,4670,0.5809522978257098,1
2025-02-14 05:00:00,2937.300048828125,2944.39990234375,2874.800048828125,2883.60009765625,1992,-1.445702385567471,0
2025-02-18 05:00:00,2879.199951171875,2936.39990234375,2873.800048828125,2931.60009765625,4010,1.664585877875835,1
2025-02-19 05:00:00,2938.699951171875,2946.0,2917.10009765625,2919.39990234375,2630,-0.41616164913672593,0
2025-02-20 05:00:00,2949.10009765625,2955.800048828125,2924.199951171875,2940.0,656,0.7056278120620485,1
2025-02-21 05:00:00,2938.800048828125,2940.0,2917.300048828125,2937.60009765625,570,-0.08162933142006334,0
2025-02-24 05:00:00,2933.10009765625,2957.89990234375,2933.10009765625,2947.89990234375,415,0.3506197012900891,1
2025-02-25 05:00:00,2938.699951171875,2943.199951171875,2890.0,2904.5,1854,-1.4722312080286182,0
2025-02-26 05:00:00,2913.5,2917.0,2913.0,2916.800048828125,2050,0.4234824867662246,1
2025-02-27 05:00:00,2918.5,2922.800048828125,2870.39990234375,2883.199951171875,3215,-1.1519506683274172,0
2025-02-28 05:00:00,2877.10009765625,2877.10009765625,2834.10009765625,2836.800048828125,990,-1.6093196146486743,0
2025-03-03 05:00:00,2872.699951171875,2891.800048828125,2863.39990234375,2890.199951171875,423,1.8823992323959926,1
2025-03-04 05:00:00,2886.10009765625,2927.89990234375,2886.10009765625,2909.60009765625,885,0.6712389043017186,1
2025-03-05 05:00:00,2916.699951171875,2922.0,2893.0,2915.300048828125,551,0.19590153218878026,1
2025-03-06 05:00:00,2904.0,2918.60009765625,2903.800048828125,2916.60009765625,870,0.04459399740508463,1
2025-03-07 05:00:00,2900.89990234375,2927.300048828125,2900.5,2904.699951171875,531,-0.40801433470216697,0
2025-03-10 04:00:00,2910.10009765625,2915.10009765625,2880.199951171875,2891.0,55,-0.47164772273114997,0
2025-03-11 04:00:00,2884.39990234375,2916.699951171875,2880.39990234375,2912.89990234375,197,0.7575199703822255,1
2025-03-12 04:00:00,2912.0,2939.10009765625,2910.0,2939.10009765625,213,0.8994540214519287,1
2025-03-13 04:00:00,2937.10009765625,2988.0,2935.199951171875,2984.300048828125,2366,1.5378840349098422,1
2025-03-14 04:00:00,2994.39990234375,3004.800048828125,2986.0,2994.5,1800,0.3417870524071498,1
2025-03-17 04:00:00,2991.0,3001.5,2989.0,3000.0,214,0.18367006177992806,1
2025-03-18 04:00:00,3006.39990234375,3039.199951171875,3004.39990234375,3035.10009765625,428,1.1700032552083295,1
2025-03-19 04:00:00,3035.199951171875,3050.89990234375,3030.89990234375,3035.89990234375,175,0.026351838877336498,1
2025-03-20 04:00:00,3047.300048828125,3047.300048828125,3034.39990234375,3040.0,185,0.13505378267197887,1
2025-03-21 04:00:00,3034.5,3037.5,3000.89990234375,3018.199951171875,151,-0.7171068693462179,0
2025-03-24 04:00:00,3024.300048828125,3024.300048828125,3006.0,3013.10009765625,137,-0.16897003505831343,0
2025-03-25 04:00:00,3026.39990234375,3028.800048828125,3023.699951171875,3023.699951171875,74,0.3517922794489925,1
2025-03-26 04:00:00,3033.199951171875,3033.199951171875,3019.5,3020.89990234375,83,-0.0926033956193284,0
2025-03-27 04:00:00,3025.5,3065.0,3025.5,3060.199951171875,124359,1.3009384653107636,1
2025-03-28 04:00:00,3069.699951171875,3094.89990234375,3066.800048828125,3086.5,31206,0.8594225621777918,1
2025-03-31 04:00:00,3091.0,3132.5,3086.0,3122.800048828125,3438,1.1760910036651584,1
2025-04-01 04:00:00,3129.699951171875,3149.5,3104.0,3118.89990234375,1721,-0.12489260994595908,0
2025-04-02 04:00:00,3120.699951171875,3168.60009765625,3117.39990234375,3139.89990234375,5946,0.6733143306144385,1
2025-04-03 04:00:00,3150.0,3166.89990234375,3052.0,3097.0,5516,-1.3662824828182485,0
2025-04-04 04:00:00,3110.5,3127.699951171875,3011.0,3012.0,3247,-2.744591540200192,0
2025-04-07 04:00:00,3016.39990234375,3050.800048828125,2949.699951171875,2951.300048828125,4424,-2.0152706232362205,0
2025-04-08 04:00:00,2994.0,3014.5,2968.39990234375,2968.39990234375,3213,0.579400712659317,1
2025-04-09 04:00:00,2965.800048828125,3090.39990234375,2965.800048828125,3056.5,2175,2.9679322380616213,1
2025-04-10 04:00:00,3073.89990234375,3167.0,3072.10009765625,3155.199951171875,3456,3.22918210933667,1
2025-04-11 04:00:00,3182.10009765625,3235.0,3182.10009765625,3222.199951171875,862,2.123478734687345,1
2025-04-14 04:00:00,3215.5,3228.800048828125,3194.5,3204.800048828125,263,-0.5400007016144959,0
2025-04-15 04:00:00,3216.0,3218.699951171875,3214.0,3218.699951171875,390,0.4337213595847489,1
2025-04-16 04:00:00,3238.300048828125,3334.89990234375,3238.300048828125,3326.60009765625,1874,3.352289685936416,1
2025-04-17 04:00:00,3345.0,3345.0,3287.800048828125,3308.699951171875,824,-0.5380913232397977,0
2025-04-21 04:00:00,3342.199951171875,3418.5,3342.199951171875,3406.199951171875,78,2.9467767231497577,1
2025-04-22 04:00:00,3422.199951171875,3485.60009765625,3361.699951171875,3400.800048828125,785,-0.15853157246075167,0
2025-04-23 04:00:00,3321.199951171875,3370.300048828125,3256.199951171875,3276.300048828125,331,-3.660903264303972,0
2025-04-24 04:00:00,3305.39990234375,3353.89990234375,3304.89990234375,3332.0,560,1.7000869988021305,1
2025-04-25 04:00:00,3355.5,3355.5,3266.10009765625,3282.39990234375,162,-1.4885983690351101,0
2025-04-28 04:00:00,3284.5,3332.5,3284.5,3332.5,1300,1.5263252238240987,1
2025-04-29 04:00:00,3340.0,3340.0,3299.89990234375,3318.800048828125,1278,-0.41110131048387455,0
2025-04-30 04:00:00,3318.699951171875,3318.699951171875,3268.0,3305.0,207,-0.4158144095784855,0
2025-05-01 04:00:00,3272.89990234375,3275.0,3198.60009765625,3210.0,2131,-2.874432677760963,0
2025-05-02 04:00:00,3239.89990234375,3257.0,3225.0,3231.89990234375,1349,0.6822399484034181,1
2025-05-05 04:00:00,3242.699951171875,3315.699951171875,3239.699951171875,3311.300048828125,244,2.456763788593652,1
2025-05-06 04:00:00,3365.5,3430.89990234375,3356.800048828125,3411.39990234375,2357,3.022977442079,1
2025-05-07 04:00:00,3418.699951171875,3418.699951171875,3364.699951171875,3381.39990234375,1080,-0.8794043752944014,0
2025-05-08 04:00:00,3390.0,3390.0,3288.699951171875,3296.60009765625,200,-2.507831286938955,0
2025-05-09 04:00:00,3299.0,3335.5,3299.0,3335.39990234375,216,1.1769642522029056,1
2025-05-12 04:00:00,3300.699951171875,3300.699951171875,3205.0,3220.0,886,-3.4598520633960517,0
2025-05-13 04:00:00,3232.0,3251.39990234375,3223.5,3240.300048828125,2424,0.6304362990100953,1
2025-05-14 04:00:00,3233.0,3233.0,3171.699951171875,3181.39990234375,3518,-1.817737419276233,0
2025-05-15 04:00:00,3151.0,3228.10009765625,3125.0,3220.699951171875,652,1.2353067842610033,1
2025-05-16 04:00:00,3227.699951171875,3228.10009765625,3173.89990234375,3182.0,199,-1.201600638326883,0
2025-05-19 04:00:00,3234.39990234375,3241.0,3228.300048828125,3228.89990234375,266,1.473912707220304,1
2025-05-20 04:00:00,3219.0,3293.199951171875,3207.5,3280.300048828125,356,1.5918779782261305,1
2025-05-21 04:00:00,3293.39990234375,3317.5,3290.199951171875,3309.300048828125,979,0.8840654686561367,1
2025-05-22 04:00:00,3327.300048828125,3328.0,3282.699951171875,3292.300048828125,1210,-0.5137037968503289,0
2025-05-23 04:00:00,3328.0,3363.60009765625,3323.5,3363.60009765625,47,2.1656607165408293,1
2025-05-27 04:00:00,3332.5,3341.0,3296.300048828125,3299.10009765625,189,-1.91758824257805,0
2025-05-28 04:00:00,3293.60009765625,3293.60009765625,3293.60009765625,3293.60009765625,127758,-0.16671212867737095,0
2025-05-29 04:00:00,3283.699951171875,3328.800048828125,3242.39990234375,3317.10009765625,24370,0.7135049581982633,1
2025-05-30 04:00:00,3315.10009765625,3318.0,3270.89990234375,3288.89990234375,2213,-0.8501460457109866,0
2025-06-02 04:00:00,3296.89990234375,3380.800048828125,3296.89990234375,3370.60009765625,976,2.4841192416430236,1
2025-06-03 04:00:00,3385.10009765625,3390.0,3331.300048828125,3350.199951171875,6410,-0.6052378179944973,0
2025-06-04 04:00:00,3355.0,3380.0,3344.0,3373.5,207,0.6954823344193173,1
2025-06-05 04:00:00,3371.5,3400.0,3343.699951171875,3350.699951171875,731,-0.67585738337409,0
2025-06-06 04:00:00,3364.300048828125,3364.300048828125,3306.0,3322.699951171875,81,-0.8356462950437349,0
2025-06-09 04:00:00,3315.60009765625,3334.60009765625,3290.0,3332.10009765625,1887,0.2829068715957783,1
2025-06-10 04:00:00,3302.0,3344.300048828125,3302.0,3320.89990234375,65,-0.3361302177079861,0
2025-06-11 04:00:00,3328.0,3356.0,3321.300048828125,3321.300048828125,2106,0.01204933891842952,1
2025-06-12 04:00:00,3363.0,3395.89990234375,3353.39990234375,3380.89990234375,1818,1.7944736289831509,1
2025-06-13 04:00:00,3407.300048828125,3444.0,3407.300048828125,3431.199951171875,499,1.4877710160320134,1
2025-06-16 04:00:00,3442.0,3442.0,3385.39990234375,3396.39990234375,480,-1.0142238669664128,0
2025-06-17 04:00:00,3398.300048828125,3398.300048828125,3376.10009765625,3386.60009765625,1477,-0.2885350656363417,0
2025-06-18 04:00:00,3385.300048828125,3391.89990234375,3365.10009765625,3389.800048828125,0,0.09448860448830754,1
2025-06-20 04:00:00,3350.0,3372.89990234375,3341.0,3368.10009765625,709,-0.6401543117381503,0
2025-06-23 04:00:00,3365.89990234375,3387.89990234375,3350.0,3377.699951171875,30,0.285022809218316,1
2025-06-24 04:00:00,3358.0,3358.0,3301.0,3317.39990234375,538,-1.7852399472962133,0
2025-06-25 04:00:00,3321.60009765625,3331.199951171875,3310.60009765625,3327.10009765625,373,0.29240355694371,1
2025-06-26 04:00:00,3332.39990234375,3333.5,3332.39990234375,3333.5,2058,0.19235677184039623,1
2025-06-27 04:00:00,3318.699951171875,3318.699951171875,3253.800048828125,3273.699951171875,284,-1.7939117692552853,0
2025-06-30 04:00:00,3265.89990234375,3306.89990234375,3262.0,3294.39990234375,1242,0.6323105807074736,1
2025-07-01 04:00:00,3310.10009765625,3354.10009765625,3310.10009765625,3336.699951171875,371,1.2839986061810915,1
2025-07-02 04:00:00,3329.0,3357.5,3329.0,3348.0,39,0.338659423786547,1
2025-07-03 04:00:00,3362.0,3362.0,3322.300048828125,3331.60009765625,0,-0.48984176653972256,0
2025-07-04 04:00:00,3342.0,3342.0,3332.5,3332.5,0,0.027011115301123212,1
2025-07-07 04:00:00,3305.5,3333.300048828125,3299.199951171875,3332.199951171875,254,-0.009003715772692988,0
2025-07-08 04:00:00,3330.39990234375,3334.5,3287.60009765625,3307.0,909,-0.7562556731630865,0
2025-07-09 04:00:00,3289.39990234375,3314.0,3282.0,3311.60009765625,114,0.13910183417751298,1
2025-07-10 04:00:00,3323.60009765625,3330.5,3311.60009765625,3317.39990234375,209,0.17513602235985637,1
2025-07-11 04:00:00,3330.5,3370.0,3330.5,3356.0,776,1.1635648035372315,1
2025-07-14 04:00:00,3367.0,3375.5,3350.0,3351.5,583,-0.1340882002383803,0
2025-07-15 04:00:00,3341.0,3341.0,3329.800048828125,3329.800048828125,210,-0.6474698246121124,0
2025-07-16 04:00:00,3341.199951171875,3352.89990234375,3329.5,3352.5,10,0.6817211495886655,1
2025-07-17 04:00:00,3313.800048828125,3340.800048828125,3313.800048828125,3340.10009765625,667,-0.3698703159955241,0
2025-07-18 04:00:00,3338.199951171875,3353.0,3338.199951171875,3353.0,602,0.3862130465132507,1
2025-07-21 04:00:00,3350.300048828125,3411.699951171875,3350.300048828125,3401.89990234375,53,1.4583925542424714,1
2025-07-22 04:00:00,3411.0,3441.0,3395.60009765625,3439.199951171875,39,1.0964475704422494,1
2025-07-23 04:00:00,3430.300048828125,3433.89990234375,3388.10009765625,3394.10009765625,63,-1.3113472364483347,0
2025-07-24 04:00:00,3367.0,3371.0,3367.0,3371.0,1175,-0.6805956510299027,0
2025-07-25 04:00:00,3344.0,3345.0,3326.5,3334.0,67,-1.097597152180363,0
2025-07-28 04:00:00,3326.60009765625,3326.800048828125,3309.10009765625,3309.10009765625,533,-0.7468477007723462,0
2025-07-29 04:00:00,3323.39990234375,3323.39990234375,3323.39990234375,3323.39990234375,113144,0.432135754902907,1
2025-07-30 04:00:00,3325.800048828125,3331.800048828125,3263.89990234375,3295.800048828125,19252,-0.8304704316853595,0
2025-07-31 04:00:00,3272.89990234375,3312.0,3272.89990234375,3293.199951171875,3704,-0.0788912439386169,0
2025-08-01 04:00:00,3286.199951171875,3360.60009765625,3281.0,3347.699951171875,3420,1.654925325156964,1
2025-08-04 04:00:00,3367.60009765625,3386.5,3347.39990234375,3374.39990234375,351,0.7975610586763882,1
2025-08-05 04:00:00,3378.5,3387.199951171875,3351.199951171875,3381.89990234375,915,0.22226174185195902,1
2025-08-06 04:00:00,3380.699951171875,3383.300048828125,3361.300048828125,3380.0,1492,-0.05617855047789222,0
2025-08-07 04:00:00,3384.89990234375,3422.89990234375,3384.89990234375,3400.300048828125,5464,0.6005931605954196,1
2025-08-08 04:00:00,3438.800048828125,3477.0,3402.5,3439.10009765625,7657,1.1410772070393316,1
2025-08-11 04:00:00,3383.89990234375,3383.89990234375,3349.199951171875,3353.10009765625,1488,-2.5006541699268636,0
2025-08-12 04:00:00,3356.199951171875,3356.199951171875,3330.10009765625,3348.89990234375,1611,-0.12526304584333792,0
2025-08-13 04:00:00,3358.800048828125,3363.39990234375,3358.699951171875,3358.699951171875,1011,0.2926348685807545,1
2025-08-14 04:00:00,3346.800048828125,3356.0,3328.89990234375,3335.199951171875,592,-0.6996754798475169,0
2025-08-15 04:00:00,3346.800048828125,3346.800048828125,3335.89990234375,3336.0,1185,0.023988031897270723,1
2025-08-18 04:00:00,3333.5,3347.800048828125,3331.699951171875,3331.699951171875,646,-0.12889834616681695,0
2025-08-19 04:00:00,3330.199951171875,3343.5,3313.39990234375,3313.39990234375,1655,-0.549270615491293,0
2025-08-20 04:00:00,3310.60009765625,3343.5,3310.10009765625,3343.39990234375,1213,0.9054144046657164,1
2025-08-21 04:00:00,3349.39990234375,3349.39990234375,3326.5,3336.89990234375,142,-0.19441287880170854,0
2025-08-22 04:00:00,3349.39990234375,3377.699951171875,3349.39990234375,3374.39990234375,1240,1.1237975695243652,1
2025-08-25 04:00:00,3366.0,3378.0,3366.0,3373.800048828125,1044,-0.017776598298513413,0
2025-08-26 04:00:00,3378.89990234375,3396.5,3371.10009765625,3388.60009765625,905,0.43867593259612203,1
2025-08-27 04:00:00,3397.0,3404.60009765625,3382.0,3404.60009765625,3222,0.4721713846100206,1
2025-08-28 04:00:00,3409.0,3434.60009765625,3400.0,3431.800048828125,1035,0.7989176523433672,1
2025-08-29 04:00:00,3432.5,3475.60009765625,3426.60009765625,3473.699951171875,0,1.2209307578411543,1
2025-09-02 04:00:00,3485.699951171875,3559.199951171875,3485.699951171875,3549.39990234375,658,2.179231143620708,1
2025-09-03 04:00:00,3554.800048828125,3593.699951171875,3553.199951171875,3593.199951171875,72,1.2340127918300414,1
2025-09-04 04:00:00,3549.89990234375,3573.60009765625,3549.89990234375,3565.800048828125,237,-0.7625487786955487,0
2025-09-05 04:00:00,3567.800048828125,3613.199951171875,3567.800048828125,3613.199951171875,925,1.329292211977151,1
2025-09-08 04:00:00,3594.5,3641.0,3590.0,3638.10009765625,97,0.6891438841157616,1
2025-09-09 04:00:00,3647.10009765625,3670.39990234375,3627.800048828125,3643.300048828125,535,0.14293040412012292,1
2025-09-10 04:00:00,3625.0,3655.39990234375,3620.800048828125,3643.60009765625,136,0.008235633192543723,1
2025-09-11 04:00:00,3632.89990234375,3636.89990234375,3618.39990234375,3636.89990234375,307,-0.1838894261971813,0
2025-09-12 04:00:00,3655.5,3656.800048828125,3643.0,3649.39990234375,1300,0.343699313581447,1
2025-09-15 04:00:00,3640.0,3686.39990234375,3635.10009765625,3682.199951171875,210,0.8987792433232666,1
2025-09-16 04:00:00,3681.39990234375,3698.60009765625,3681.39990234375,3688.89990234375,373,0.18195511543968035,1
2025-09-17 04:00:00,3669.0,3685.199951171875,3661.60009765625,3681.800048828125,183,-0.19246533393638687,0
2025-09-18 04:00:00,3654.60009765625,3667.39990234375,3637.0,3643.699951171875,80,-1.0348225637178965,0
2025-09-19 04:00:00,3659.0,3685.89990234375,3658.199951171875,3671.5,211,0.7629620770278844,1
2025-09-22 04:00:00,3688.199951171875,3748.199951171875,3688.0,3740.699951171875,410,1.884786903768898,1
2025-09-23 04:00:00,3747.0,3786.0,3740.0,3780.60009765625,627,1.0666492101799152,1
2025-09-24 04:00:00,3769.800048828125,3772.5,3732.10009765625,3732.10009765625,588,-1.2828651205417652,0
2025-09-25 04:00:00,3742.800048828125,3756.0,3724.699951171875,3736.89990234375,1899,0.12860868041868478,1
2025-09-26 04:00:00,3775.300048828125,3775.300048828125,3775.300048828125,3775.300048828125,19308,1.0275936601965352,1
2025-09-29 04:00:00,3754.800048828125,3827.60009765625,3754.800048828125,3820.89990234375,8860,1.2078471360118748,1
2025-09-30 04:00:00,3827.5,3865.5,3793.39990234375,3840.800048828125,1611,0.5208235492420998,1
2025-10-01 04:00:00,3863.5,3891.89990234375,3853.300048828125,3867.5,1778,0.6951663932628138,1
2025-10-02 04:00:00,3856.199951171875,3888.60009765625,3823.699951171875,3839.699951171875,3418,-0.7188118636877849,0
2025-10-03 04:00:00,3855.199951171875,3886.800048828125,3853.699951171875,3880.800048828125,392,1.0703986816393396,1
2025-10-06 04:00:00,3931.300048828125,3960.0,3926.800048828125,3948.5,1267,1.744484392910639,1
2025-10-07 04:00:00,3959.39990234375,3981.5,3940.0,3976.60009765625,2903,0.7116651299544197,1
2025-10-08 04:00:00,3987.199951171875,4049.199951171875,3987.199951171875,4043.300048828125,2179,1.6773110077421993,1
2025-10-09 04:00:00,4011.199951171875,4046.199951171875,3940.0,3946.300048828125,3130,-2.399030465921359,0
2025-10-10 04:00:00,3957.0,4012.0,3945.5,3975.89990234375,1697,0.7500659643053353,1
2025-10-13 04:00:00,4016.0,4111.0,4016.0,4108.60009765625,1697,3.3376140891845596,1
2025-10-14 04:00:00,4131.7001953125,4160.10009765625,4085.800048828125,4138.7001953125,2424,0.7326120075161535,1
2025-10-15 04:00:00,4145.0,4210.60009765625,4145.0,4176.89990234375,3287,0.9229880210824382,1
2025-10-16 04:00:00,4198.7998046875,4307.0,4196.60009765625,4280.2001953125,4705,2.4731330743833713,1
2025-10-17 04:00:00,4354.7001953125,4358.0,4182.2001953125,4189.89990234375,4060,-2.1097212477968474,0
2025-10-20 04:00:00,4244.10009765625,4356.60009765625,4214.60009765625,4336.39990234375,1750,3.4965035779983777,1
2025-10-21 04:00:00,4332.7001953125,4332.7001953125,4087.699951171875,4087.699951171875,2943,-5.735171035251085,0
2025-10-22 04:00:00,4109.7001953125,4148.5,4006.0,4044.39990234375,1237,-1.0592765943036375,0
2025-10-23 04:00:00,4078.39990234375,4136.7998046875,4070.699951171875,4125.5,354,2.005244278866991,1
2025-10-24 04:00:00,4117.5,4120.60009765625,4074.89990234375,4118.39990234375,123,-0.1721027186098678,0
2025-10-27 04:00:00,4060.0,4078.60009765625,3971.300048828125,4001.89990234375,220,-2.8287685208447266,0
2025-10-28 04:00:00,3929.699951171875,3966.199951171875,3923.60009765625,3966.199951171875,219,-0.8920750654199727,0
2025-10-29 04:00:00,3983.699951171875,3983.699951171875,3983.699951171875,3983.699951171875,1344,0.44122838524138785,1
2025-10-30 04:00:00,3960.0,4027.199951171875,3913.699951171875,4001.300048828125,935,0.441802793181556,1
2025-10-31 04:00:00,4034.5,4034.5,3976.60009765625,3982.199951171875,559,-0.47734729770749773,0
2025-11-03 05:00:00,3976.199951171875,4020.0,3959.0,4000.300048828125,0,0.4545250835765735,1
2025-11-04 05:00:00,3994.199951171875,3995.39990234375,3927.39990234375,3947.699951171875,657,-1.3149038075696118,0
2025-11-05 05:00:00,3929.89990234375,3983.5,3929.89990234375,3980.300048828125,559,0.8257997836581543,1
2025-11-06 05:00:00,4004.0,4007.5,3979.89990234375,3979.89990234375,650,-0.010053173867952125,0
2025-11-07 05:00:00,3980.800048828125,3999.39990234375,3980.800048828125,3999.39990234375,245,0.48996207137059766,1
2025-11-10 05:00:00,4060.0,4111.7998046875,4060.0,4111.7998046875,189,2.810419190086022,1
2025-11-11 05:00:00,4140.10009765625,4140.10009765625,4106.7998046875,4106.7998046875,569,-0.12160125097286922,0
2025-11-12 05:00:00,4115.60009765625,4204.39990234375,4102.89990234375,4204.39990234375,396,2.3765487069725033,1
2025-11-13 05:00:00,4228.7001953125,4228.7001953125,4163.7001953125,4186.89990234375,167,-0.4162306252134762,0
2025-11-14 05:00:00,4197.7001953125,4197.89990234375,4047.0,4087.60009765625,483,-2.371678497303309,0
2025-11-17 05:00:00,4070.0,4099.5,4019.39990234375,4068.300048828125,1552,-0.4721608857772397,0
2025-11-18 05:00:00,4037.39990234375,4063.39990234375,4035.60009765625,4061.300048828125,1375,-0.17206203859069236,0
2025-11-19 05:00:00,4086.10009765625,4122.7001953125,4072.0,4077.699951171875,486,0.40380917801141614,1
2025-11-20 05:00:00,4045.0,4090.39990234375,4040.199951171875,4056.5,202,-0.5198997333235034,0
2025-11-21 05:00:00,4031.800048828125,4085.199951171875,4031.800048828125,4076.699951171875,171,0.49796502334216175,1
2025-11-24 05:00:00,4060.5,4091.89990234375,4060.5,4091.89990234375,591,0.3728493966671742,1
2025-11-25 05:00:00,4139.2001953125,4139.2001953125,4139.2001953125,4139.2001953125,132704,1.155949414638835,1
2025-11-26 05:00:00,4128.60009765625,4171.0,4127.5,4165.2001953125,25088,0.6281406738781081,1
2025-11-28 05:00:00,4163.39990234375,4223.89990234375,4140.0,4218.2998046875,3615,1.2748393086785548,1
2025-12-01 05:00:00,4218.5,4262.10009765625,4214.89990234375,4239.2998046875,913,0.4978309027884764,1
2025-12-02 05:00:00,4230.5,4230.5,4167.0,4186.60009765625,366,-1.2431229084807538,0
2025-12-03 05:00:00,4215.7001953125,4234.10009765625,4195.7001953125,4199.2998046875,1897,0.3033417745907929,1
2025-12-04 05:00:00,4211.0,4211.7998046875,4175.0,4211.7998046875,616,0.2976686729070144,1
2025-12-05 05:00:00,4204.10009765625,4255.7001953125,4194.5,4212.89990234375,533,0.02611941942316509,1
2025-12-08 05:00:00,4205.5,4215.7998046875,4175.5,4187.2001953125,318,-0.6100241550233032,0
2025-12-09 05:00:00,4190.7001953125,4219.7001953125,4177.7001953125,4206.7001953125,660,0.4657049840088856,1
2025-12-10 05:00:00,4209.0,4234.5,4183.60009765625,4196.39990234375,692,-0.2448544581386547,0
2025-12-11 05:00:00,4224.0,4286.89990234375,4214.2998046875,4285.5,528,2.1232508752677903,1
2025-12-12 05:00:00,4276.39990234375,4355.0,4260.0,4300.10009765625,1531,0.34068597961147695,1
2025-12-15 05:00:00,4308.2998046875,4349.2001953125,4292.89990234375,4306.7001953125,854,0.1534870702160518,1
2025-12-16 05:00:00,4270.5,4321.39990234375,4270.5,4304.5,1796,-0.051087728718490766,0
2025-12-17 05:00:00,4308.5,4351.39990234375,4308.5,4347.5,2169,0.9989545824137469,1
2025-12-18 05:00:00,4331.0,4348.10009765625,4328.2001953125,4339.5,705,-0.1840138010350767,0
2025-12-19 05:00:00,4350.10009765625,4361.39990234375,4350.10009765625,4361.39990234375,1065,0.5046641858220902,1
2025-12-22 05:00:00,4371.10009765625,4447.60009765625,4371.10009765625,4444.60009765625,449,1.9076488553088078,1
2025-12-23 05:00:00,4503.2998046875,4503.7998046875,4450.39990234375,4482.7998046875,694,0.8594633081026481,1
2025-12-24 05:00:00,4500.7001953125,4503.39990234375,4468.39990234375,4480.60009765625,500,-0.0490699368048908,0
2025-12-26 05:00:00,4512.0,4556.2998046875,4502.0,4529.10009765625,263,1.0824442919012078,1
2025-12-29 05:00:00,4371.5,4379.0,4325.10009765625,4325.10009765625,2044,-4.504206036549451,0
2025-12-30 05:00:00,4346.39990234375,4403.60009765625,4338.0,4370.10009765625,1837,1.0404383478751278,1
2025-12-31 05:00:00,4333.5,4363.7998046875,4285.0,4325.60009765625,785,-1.0182833117224455,0
2026-01-02 05:00:00,4350.60009765625,4350.60009765625,4314.39990234375,4314.39990234375,589,-0.2589281269567367,0
2026-01-05 05:00:00,4386.7001953125,4443.5,4384.7998046875,4436.89990234375,618,2.8393288237711367,1
2026-01-06 05:00:00,4449.7001953125,4482.2001953125,4449.0,4482.2001953125,459,1.0209897443217208,1
2026-01-07 05:00:00,4450.0,4450.0,4449.2998046875,4449.2998046875,972,-0.734023229471259,0
2026-01-08 05:00:00,4460.2001953125,4461.2998046875,4418.0,4449.7001953125,2423,0.008998958096251286,1
2026-01-09 05:00:00,4473.0,4490.2998046875,4473.0,4490.2998046875,237,0.9124122433634918,1
2026-01-12 05:00:00,4579.10009765625,4620.0,4577.7998046875,4604.2998046875,156,2.538805980861092,1
2026-01-13 05:00:00,4578.60009765625,4617.10009765625,4578.60009765625,4589.2001953125,239,-0.32794583357990126,0
2026-01-14 05:00:00,4610.2998046875,4635.0,4608.2001953125,4626.2998046875,1313,0.808411221913885,1
2026-01-15 05:00:00,4612.89990234375,4616.2998046875,4612.89990234375,4616.2998046875,4358,-0.21615546813174014,0
2026-01-16 05:00:00,4608.0,4608.0,4588.39990234375,4588.39990234375,352,-0.604378041378939,0
2026-01-20 05:00:00,4662.2001953125,4764.0,4661.7998046875,4759.60009765625,175,3.731152448701147,1
2026-01-21 05:00:00,4863.5,4872.2998046875,4771.5,4831.7998046875,1706,1.516928009704066,1
2026-01-22 05:00:00,4791.89990234375,4908.7998046875,4791.89990234375,4908.7998046875,1175,1.5936090714126827,1
2026-01-23 05:00:00,4949.60009765625,4976.2001953125,4936.0,4976.2001953125,169,1.3730523408316264,1
2026-01-26 05:00:00,5081.5,5095.60009765625,5052.2001953125,5079.7001953125,180,2.079900243914934,1
2026-01-27 05:00:00,5079.89990234375,5079.89990234375,5079.89990234375,5079.89990234375,34,0.0039314727950712225,1
2026-01-28 05:00:00,5301.60009765625,5301.60009765625,5301.60009765625,5301.60009765625,112054,4.364263067668173,1
2026-01-29 05:00:00,5415.7001953125,5586.2001953125,5097.5,5318.39990234375,23709,0.31688177867144063,1
2026-01-30 05:00:00,5376.39990234375,5440.5,4700.0,4713.89990234375,8374,-11.366200569716556,0
2026-02-02 05:00:00,4807.7001953125,4855.7998046875,4400.0,4622.5,3588,-1.9389444883695095,0
2026-02-03 05:00:00,4680.0,4984.60009765625,4674.2998046875,4903.7001953125,1213,6.083292489183334,1
2026-02-04 05:00:00,4923.2998046875,5082.2001953125,4897.89990234375,4920.39990234375,3886,0.34055318159975645,1
2026-02-05 05:00:00,5008.7001953125,5012.2998046875,4786.0,4861.39990234375,793,-1.1990895287168901,0
2026-02-06 05:00:00,4762.0,4958.5,4655.0,4951.2001953125,1386,1.8472105725236831,1
2026-02-09 05:00:00,5017.39990234375,5065.7001953125,4979.10009765625,5050.89990234375,170,2.0136472592168664,1
2026-02-10 05:00:00,5013.5,5029.0,5002.7001953125,5003.7998046875,281,-0.9325090294185823,0
2026-02-11 05:00:00,5049.89990234375,5111.2998046875,5041.2998046875,5071.60009765625,2681,1.3549761304446184,1
2026-02-12 05:00:00,5060.39990234375,5078.10009765625,4892.0,4923.7001953125,484,-2.9162374693560533,0
2026-02-13 05:00:00,4953.0,5043.89990234375,4946.2001953125,5022.0,232,1.9964620262842958,1
2026-02-17 05:00:00,5020.0,5020.0,4847.7998046875,4882.89990234375,540,-2.7698147681451624,0
2026-02-18 05:00:00,4872.2001953125,4987.0,4869.5,4986.5,544,2.1216920217128177,1
2026-02-19 05:00:00,5014.7001953125,5014.7001953125,4975.89990234375,4975.89990234375,37,-0.21257590807680637,0
2026-02-20 05:00:00,5039.5,5072.7001953125,5039.5,5059.2998046875,134,1.6760767696405443,1
2026-02-23 05:00:00,5120.2998046875,5211.60009765625,5120.2998046875,5204.7001953125,779,2.8739231956620648,1
2026-02-24 05:00:00,5158.7998046875,5159.0,5112.7001953125,5155.7998046875,88,-0.9395428898871239,0
2026-02-25 05:00:00,5166.0,5206.39990234375,5166.0,5206.39990234375,1772,0.9814209157276821,1
2026-02-26 05:00:00,5177.2001953125,5199.2001953125,5143.89990234375,5176.5,1520,-0.5742913127032345,0
2026-02-27 05:00:00,5186.7001953125,5280.0,5176.7001953125,5230.5,354,1.0431758910460776,1
2026-03-02 05:00:00,5346.60009765625,5405.0,5266.2998046875,5294.39990234375,72,1.2216786606203955,1
2026-03-03 05:00:00,5298.7001953125,5303.7998046875,5023.0,5107.39990234375,1776,-3.532033912232768,0
2026-03-04 05:00:00,5130.7001953125,5180.2001953125,5117.2001953125,5120.2001953125,679,0.2506224931178025,1
2026-03-05 05:00:00,5169.5,5169.5,5054.7001953125,5065.2998046875,1701,-1.0722313294558417,0
2026-03-06 05:00:00,5121.0,5146.10009765625,5076.10009765625,5146.10009765625,148,1.5951729627923683,1
2026-03-09 04:00:00,5155.0,5160.60009765625,5077.7001953125,5091.5,639,-1.0609995262454652,0
2026-03-10 04:00:00,5138.2001953125,5229.7001953125,5137.60009765625,5229.7001953125,4300,2.714331637287626,1
2026-03-11 04:00:00,5190.7998046875,5191.2998046875,5167.39990234375,5167.39990234375,633,-1.1912784794927855,0
2026-03-12 04:00:00,5137.2001953125,5137.2001953125,5115.7998046875,5115.7998046875,410,-0.9985698539191068,0
2026-03-13 04:00:00,5089.60009765625,5117.0,5009.5,5052.5,479,-1.2373393624492413,0
2026-03-16 04:00:00,5001.60009765625,5010.60009765625,4994.0,4994.0,130,-1.1578426521523966,0
2026-03-17 04:00:00,5017.60009765625,5017.60009765625,4994.2001953125,5001.0,239,0.1401682018422168,1
2026-03-18 04:00:00,4949.60009765625,4949.60009765625,4821.7001953125,4889.89990234375,1461,-2.221557641596683,0
2026-03-19 04:00:00,4830.2998046875,4830.2998046875,4554.0,4600.7001953125,627,-5.9142255016843,0
2026-03-20 04:00:00,4686.89990234375,4686.89990234375,4570.39990234375,4570.39990234375,235,-0.6586017710874081,0
2026-03-23 04:00:00,4353.0,4480.39990234375,4100.7998046875,4404.10009765625,544,-3.6386269963426976,0
2026-03-24 04:00:00,4338.7001953125,4399.2998046875,4325.2001953125,4399.2998046875,378,-0.10899600059736114,0
2026-03-25 04:00:00,4549.0,4551.89990234375,4541.7998046875,4549.7998046875,388,3.420998947142473,1
2026-03-26 04:00:00,4441.5,4443.10009765625,4375.5,4375.5,1070,-3.830933495313904,0
2026-03-27 04:00:00,4492.0,4492.0,4492.0,4492.0,74348,2.6625528511027285,1
2026-03-30 04:00:00,4482.7998046875,4579.10009765625,4413.39990234375,4526.0,10816,0.756901157613532,1
2026-03-31 04:00:00,4510.0,4684.10009765625,4508.60009765625,4647.60009765625,4264,2.6867012297006276,1
2026-04-01 04:00:00,4668.39990234375,4789.10009765625,4668.0,4783.2001953125,1637,2.9176369482527553,1
2026-04-02 04:00:00,4764.89990234375,4784.39990234375,4558.89990234375,4651.5,0,-2.753390824861668,0
2026-04-06 04:00:00,4656.10009765625,4689.60009765625,4605.0,4656.7998046875,148,0.11393754030957215,1
2026-04-07 04:00:00,4624.89990234375,4676.2998046875,4608.0,4657.10009765625,327,0.00644848353685834,1
2026-04-08 04:00:00,4760.0,4851.0,4738.7998046875,4749.5,405,1.9840651995058467,1
2026-04-09 04:00:00,4711.0,4799.10009765625,4711.0,4792.2001953125,1277,0.8990461166964892,1
2026-04-10 04:00:00,4745.89990234375,4791.0,4744.89990234375,4761.89990234375,812,-0.6322835385380698,0
2026-04-13 04:00:00,4704.0,4742.39990234375,4704.0,4742.39990234375,32,-0.40950041789837854,0
2026-04-14 04:00:00,4770.10009765625,4841.60009765625,4770.10009765625,4825.0,288,1.7417362381318302,1
2026-04-15 04:00:00,4843.60009765625,4843.60009765625,4798.0,4800.0,182,-0.5181347150259086,0
2026-04-16 04:00:00,4810.89990234375,4810.89990234375,4785.39990234375,4785.39990234375,805,-0.30416870117186967,0
2026-04-17 04:00:00,4771.60009765625,4879.7001953125,4767.2001953125,4857.60009765625,1902,1.5087599111024863,1
2026-04-20 04:00:00,4793.89990234375,4811.0,4770.0,4806.60009765625,724,-1.0499011646637357,0
2026-04-21 04:00:00,4698.39990234375,4705.0,4676.39990234375,4698.39990234375,1197,-2.2510754611198003,0
2026-04-22 04:00:00,4754.2001953125,4754.2001953125,4732.5,4732.5,765,0.7257810821773569,1
2026-04-23 04:00:00,4711.5,4732.39990234375,4705.10009765625,4705.10009765625,292,-0.5789731081616512,0
2026-04-24 04:00:00,4695.0,4722.2998046875,4657.5,4722.2998046875,45,0.36555454027040746,1
2026-04-27 04:00:00,4707.60009765625,4711.10009765625,4675.39990234375,4675.39990234375,538,-0.9931580857529543,0
2026-04-28 04:00:00,4680.89990234375,4680.89990234375,4591.5,4591.5,2660,-1.794496815164226,0
2026-04-29 04:00:00,4598.60009765625,4601.60009765625,4515.7001953125,4545.2001953125,507,-1.0083808055646348,0
2026-04-30 04:00:00,4561.89990234375,4636.7001953125,4561.89990234375,4614.7001953125,77,1.529085563088639,1
2026-05-01 04:00:00,4636.7001953125,4636.7001953125,4581.7001953125,4629.89990234375,113,0.3293758291533111,1
2026-05-04 04:00:00,4581.2001953125,4581.2001953125,4512.7001953125,4519.5,20,-2.384498686199743,0
2026-05-05 04:00:00,4547.60009765625,4580.5,4547.60009765625,4555.7998046875,426,0.8031818716119021,1
2026-05-06 04:00:00,4663.60009765625,4712.60009765625,4663.60009765625,4681.89990234375,212,2.7679025212324904,1
2026-05-07 04:00:00,4704.7998046875,4736.2001953125,4699.7998046875,4699.7998046875,254,0.38232133785665035,1
2026-05-08 04:00:00,4714.39990234375,4724.7998046875,4713.60009765625,4720.39990234375,120,0.43831862020387025,1
2026-05-11 04:00:00,4729.5,4729.5,4718.7001953125,4718.7001953125,36,-0.03600769143322635,0
2026-05-12 04:00:00,4762.2001953125,4765.2001953125,4677.60009765625,4677.60009765625,93,-0.8710046401565918,0
2026-05-13 04:00:00,4722.7001953125,4722.7001953125,4679.5,4697.7001953125,228,0.42970962110080446,1
2026-05-14 04:00:00,4678.10009765625,4678.10009765625,4650.2998046875,4678.10009765625,5,-0.41722751221560106,0
2026-05-15 04:00:00,4615.2001953125,4615.2001953125,4524.2998046875,4555.7998046875,607,-2.614315436089598,0
2026-05-18 04:00:00,4563.0,4570.2998046875,4538.7001953125,4552.5,38,-0.0724308536144358,0
2026-05-19 04:00:00,4551.7001953125,4552.60009765625,4506.2001953125,4506.2998046875,875,-1.014831308347064,0
2026-05-20 04:00:00,4502.60009765625,4531.2998046875,4465.10009765625,4531.2998046875,981,0.5547788891896444,1
2026-05-21 04:00:00,4507.2001953125,4539.7998046875,4503.7998046875,4539.7998046875,426,0.18758414508805998,1
2026-05-22 04:00:00,4519.5,4530.2998046875,4519.10009765625,4521.0,40,-0.41411087484714004,0
2026-05-26 04:00:00,4572.7998046875,4572.7998046875,4500.39990234375,4500.39990234375,1261,-0.45565356461513273,0
2026-05-27 04:00:00,4439.7001953125,4447.5,4439.7001953125,4447.5,81062,-1.1754489265765167,0
2026-05-28 04:00:00,4453.60009765625,4512.60009765625,4363.5,4499.2998046875,16427,1.1646948777403132,1
2026-05-29 04:00:00,4494.0,4591.7998046875,4487.89990234375,4560.5,1883,1.3602159884686937,1
2026-06-01 04:00:00,4523.5,4541.39990234375,4449.7001953125,4475.2001953125,835,-1.8704046636881966,0
2026-06-02 04:00:00,4488.0,4529.5,4474.2001953125,4489.10009765625,456,0.3105984478260826,1
2026-06-03 04:00:00,4471.2001953125,4471.7001953125,4427.2001953125,4436.7001953125,2913,-1.1672696354244283,0
2026-06-04 04:00:00,4447.39990234375,4509.89990234375,4447.39990234375,4475.7998046875,480,0.8812767970283408,1
2026-06-05 04:00:00,4472.2998046875,4472.2998046875,4319.10009765625,4337.10009765625,4062,-3.0988809393572514,0
2026-06-08 04:00:00,4324.2001953125,4340.89990234375,4284.60009765625,4335.89990234375,357,-0.027672760265518015,0
2026-06-09 04:00:00,4332.7998046875,4344.5,4240.2001953125,4260.0,1292,-1.7504994131142815,0
2026-06-10 04:00:00,4200.0,4206.7001953125,4100.0,4108.2001953125,525,-3.56337569688967,0
2026-06-11 04:00:00,4042.89990234375,4209.7998046875,4031.0,4090.300048828125,1938,-0.43571748292109413,0
2026-06-12 04:00:00,4208.2998046875,4225.2998046875,4173.2001953125,4215.0,1167,3.0486749060769203,1
2026-06-15 04:00:00,4271.2001953125,4362.0,4269.10009765625,4328.0,1666,2.6809015421115134,1
2026-06-16 04:00:00,4309.5,4345.7998046875,4309.5,4330.89990234375,158,0.06700328890365537,1
2026-06-17 04:00:00,4339.0,4377.0,4296.0,4358.89990234375,1961,0.6465169048318842,1
2026-06-18 04:00:00,4279.7998046875,4323.2001953125,4223.7001953125,4224.10009765625,738,-3.0925189315546997,0
2026-06-22 04:00:00,4138.7998046875,4216.39990234375,4134.7998046875,4181.89990234375,1197,-0.9990339797088299,0
2026-06-23 04:00:00,4127.10009765625,4135.2001953125,4118.5,4129.89990234375,252,-1.2434539614603501,0
2026-06-24 04:00:00,4104.39990234375,4104.7001953125,3963.300048828125,3990.300048828125,353,-3.3802236571496835,0
2026-06-25 04:00:00,3988.39990234375,4030.5,3986.699951171875,4030.5,2724,1.0074418133964924,1
2026-06-26 04:00:00,4078.699951171875,4078.699951171875,4078.699951171875,4078.699951171875,1431,1.1958801928265705,1
2026-06-29 04:00:00,4057.5,4070.0,4003.199951171875,4022.300048828125,785,-1.382791159412089,0
2026-06-30 04:00:00,4002.60009765625,4049.699951171875,3962.5,4022.89990234375,1108,0.014913196637333925,1
2026-07-01 04:00:00,4013.10009765625,4100.0,3963.0,4068.300048828125,770,1.1285427822333993,1
2026-07-02 04:00:00,4067.5,4140.10009765625,4062.0,4112.7001953125,228,1.0913685311181531,1
2026-07-06 04:00:00,4175.39990234375,4199.7001953125,4134.2001953125,4155.10009765625,1024,1.0309504785220192,1
2026-07-07 04:00:00,4126.5,4167.2001953125,4107.2001953125,4145.2998046875,53,-0.2358617780177652,0
2026-07-08 04:00:00,4116.2998046875,4120.2998046875,4053.0,4070.89990234375,292,-1.7948014823829794,0
2026-07-09 04:00:00,4066.39990234375,4130.60009765625,4064.199951171875,4130.60009765625,13,1.466511010946947,1
2026-07-10 04:00:00,4122.2998046875,4125.7998046875,4090.60009765625,4104.10009765625,389,-0.6415532700693172,0
2026-07-13 04:00:00,4081.0,4081.0,3985.89990234375,3997.0,679,-2.6095878538004547,0
2026-07-14 04:00:00,3995.699951171875,4091.199951171875,3986.5,4061.10009765625,1281,1.603705220321494,1
2026-07-15 04:00:00,4049.10009765625,4070.10009765625,4019.39990234375,4044.0,374,-0.42107057804654513,0
2026-07-16 04:00:00,4030.5,4030.5,3972.60009765625,3985.60009765625,812,-1.444112323040303,0
2026-07-17 04:00:00,3975.5,4017.199951171875,3964.199951171875,4012.699951171875,141,0.6799441201228662,1
2026-07-20 04:00:00,4003.39990234375,4018.89990234375,4002.699951171875,4010.300048828125,231,-0.05980766997166764,0
2026-07-21 04:00:00,4002.10009765625,4071.10009765625,3999.699951171875,4071.10009765625,87,1.5160972517727744,1
2026-07-22 04:00:00,4096.2001953125,4152.10009765625,4096.2001953125,4146.89990234375,133,1.861899802737299,1
2026-07-23 04:00:00,4129.89990234375,4130.89990234375,4046.60009765625,4046.60009765625,59,-2.418669537473339,0
2026-07-24 04:00:00,4067.60009765625,4068.0,4067.60009765625,4067.60009765625,2,0.5189541712353307,1
2026-07-27 04:00:00,4090.10009765625,4107.89990234375,4072.699951171875,4074.5,36,0.16963079403320425,1
2026-07-28 04:00:00,4025.699951171875,4036.300048828125,4025.699951171875,4036.300048828125,248,-0.937537149880352,0
2026-07-29 04:00:00,4018.10009765625,4034.699951171875,4017.89990234375,4034.699951171875,89664,-0.039642683568941184,0
2026-07-30 04:00:00,4060.699951171875,4118.5,4028.5,4100.10009765625,16985,1.6209420099598582,1
2026-07-31 04:00:00,4102.39990234375,4102.39990234375,4022.39990234375,4049.10009765625,1166,-1.2438720710539086,0
2026-08-03 04:00:00,4083.39990234375,4083.5,4026.5,4033.699951171875,698,-0.38033504020532627,0
2026-08-04 04:00:00,4050.5,4095.39990234375,4048.800048828125,4095.39990234375,426,1.5296118183988794,1
2026-08-05 04:00:00,4130.0,4262.2001953125,4129.5,4245.7998046875,1349,3.672410654150715,1
2026-08-06 04:00:00,4297.0,4297.0,4228.0,4242.0,3101,-0.08949561595685829,0
2026-08-07 04:00:00,4277.0,4371.5,4274.0,4340.7001953125,422,2.326737277522395,1
2026-08-10 04:00:00,4336.10009765625,4390.10009765625,4336.10009765625,4361.7998046875,1303,0.4860876915154133,1
2026-08-11 04:00:00,4408.60009765625,4408.60009765625,4365.10009765625,4383.0,204,0.4860423738319408,1
2026-08-12 04:00:00,4406.5,4434.0,4406.2998046875,4408.89990234375,660,0.5909172334873425,1
2026-08-13 04:00:00,4403.5,4445.0,4350.0,4363.60009765625,1491,-1.0274627614797693,0
2026-08-14 04:00:00,4322.10009765625,4397.10009765625,4315.0,4380.39990234375,673,0.384998723795138,1
2026-08-17 04:00:00,4394.7998046875,4428.5,4386.5,4417.7998046875,716,0.8538010952775954,1
2026-08-18 04:00:00,4415.2001953125,4434.10009765625,4330.7001953125,4366.0,1283,-1.1725249440352137,0
2026-08-19 04:00:00,4339.7998046875,4524.10009765625,4327.60009765625,4489.39990234375,1336,2.8263834709974844,1
2026-08-20 04:00:00,4506.7998046875,4530.0,4486.0,4516.2998046875,478,0.5991870390006149,1
2026-08-21 04:00:00,4560.0,4624.10009765625,4560.0,4624.10009765625,311,2.386916228565328,1
2026-08-24 04:00:00,4638.0,4670.89990234375,4635.10009765625,4640.7998046875,311,0.36114501586403946,1
2026-08-25 04:00:00,4710.10009765625,4755.0,4659.5,4698.7998046875,149318,1.2497845725087275,1
