date,title,description,source,url
2026-08-24,Lexar Professional GOLD 1TB CFexpress 4.0 Type A Memory Card for $480 in cart + free shipping,"Today only at B&H Photo Video, the Lexar Professional GOLD 1TB CFexpress 4.0 Type A Memory Card,  model no.  LCAGOLD001T-RNENG, is  priced at $480 in cart. That's $240 off and the lowest price we could find.  This card is rated to record 8K raw video and carr…",Dealnews.com,https://www.dealnews.com/Lexar-Professional-GOLD-1-TB-CFexpress-4-0-Type-A-Memory-Card-for-480-in-cart-free-shipping/22088340.html
2026-08-24,Palmonas targets 10 stores in Gulf by year-end as India-to-world expansion gathers pace,"Demi-fine jewellery brand Palmonas is accelerating its international expansion, targeting around 10 stores across the Gulf Cooperation Council by the end of 2026, as the demi-fine jewellery brand seeks to build an “India-to-the-world” story",BusinessLine,https://www.thehindubusinessline.com/companies/palmonas-targets-10-stores-in-gulf-by-year-end-as-india-to-world-expansion-gathers-pace/article71384862.ece
2026-08-24,Collector Amanda Precourt Skipped the Vanity Museum to Give Denver a Community Art Space,"She founded Cookie Factory, her 5,000-square-foot art space, as a privately funded nonprofit to avoid competing with local institutions like the Denver Art Museum and MCA Denver for donors.",Observer,https://observer.com/2026/08/gallery-interview-art-collector-amanda-precourt-cookie-factory-denver-art-scene/
2026-08-24,Gold and Bitcoin Surge on Treasury Bond Market Fight. Scarce Asset Owners Are This Market’s Big Winners,"The post Gold and Bitcoin Surge on Treasury Bond Market Fight. Scarce Asset Owners Are This Market’s Big Winners appeared first on 24/7 Wall St..
Markets are increasingly being shaped by a tug-of-war between inflation, government borrowing, and the enormous p…",Biztoc.com,https://biztoc.com/x/e12b64852641f14c
2026-08-24,What I’ve Learned: Kenneth Shropshire,"In a wide-ranging conversation with Wharton Dean Erika James, Kenneth Shropshire reflects on his unconventional path to academia and how the business of sports has evolved over his career.…Read More",Upenn.edu,https://knowledge.wharton.upenn.edu/article/what-ive-learned-kenneth-shropshire/
2026-08-24,Ahead of Market: 10 things that will decide stock market action on Tuesday,"Indian equities ended lower after erasing early gains, with Sensex falling 172 points and Nifty 33 points. Rising bond yields, Iran sanctions uncertainty and weak Asian markets pressured sentiment. Metals outperformed, while banking stocks lagged. Analysts ex…",The Times of India,https://economictimes.indiatimes.com/markets/stocks/news/ahead-of-market-10-things-that-will-decide-stock-market-action-on-tuesday/articleshow/133472692.cms
2026-08-24,Exercise other options,F&O frenzy needs to be tackled differently,BusinessLine,https://www.thehindubusinessline.com/opinion/editorial/exercise-other-options/article71385154.ece
2026-08-24,Scott Bessent Reportedly Could Dip Into Rainy Day Fund In Major Escalation Over Gov’t Buybacks,"The Treasury could use its General Account (TGA)to help finance its expanded bond-buyback program, CNBC reported.",The Daily Caller,https://dailycaller.com/2026/08/24/scott-bessent-reportedly-dipping-into-rainy-day-fund-in-major-escalation
2026-08-24,1998 Toyota Land Cruiser UZJ100 w/Factory Cloth Interior at No Reserve,"This 1998 Toyota Land Cruiser is said to be one of fewer than 100 that were built for the US market with fabric upholstery. It was further specified with an electronic locking rear differential, and it was registered with one owner in Texas for 24 years. The …",Bringatrailer.com,https://bringatrailer.com/listing/1998-toyota-land-cruiser-98/
2026-08-24,Trophy Seaport office tower trades for $435M as institutional capital returns to Boston's premier waterfront district,"JLL led the sales efforts for One Marina Park Drive, underscoring investor confidence in irreplaceable Boston assets Key Takeaways Historic transaction volume: The $435 million sale of One Marina Park Drive represents one of the most significant office transa…",PRNewswire,https://www.prnewswire.com/news-releases/trophy-seaport-office-tower-trades-for-435m-as-institutional-capital-returns-to-bostons-premier-waterfront-district-302858386.html
2026-08-24,"Traders bet bitcoin was stuck below $67,000. The Treasury blew that trade up in one afternoon","Bitcoin and gold shot higher this week, with both getting a boost from some frantic action surrounding the bond market, and the cryptocurrency also benefiting from activity in Washington.
Bitcoin had dropped from a January high of around $95,000 to below $60,…",Biztoc.com,https://biztoc.com/x/3df0e923e72d7558
2026-08-24,Best & Worst 2026: Food & Drink,Multicategory Winner,Richmondmagazine.com,https://richmondmagazine.com/best-of-richmond/best-and-worst/best-worst-2026-food-drink/
2026-08-24,SpaceX disses and Eminem remixes: Inside David Einhorn's latest Greenlight letter,David Einhorn's firm celebrated its 30th anniversary in May.  His investor letter offers a glimpse inside the party and his views on SpaceX.,Business Insider,https://www.businessinsider.com/greenlight-investor-letter-david-einhorn-slams-spacex-eminem-rap-2026-8#article
2026-08-24,Risk-On or Risk-Off? How to Read Global Sentiment Before You Trade,"Understand risk-on and risk-off market sentiment to make informed trading decisions. Learn how global sentiment affects asset classes and your trades.

Read More: https://punchng.com/risk-on-or-risk-off-how-to-read-global-sentiment-before-you-trade/",The Punch,https://punchng.com/risk-on-or-risk-off-how-to-read-global-sentiment-before-you-trade/
2026-08-24,Iran shadow looms over Dalal Street as Nifty ends in red,The session underscored how a faraway geopolitical flashpoint can dominate trading on Dalal Street when energy prices are already elevated,BusinessLine,https://www.thehindubusinessline.com/markets/iran-shadow-looms-over-dalal-street-as-nifty-ends-in-red/article71384445.ece
2026-08-24,Momentive Software Earns Gold and Silver Stevie® Awards in the 23rd Annual International Business Awards®,"2026 State of the Mission-Driven Workforce Report wins gold for Best Research Report; Bring on Better brand transformation earns silver for Brand Renovation of the Year ST. PETERSBURG, Fla., Aug. 24, 2026 (GLOBE NEWSWIRE) — Momentive Software, the leading tec…",Financial Post,https://financialpost.com/globe-newswire/momentive-software-earns-gold-and-silver-stevie-awards-in-the-23rd-annual-international-business-awards
2026-08-24,The Treasury’s bond-market intervention isn’t working. So what comes next?,You can’t just sweep $40 trillion in U.S. national debt under a rug and forget about it — or so the bond market appears to be telling Treasury Secretary Scot...,MarketWatch,https://www.marketwatch.com/story/the-treasurys-bond-market-intervention-isnt-working-so-what-comes-next-ba5e132a
2026-08-24,Big Pharma Deploys Stealth Marketing to Capture China's Exploding Obesity Market,Global drugmakers like Eli Lilly and Novo Nordisk are using stealth marketing in Chinese subways to dominate the booming market for GLP-1 weight-loss injections.,Streamlinefeed.co.ke,https://streamlinefeed.co.ke/news/big-pharma-stealth-marketing-obesity-drugs-china
2026-08-24,The Latest On Cale Makar's Future With The Avalanche,Joe Sakic sounds increasingly confident that the Colorado Avalanche will get Cale Makar signed to a long-term extension before the 2026-27 season begins.,The Hockey News,https://thehockeynews.com/nhl/colorado-avalanche/latest-news/the-latest-on-cale-makars-future-with-the-avalanche
2026-08-24,"Three Cleveland Bakeries, One Online Auction: Colossal Cupcakes Liquidates Nearly 300 Lots","Four soft serve machines including a $22,000 Taylor, double-stack convection ovens, four Hobart mixers, curved-glass display cases and full front-counter POS — plus the velvet thrones and giant cupcake props that made the bakery a Cleveland photo stop. Online…",PRNewswire,https://www.prnewswire.com/news-releases/three-cleveland-bakeries-one-online-auction-colossal-cupcakes-liquidates-nearly-300-lots-302858471.html
2026-08-24,"Bitcoin’s Bounce Is a ‘Gift to Sell,’ Mike McGlone Warns as Bond Yields Flash 2007-Level Danger","Mike McGlone says Bitcoin’s rebound may be a selling opportunity within a broader bear market. The 30-year US Treasury yield recently reached 5.31%, its high...",Crypto Coins News,https://www.ccn.com/news/crypto/bitcoin-bounce-gift-sell-bond-yields-2007-high/
2026-08-24,A massive trade just happened in gold. The options market is buzzing,"Gold is up 15% this month, rallying alongside higher interest rates and quietly on pace for its best month since 2008. The biggest trade in the entire options market today says that run is coming to an end.
Twenty minutes after the market opened Monday, someo…",Biztoc.com,https://biztoc.com/x/32c88d8ff57c772b
2026-08-24,"Nifty edges higher at open; IT and Pharma drag, metals lead","Infosys led the Nifty gainers, rising 1.71% to ₹1,140.20, followed by Hindalco at ₹1,049.30, up 1.48%, and HCL Technologies at ₹1,321.00, gaining 1.42%",BusinessLine,https://www.thehindubusinessline.com/markets/nifty-edges-higher-at-open-it-and-pharma-drag-metals-lead/article71383138.ece
2026-08-24,"Gold prices rise Rs 8,200/10g in 4 days; silver falls Rs 1,800/kg ahead of US inflation data. Buy, sell or hold?","Gold extended its winning streak on MCX, rising for a fourth straight session, while silver snapped a three-day rally as investors tracked the dollar and awaited key US inflation data and Federal Reserve Chair Kevin Warsh’s speech. Analysts expect precious me…",The Times of India,https://economictimes.indiatimes.com/markets/commodities/news/gold-prices-rise-rs-8200/10g-in-4-days-silver-falls-rs-1800/kg-ahead-of-us-inflation-data-buy-sell-or-hold/articleshow/133450787.cms
2026-08-24,In favour! FIIs buy 7 multibaggers that soared up to 730% after 2 quarters of selling,"After a period of significant sell-offs, foreign investors are making a strategic move by purchasing select Indian stocks demonstrating remarkable performance over the past year. In July alone, FIIs acquired shares worth Rs 11,045 crore, followed by Rs 13,123…",The Times of India,https://economictimes.indiatimes.com/markets/stocks/news/in-favour-fiis-buy-7-multibaggers-that-soared-up-to-730-after-2-quarters-of-selling/articleshow/133450761.cms
2026-08-24,Miners push market higher as banking rout continues,BHP is trading at a record high on the local stock exchange and leading the resources sector higher on the back of strong commodity prices.,PerthNow,https://www.perthnow.com.au/news/business/miners-push-market-higher-as-banking-rout-continues-c-22768158
2026-08-24,"Gold, silver prices today, 24 August: Check retail rates of 24K, 22K gold, 999 silver in Delhi, Mumbai and Kolkata","Gold and silver prices today, 24 August: Check the latest 24K, 22K gold and 999 silver retail rates across Delhi, Mumbai, Kolkata and other major Indian cities, along with MCX market updates.",Livemint,https://www.livemint.com/money/personal-finance/gold-silver-prices-today-24-august-check-retail-rates-of-24k-22k-gold-999-silver-in-delhi-mumbai-and-kolkata-11787539214526.html
2026-08-24,"ETMarkets NRI Talk | Rupee at 96: Why NRIs should think twice before sending more money to India, says Sachin Sawrikar","While a weaker rupee means more rupees for every dollar remitted, it can also erode the dollar value of INR-denominated investments over time.",The Times of India,https://economictimes.indiatimes.com/markets/us-stocks/wall-street-guide/etmarkets-nri-talk-rupee-at-96-why-nris-should-think-twice-before-sending-more-money-to-india-says-sachin-sawrikar/articleshow/133450384.cms
2026-08-24,Lalithaa Jewellery Mart shares to debut today; GMP signals 37% premium ahead of listing,"The Rs 1,700-crore IPO, which opened for subscription on August 17 and closed on August 19, drew an exceptional response, with the issue subscribed 62.97 times overall. Investors placed bids for a substantial portion of the 6.27 crore shares on offer.",The Times of India,https://economictimes.indiatimes.com/markets/stocks/news/lalithaa-jewellery-mart-shares-to-debut-today-gmp-signals-37-premium-ahead-of-listing/articleshow/133449448.cms
2026-08-24,Economic Digest: A Snapshot of Nepal’s Business News,"KATHMANDU: Economic Digest presents a brief yet comprehensive roundup of major business developments in Nepal, delivered in clear and accessible summaries. Nepal’s latest economic and policy developments present a mixed picture of opportunity, reform and pers…",Khabarhub.com,https://english.khabarhub.com/2026/24/564562/
2026-08-24,"Gold hits over three-month high ahead of US inflation data, Fed chair speech","Gold prices have surged to a three-month high, driven by investor anticipation for upcoming US inflation data. The speech by Federal Reserve Chair Kevin Warsh is also a focal point, likely influencing interest rate outlooks. Furthermore, Poland's central bank…",The Times of India,https://economictimes.indiatimes.com/markets/commodities/news/gold-hits-over-three-month-high-ahead-of-us-inflation-data-fed-chair-speech/articleshow/133449285.cms
2026-08-24,"Gold, silver rally off ugly crash, but investors remain on edge","Precious metals are surging off summer lows, but inflation risks and upcoming Fed cues keep the rally tentative.",TheStreet,https://www.thestreet.com/economy/how-long-can-gold-and-silver-price-rebound-last
2026-08-24,Made in Tarrant: Point Blank Tequila distills an award-winning brand,Fort Worth-based spirits brand plugs into consumer trends with its boss burro leading the way.,Fortworthreport.org,https://fortworthreport.org/2026/08/23/made-in-tarrant-point-blank-tequila-distills-an-award-winning-brand/
2026-08-24,"Global Market Today: Asian stocks dip with AI in focus, oil declines","MSCI’s Asia Pacific equities gauge dipped 0.1%, with the Kospi Index in South Korea — a bellwether for AI investments — falling 1.2%. However, US equity-index futures erased earlier losses to edged up, with contracts for the tech-heavy Nasdaq 100 climbing 0.1…",The Times of India,https://economictimes.indiatimes.com/markets/us-stocks/news/global-market-today-asian-stocks-dip-with-ai-in-focus-oil-declines/articleshow/133448923.cms
2026-08-24,From -2% to 24% in a year: What makes momentum fund returns vary so sharply,"Momentum funds have produced inconsistent returns during quieter market phases, particularly index-based funds that have encountered significant hurdles. The contrasting results are driven by diverse strategies at play. Investors are encouraged to look past t…",The Times of India,https://economictimes.indiatimes.com/wealth/invest/from-2-to-24-in-a-year-what-makes-momentum-fund-returns-vary-so-sharply/articleshow/133415948.cms
2026-08-24,Why do people poach musk deer?,"Why Do People Poach Musk Deer? The Deadly Lure of Scent The urgent and primary reason people poach musk deer is for the extremely valuable musk glands they possess, which are used in traditional medicine and high-end perfumes, driving a lucrative and often il…",Lifesciencesworld.com,https://www.lifesciencesworld.com/why-do-people-poach-musk-deer/
2026-08-24,Indian jewellers roll out cash-for-gold schemes ahead of festive season,"As the festive season approaches, companies are optimistic about increasing demand despite previous purchasing hesitations due to elevated prices.",Livemint,https://www.livemint.com/industry/indian-jewellers-roll-out-cash-for-gold-schemes-ahead-of-festive-season-11787466783204.html
2026-08-24,Cookery for All,“We’re only cooked if we accept it.” —Blaine Holt on “X”,Kunstler.com,https://www.kunstler.com/p/cookery-for-all
2026-08-24,"Insi Achieves SAP PartnerEdge Sell Status in the United States and Canada, Advancing North American Growth Strategy","Dual-country accreditation authorizes Insi to sell SAP Cloud ERP solutions directly, marking the next step in a five-year, $5 million USD investment in the region TORONTO, Aug. 24, 2026 (GLOBE NEWSWIRE) — Insi, a global digital evolution company with more tha…",Financial Post,https://financialpost.com/globe-newswire/insi-achieves-sap-partneredge-sell-status-in-the-united-states-and-canada-advancing-north-american-growth-strategy
2026-08-24,"Nifty trade above 24,300 in early trade; breadth strong","At 09:30 IST, the barometer index, the S&P BSE Sensex, jumped 192.31 points or 0.25% to 77,744.85. The Nifty 50 index added 52.55 points or 0.22% to 24,304.55.",Business Standard,https://www.business-standard.com/markets/capital-market-news/nifty-trade-above-24-300-in-early-trade-breadth-strong-126082400161_1.html
2026-08-24,Gold Rises; Appeal Grows Amid Uneasy U.S. Fiscal Outlook,"Gold rose in Asian trade. The yellow metal has rebounded sharply from July lows, supported by renewed investment demand and growing unease over the U.S. fiscal outlook, ING said.",Biztoc.com,https://biztoc.com/x/2c2fb4090ed053c9
2026-08-24,Intoxalock Expands Investment in Florida Criminal Defense Group to Support DUI Recovery and Rehabilitation in the State,Leading ignition interlock provider becomes Gold Sponsor of the Florida Association of Criminal Defense Lawyers as part of a broader push to support DUI recovery and reduce impaired driving statewide. Key Takeaways Intoxalock is now a Gold Sponsor of the Flor…,PRNewswire,https://www.prnewswire.com/news-releases/intoxalock-expands-investment-in-florida-criminal-defense-group-to-support-dui-recovery-and-rehabilitation-in-the-state-302858412.html
2026-08-24,"Treasure Yields Fall, Gold Rises On Bessent's $1 Trillion Warning","The 10-year Treasury yield fell and gold rallied as the department may use its general account to buy bonds, a form of quantitative easing.",Investor's Business Daily,https://www.investors.com/news/10-year-treasury-yield-gold-price-bessent-general-account-federal-reserve/
2026-08-24,The AmeriFlex Group® Launches AI-Enabled Scout Program to Identify Advisors Approaching Succession,"The Scout Program, developed by The AmeriFlex Group, creates complete profiles for hundreds of advisors in need of succession planning support in minutes LAS VEGAS, Aug. 24, 2026 /PRNewswire/ -- The AmeriFlex Group® (or ""the firm""), an advisor-owned hybrid RI…",PRNewswire,https://www.prnewswire.com/news-releases/the-ameriflex-group-launches-ai-enabled-scout-program-to-identify-advisors-approaching-succession-302857751.html
2026-08-24,"PPF, SSY, NSC, KVP, MIS or Time deposit: Which post office scheme saves the most tax?","Small savings schemes vary based on individual needs and tax situations. Notable options include PPF with 7.1% interest, SSY at 8.2%, and NSC at 7.7%, each with tax benefits, lock-in periods, and unique characteristics.",Livemint,https://www.livemint.com/money/personal-finance/ppf-ssy-nsc-kvp-mis-or-time-deposit-which-post-office-scheme-saves-the-most-tax-11787558328289.html
2026-08-24,"India, GCC discuss next steps on free trade agreement","Both sides discussed ways to strengthen India-GCC relations, exchanged views on regional and international developments, and reviewed preparations for a ministerial meeting scheduled next month",BusinessLine,https://www.thehindubusinessline.com/news/india-gcc-discuss-next-steps-on-free-trade-agreement/article71383777.ece
2026-08-24,"India, Gulf bloc discuss next steps on free trade agreement",India and the Gulf Cooperation Council reviewed free trade agreement negotiations in Riyadh.  Discussions focused on strengthening bilateral relations and regional developments.  Both sides affirmed the importance of continued coordination for stability.  The…,The Times of India,https://economictimes.indiatimes.com/news/economy/foreign-trade/india-gulf-bloc-discuss-next-steps-on-free-trade-agreement/articleshow/133457984.cms
2026-08-24,"India, Gulf Cooperation Council discuss next steps on free trade agreement","India has reviewed the negotiations on a free trade agreement with the Gulf Cooperation Council (GCC), as the country's ambassador to Saudi Arabia, Vipul, held wide-ranging talks with the secretary general of the six-nation bloc, Jasem Mohamed Albudaiwi, in R…",Business Standard,https://www.business-standard.com/economy/news/india-gulf-cooperation-council-discuss-next-steps-on-free-trade-agreement-126082400499_1.html
2026-08-24,"Dollar trading near multi-month lows, restrained by debt nerves","The dollar is facing significant weakness, hovering close to multi-month lows as market participants await crucial details on sanctions and upcoming policy speeches. Canada's dollar dipped following a halt in trade negotiations, along with imposing tariffs fr…",The Times of India,https://economictimes.indiatimes.com/markets/forex/forex-news/dollar-trading-near-multi-month-lows-restrained-by-debt-nerves/articleshow/133449298.cms
2026-08-24,Asante Provides Financing Update,"VANCOUVER, British Columbia, Aug. 24, 2026 (GLOBE NEWSWIRE) — Asante Gold Corporation (TSXV: ASE | GSE: ASG | OTCQX: ASGOF) (“Asante” or the “Company”) announces that its senior lenders and hedge counterparties have agreed to extend two previously disclosed d…",Financial Post,https://financialpost.com/globe-newswire/asante-provides-financing-update
2026-08-24,NZ’s invasive pest control needs a new approach – starting with local government reform,Effective pest control depends on local teams but requires national oversight and funding. A  federated system could strengthen New Zealand’s biosecurity response.,The Conversation Africa,https://theconversation.com/nzs-invasive-pest-control-needs-a-new-approach-starting-with-local-government-reform-289376
2026-08-24,‘Crypto today is where mutual funds were in 1995’: BitDelta India CEO on digital assets and their role in your portfolio,"Vikaas M. Sachdeva, CEO of BitDelta India, talks to Abhinav Kaul about his journey from mutual funds and PMS to crypto, and where digital assets fit in an investor’s portfolio.",The Times of India,https://economictimes.indiatimes.com/wealth/invest/crypto-today-is-where-mutual-funds-were-in-1995-bitdelta-india-ceo-on-digital-assets-and-their-role-in-your-portfolio/articleshow/133416135.cms
2026-08-24,Thune-aligned groups unleash historic war chest to defend Senate majority: 'Winning message',"The Senate Leadership Fund says it raised over $500 million to defend the Republican majority in 2026 midterm elections, setting a new record.",Fox News,https://www.foxnews.com/politics/thune-aligned-groups-historic-war-chest-defend-senate-majority-winning-message
2026-08-24,"My brother just died, and I don't want to work anymore, but I can’t afford to quit. Is a ‘soft retirement’ the solution?","“If the numbers don’t look good, then I would seriously consider not doing it,"" warns one expert.",Yahoo Entertainment,https://finance.yahoo.com/small-business/articles/brother-just-died-dont-want-094500417.html
2026-08-24,Gold climbs to more than three-month high as markets await US inflation data,,Yahoo Entertainment,https://consent.yahoo.com/v2/collectConsent?sessionId=1_cc-session_1c2b2e14-71c3-485d-b015-cf6c8fa962e4
2026-08-24,"Asian shares flat ahead of expected US sanctions on Iran, Nvidia results",The ​entire tech sector is holding its breath for Nvidia's results on Wednesday; investors are aware how hard ​it will be for the chip maker to meet stratospheric expectations,Business Standard,https://www.business-standard.com/markets/news/asian-shares-flat-ahead-of-expected-us-sanctions-on-iran-nvidia-results-126082400051_1.html
2026-08-24,Gold approaches three-month high as US Treasury intervenes in bond market,"The Treasury's intervention may offer short-term relief but highlights deeper fiscal challenges, potentially impacting future economic stability.
The post Gold approaches three-month high as US Treasury intervenes in bond market appeared first on Crypto Brief…",Crypto Briefing,https://cryptobriefing.com/gold-three-month-high-treasury-bond-buyback/
2026-08-24,"Gold crosses $4,700 on Comex; silver trades above $69 amid US bond buybacks","In the global market, gold was trading near $4,700 per ounce on Comex, while silver was around $69 per ounce",Business Standard,https://www.business-standard.com/markets/news/gold-crosses-4-700-on-comex-silver-trades-above-69-amid-us-bond-buybacks-126082400155_1.html
2026-08-24,Wyndham Clark earns 3rd win with Ping Ally Blue Onset putter,Wyndham Clark won the 2026 BMW Championship on Sunday for his sixth career victory.,Golf.com,https://golf.com/gear/wyndham-clarks-2026-bmw-witb/
2026-08-24,"BitcoinâsÂ latestÂ 23% weekly surgeÂ tied to a favorable regulatory climate incoming, as CLARITY Act vote nears","The digital asset market is experiencing a seismic shift this week, as Bitcoin recorded its most explosive performance since 2023, shattering the $79,000 mark and obliterating over $1 billion in short-seller positions. While mainstream media attributes this s…",Naturalnews.com,https://www.naturalnews.com/2026-08-24-bitcoins-latest-weekly-surge-favorable-regulatory-climate-incoming.html
2026-08-24,"China reportedly increases gold reserves by 88 tonnes, reaching 2,366 tonnes total","China's increased gold reserves may drive up global gold prices, influencing economic strategies amid geopolitical and market uncertainties.
The post China reportedly increases gold reserves by 88 tonnes, reaching 2,366 tonnes total appeared first on Crypto B…",Crypto Briefing,https://cryptobriefing.com/china-reportedly-increases-gold-reserves-by-88-tonnes-reaching-2366-tonnes-total/
2026-08-24,Talisker Announces First Direct Shipment of Ore to Taiwan,"TORONTO, Aug. 24, 2026 (GLOBE NEWSWIRE) — Talisker Resources Ltd. (“Talisker” or the “Company”) (TSX: TSK, OTCQX: TSKFF) is pleased to report the successful loading and departure of its first ore shipment to Taiwan as part of the Company’s direct shipping ore…",Financial Post,https://financialpost.com/globe-newswire/talisker-announces-first-direct-shipment-of-ore-to-taiwan
2026-08-24,Peter Thiel’s $418 Million Bet On These 8 Companies Reveals AI’s Biggest Bottleneck,Peter Thiel's firm just filed a strikingly focused $418 million portfolio that ignores chips entirely and bets everything on a single constraint choking the...,24/7 Wall St.,https://247wallst.com/investing/2026/08/24/peter-thiels-418-million-bet-on-these-8-companies-reveals-ais-biggest-bottleneck/
2026-08-24,She Bought the Winery’s Reserve Vintage With Her IRA. The IRS Treated Every Bottle as an Instant Withdrawal.,"Putting wine in a self-directed IRA sounds like a savvy move for a serious collector, but the IRS classifies alcoholic beverages in a way that can trigger a...",24/7 Wall St.,https://247wallst.com/personal-finance/social-security/2026/08/24/she-bought-the-winerys-reserve-vintage-with-her-ira-the-irs-treated-every-bottle-as-an-instant-withdrawal/
2026-08-24,HONOR Magic V6 Review,"HONOR has built a reputation for making some of the toughest smartphones on the market, and from our experience, they...
The post HONOR Magic V6 Review appeared first on YugaTech | Philippines Tech News & Reviews.",Yugatech.com,https://www.yugatech.com/gadget-reviews/honor-magic-v6-review/
2026-08-24,"Gold, Bitcoin or Stocks: Who’s winning the 2026 race for returns?","Gold, Indian equities and bitcoin have delivered sharply different returns in 2026. Bitcoin has led the recent rally, gaining 27% over both the past week and month, but remains down 8% year-to-date. Gold has emerged as a stronger performer, while Indian equit…",The Times of India,https://economictimes.indiatimes.com/markets/stocks/news/gold-bitcoin-or-stocks-whos-winning-the-2026-race-for-returns/articleshow/133460698.cms
2026-08-24,Canadian stocks whipsaw after U.S. trade talks break down,Canadian stocks flipped between gains and losses at Monday’s open after the collapse of U.S. talks unleashed a widening trade war. Read here,Financial Post,https://financialpost.com/investing/canadian-stocks-whipsaw-trade-talks-break-down
2026-08-24,JUST IN: Early morning fire razes shops in Oyo market,"An early morning fire has destroyed approximately 300 shops at Oranya Market in Ibadan, Oyo State. Learn more about the devastating Oyo market fire and its

Read More: https://punchng.com/just-in-early-morning-fire-razes-shops-in-oyo-market/",The Punch,https://punchng.com/just-in-early-morning-fire-razes-shops-in-oyo-market/
2026-08-24,Why gold and silver prices have added $5 trillion in value,"Gold and silver prices are having a summer end to remember.
Inside the Action
Gold prices are up a sizzling 15% this month while silver has surged 19%. Combined, the metals have added nearly $5 trillion in market value this month per analysis from Bull Theory…",Biztoc.com,https://biztoc.com/x/1c90939be72feca9
2026-08-24,"Nifty trades below 24,200 level; media share decline","At 14:30 IST, the barometer index, the S&P BSE Sensex, declined 284.15 points or 0.37% to 77,256.68. The Nifty 50 index lost 86.50 points or 0.36% to 24,165.50.",Business Standard,https://www.business-standard.com/markets/capital-market-news/nifty-trades-below-24-200-level-media-share-decline-126082400597_1.html
2026-08-24,Fidelity doubles gold holdings amid Fed policy uncertainty,"Fidelity's increased gold holdings highlight market anxiety over Fed policy, potentially influencing investment strategies and economic stability.
The post Fidelity doubles gold holdings amid Fed policy uncertainty appeared first on Crypto Briefing.",Crypto Briefing,https://cryptobriefing.com/fidelity-doubles-gold-holdings-amid-fed-policy-uncertainty/
2026-08-24,"Shares, oil dip as US sanctions on Iran loom","By Iain Withers and Wayne Cole LONDON/SYDNEY, Aug 24 (Reuters) - Global stocks slipped on Monday and oil prices eased as investors awaited details of threate...",Yahoo Entertainment,https://finance.yahoo.com/news/shares-flat-asia-iran-sanctions-004936320.html
2026-08-24,Shares dip on pressure from technology; yields and oil fall,"NEW YORK/LONDON, Aug 24 : MSCI's global equities gauge was lower on Monday as weakness in technology stocks offset support from a dip in U.S. Treasury yields and falling oil prices.Investors were waiting for details of threatened U.S. sanctions on Iran with T…",CNA,https://www.channelnewsasia.com/business/shares-dip-pressure-technology-yields-and-oil-fall-6336701
2026-08-24,Global Market: European shares edge lower as investors await Iran sanctions details,"European shares edged lower on Monday as technology stocks came under pressure, while investors awaited US sanctions on Iran, Nvidia’s results and fresh clues on the Federal Reserve’s rate outlook.",The Times of India,https://economictimes.indiatimes.com/markets/us-stocks/news/global-market-european-shares-edge-lower-as-investors-await-iran-sanctions-details/articleshow/133457567.cms
2026-08-24,2026 Taiwan Jewellery & Gem Fair to Take Place in November,2026 Taiwan Jewellery & Gem Fair to Take Place in November,BusinessLine,https://www.thehindubusinessline.com/brandhub/pr-release/2026-taiwan-jewellery-gem-fair-to-take-place-in-november/article71383690.ece
2026-08-24,Report: Nottingham Forest favourites to sign Barcelona star,"Nottingham Forest Lead Marc Casado Race as Barcelona Open Door to Midfield ExitNottingham Forest are firmly in the picture for Marc Casado, with TeamTalk reporting that the Premier League club are cur...",English Premier League Index - Opta Stats,https://eplindex.com/149724/report-nottingham-forest-favourites-to-sign-barcelona-star.html
2026-08-24,"Augmont Enterprises IPO Day 2: GMP jumps to 48%, issue subscribed 2.74x — Should you subscribe?","Augmont Enterprises IPO entered its second day with strong demand, reaching 2.74 times subscription on Day 1. GMP climbed to 48%, indicating potential listing gains. The Rs 825 crore issue benefits from an integrated gold and silver ecosystem, strong financia…",The Times of India,https://economictimes.indiatimes.com/markets/ipos/fpos/augmont-enterprises-ipo-day-2-gmp-jumps-to-48-issue-subscribed-2-74x-should-you-subscribe/articleshow/133450931.cms
2026-08-24,SU Group Secures Exclusive Macao Rights for Award-Winning Robotic Infrastructure Inspection Solution,"New partnership expands SU Group's technology portfolio, strengthens its newly established Macao operation and creates a platform for broader geographic growth HONG KONG, Aug. 24, 2026 /PRNewswire/ -- SU Group Holdings Limited (Nasdaq: SUGP) (""SU Group"" or th…",PRNewswire,https://www.prnewswire.com/news-releases/su-group-secures-exclusive-macao-rights-for-award-winning-robotic-infrastructure-inspection-solution-302858197.html
2026-08-24,"Gold futures surge past $4,700/oz, signaling economic fears","Gold's surge reflects deep economic uncertainty, prompting shifts in investment strategies and highlighting vulnerabilities in fiscal policies.
The post Gold futures surge past $4,700/oz, signaling economic fears appeared first on Crypto Briefing.",Crypto Briefing,https://cryptobriefing.com/gold-futures-surge-past-4700-economic-fears/
2026-08-24,Golf District's New Tool Lets Golfers Name Price Point For Tee Times,"Golf District's new PricePoint feature lets golfers name their price for tee times, giving course operators and buyers real-time price discovery.",Forbes,https://www.forbes.com/sites/erikmatuszewski/2026/08/24/golf-districts-new-tool-lets-golfers-name-price-point-for-tee-times/
2026-08-24,"Silver prices today, Monday, August 24, 2026: Why silver remains on a roll, up over 18% month-over-month","Silver (SI=F) September futures opened at $69.34 per ounce on Monday, August 24, 2026, down 0.3% from Friday's closing price. Silver fell slightly this morni...",Yahoo Entertainment,https://finance.yahoo.com/personal-finance/investing/article/silver-prices-today-monday-august-24-2026-why-silver-remains-on-a-roll-up-over-18-month-over-month-124600654.html
2026-08-24,Agnico Eagle invests $57-million in Radisson Mining Resources,"Agnico Eagle Mines Ltd. AEM-T has signed a deal to invest $57-million in Radisson Mining Resources Inc RDS-X.
Radisson owns the O’Brien gold project in Quebec’s Abitibi region.
Under the agreement, Agnico is acquiring 53,420,000 units at a price of $1.07 per …",Biztoc.com,https://biztoc.com/x/9e3e85cee57af413
2026-08-24,Blue Jay Gold Announces Nomination of Ashley Kates to the Board of Directors for Upcoming AGM,"VANCOUVER, British Columbia, Aug. 24, 2026 (GLOBE NEWSWIRE) — Blue Jay Gold Corp. (TSXV: JAY) (OTCQB: JAYGF) (FSE: JAY) (“Blue Jay” or the “Company”), is pleased to announce the nomination of Ashley Kates to the Company’s Board of Directors. The nomination is…",Financial Post,https://financialpost.com/globe-newswire/blue-jay-gold-announces-nomination-of-ashley-kates-to-the-board-of-directors-for-upcoming-agm
2026-08-24,Top analyst says investors should consider this overlooked sector,A veteran options strategist says the materials sector is besting the rest of the market.,TheStreet,https://www.thestreet.com/investing/stocks/michael-khouw-eyes-xlb-materials-etf-options
2026-08-24,Augmont Enterprises IPO subscribed 14.46 times,The offer received bids for 11.15 crore shares as against 77.15 lakh shares on offer.,Business Standard,https://www.business-standard.com/markets/capital-market-news/augmont-enterprises-ipo-subscribed-14-46-times-126082400916_1.html
2026-08-24,Apple is Reportedly Bringing Back the Ceramic Apple Watch,"Apple is poised to reintroduce the ceramic Apple Watch with the upcoming Series 12, marking the return of a design last seen in 2019 with the Series 5. Renowned for its glossy white finish and exceptional durability, the ceramic model has long been a favorite…",Geeky Gadgets,https://www.geeky-gadgets.com/ceramic-apple-watch-series-12/
2026-08-24,Which NFL Teams Have The Best Skill Position Players? Ranking All 32 Groups ...,Even the best quarterbacks need help. Here's our ranking of every team's players at the skill positions.,Fox Sports,https://www.foxsports.com/stories/nfl/which-nfl-teams-have-best-skill-position-players-ranking-all-32-groups
2026-08-24,Santoli: Why all the fuss about bond yields is happening now,The textbooks say the cycle high in real yields should act as a restraint on economic growth and equity valuations.,CNBC,https://www.cnbc.com/2026/08/24/why-all-the-fuss-about-bond-yields-is-happening-now.html
2026-08-24,"With 49 preseason defensive snaps, has Commanders safety Quan Martin answered his doubters? - Daily Slop",NFL rosters must be cut to 53 players by Sunday at 6 pm,Hogs Haven,https://www.hogshaven.com/washington-commanders-news/434761/49-preseason-snaps-has-quan-martin-answered-doubters-antonio-williams-will-harris
2026-08-24,Tokenized commodities market cap rises $298M as overall RWA sector sheds $211M in a week,"The volatility in tokenized RWAs underscores the sector's complexity and the need for investors to understand diverse asset dynamics.
The post Tokenized commodities market cap rises $298M as overall RWA sector sheds $211M in a week appeared first on Crypto Br…",Crypto Briefing,https://cryptobriefing.com/tokenized-commodities-rwa-market-cap-weekly/
2026-08-24,"Walmart has one of the best RTX 5070 gaming PC deals right now at $501 off, plus two FREE upcoming games","We just spotted a deal at Walmart that drops the MSI Codex R2 AI gaming desktop with an RTX 5070 to $1,499 shipped. That’s a straight $501 off its usual $2,000 price, making this a solid value for a prebuilt powered by Intel’s Core Ultra 7 265F processor and …",9to5Toys,http://9to5toys.com/2026/08/24/walmart-has-one-of-the-best-rtx-5070-gaming-pc-deals-right-now-at-501-off/
2026-08-24,"Here Are Monday’s Top Wall Street Analyst Research Calls: AstraZeneca, Celestica, Chipotle Mexican Grill, Domino’s Pizza, Fortune Brands, Golar LNG, Jersey Mike’s Subs, Roku, and More","Wall Street analysts reshuffled the deck on Monday with a wave of upgrades, downgrades, and fresh initiations spanning pharma giants, fast-casual chains, and...",24/7 Wall St.,https://247wallst.com/investing/2026/08/24/here-are-mondays-top-wall-street-analyst-research-calls-astrazeneca-celestica-chipotle-mexican-grill-dominos-pizza-fortune-brands-golar-lng-jersey-mikes-subs-roku-and-more/
2026-08-24,"Nifty slips 33 points, Sensex slides 172 points amid Iran sanctions concerns","Key benchmark indices ended lower on Monday, with the Nifty slipping 0.14% to 24,219.05, as investors turned cautious ahead of details of new US sanctions on Iran. The market reversed early gains as geopolitical uncertainty and elevated crude prices weighed o…",Business Standard,https://www.business-standard.com/markets/capital-market-news/nifty-slips-33-points-sensex-slides-172-points-amid-iran-sanctions-concerns-126082400855_1.html
2026-08-24,First bear-market trend line reclaim since 2025: Five things to know in Bitcoin this week,"Bitcoin returns short-term investors to profit with a trip toward $80,000 and its first weekly close above a key trend line since November 2025.",Cointelegraph,https://cointelegraph.com/markets/first-bear-market-trend-line-reclaim-since-2025-five-things-to-know-in-bitcoin-this-week
2026-08-24,Surge Copper Provides Mid-Season Berg Update and Advances Environmental Assessment Preparations,"Technical and environmental programs progressing as planned; Initial Project Description targeted for early September Vancouver, British Columbia, Aug. 24, 2026 (GLOBE NEWSWIRE) — Surge Copper Corp. (TSXV: SURG) (OTCQB: SRGXF) (Frankfurt: G6D2) (“Surge” or th…",Financial Post,https://financialpost.com/globe-newswire/surge-copper-provides-mid-season-berg-update-and-advances-environmental-assessment-preparations
2026-08-24,"Solstice Gold Consolidating 57 km² Strathy Gold Project through Agreement to Acquire Leckie Gold Zone and 43 New Claims; $650,000 Private Placement Fully Subscribed","– Leckie Gold Zone has more than 23,000 m of historical drilling and is open to depth and along strike. Forms new focus for expansion drilling and potential resource development – VANCOUVER, British Columbia — Solstice Gold Corp. (TSXV: SGC) (“Solstice” or th…",Financial Post,https://financialpost.com/pmn/business-wire-news-releases-pmn/solstice-gold-consolidating-57-km²-strathy-gold-project-through-agreement-to-acquire-leckie-gold-zone-and-43-new-claims-650000-private-placement-fully-subscribed
2026-08-24,How to Buy the 2026 Anniversary Rolexes: Waitlists and What “Off-Catalog” Really Means,"The 2026 anniversary Rolex lineup spans the catalog Oyster Perpetual 36 with its multicoloured Jubilee-motif dial and Rolex’s more exclusive “Exceptional Watches.” Here is what official-retailer access, waitlist requests and “off-catalog” really mean.
The pos…",Hautetime.com,https://www.hautetime.com/how-to-buy-2026-anniversary-rolex/
2026-08-24, Y! Sports AM: From the NFL to LSU,Dae’Quan Wright was on the Browns this weekend. Now he could be headed back to college.,Yahoo Entertainment,https://sports.yahoo.com/articles/y-sports-am-nfl-lsu-125241431.html
2026-08-24,"Gold prices today, Monday, August 24, 2026: 'Gold to stay hot through the end of the month'","Gold (GC=F) December futures opened at $4,673.40 per troy ounce on Monday, August 24, 2026, down 0.2% from Friday's closing price. The price of gold is rising this morning at $4,712.60 per troy ounce as of 8:30 a.m. ET.
Gold opened above $4,600 for the first …",Biztoc.com,https://biztoc.com/x/0a8b03813fdd94de
2026-08-24,Morning Minute: Saylor’s Strategy Back in Green As BTC Soars to $78k,"Bitcoin just closed its biggest weekly candle of all time in notional value, and 10 alt leaders put up 50%+ gains in massive crypto rebound.",Decrypt,https://decrypt.co/376321/morning-minute-saylors-strategy-back-in-green-as-btc-soars-to-78k
2026-08-24,Walmart Just Cratered Almost 10% in a Week. This Retail CEO Says the Holidays Will Prove Everyone Wrong.,"Walmart beat estimates, raised guidance, and still shed nearly 10% of its value in a week. The reason the market sold it off anyway reveals a quiet battle be...",24/7 Wall St.,https://247wallst.com/investing/2026/08/24/walmart-just-cratered-almost-10-in-a-week-this-retail-ceo-says-the-holidays-will-prove-everyone-wrong/
2026-08-24,Gold Price Hits 15-Week High As Late-Summer Rally Extends,"The price of gold rose to above $4,700 early Monday, lifting the metal to its highest price in about 15 weeks after a mostly stagnant summer.",Forbes,https://www.forbes.com/sites/conormurray/2026/08/24/gold-price-hits-15-week-high-as-late-summer-rally-extends/
2026-08-24,"Target Is Leaning Into Food And Beverage, Giving Emerging Brands A Retail Platform Like Never Before",Here are some of Target's newest products entering the mass retailer,Forbes,https://www.forbes.com/sites/andrewwatman/2026/08/24/target-is-leaning-into-food-and-beverage-giving-emerging-brands-a-retail-platform-like-never-before/
2026-08-24,IShares Bitcoin Trust call options volume hits record 1.58M contracts,"The surge in call options for IBIT signals strong bullish sentiment, potentially driving Bitcoin prices higher and solidifying IBIT's market dominance.
The post IShares Bitcoin Trust call options volume hits record 1.58M contracts appeared first on Crypto Bri…",Crypto Briefing,https://cryptobriefing.com/ibit-call-options-volume-record/
2026-08-24,Stop Everything! A New Disney+ Perk Is Now Available,A new Disney+ perk just dropped!,disneyfoodblog.com,https://www.disneyfoodblog.com/2026/08/24/stop-everything-a-new-disney-perk-is-now-available/
2026-08-24,John Mearsheimer asks: Is Strangling Iran Going To Succeed?,"Reprinted from John’s Substack:  On 23 August 2026, I was on “Switzerland” with Rose Kelanic and the host, Tom Switzer, talking about the likelihood that President Trump’s policy of delivering an “Economic D-Day” against Iran is likely to work. This policy ha…",Antiwar.com,https://www.antiwar.com/blog/2026/08/24/john-mearsheimer-asks-is-strangling-iran-going-to-succeed/
2026-08-24,"Bitcoin price gains pull new investors into crypto, Fed experiment shows","Bitcoin price gains can draw new buyers into crypto by lifting expectations for future returns, a Federal Reserve Bank of Cleveland experiment found. According to the report, participants shown Bitcoin's previous 12-month performance became more bullish on cr…",CryptoSlate,https://cryptoslate.com/bitcoin-price-gains-can-pull-new-investors-into-crypto-fed-experiment-shows/
2026-08-24,Crypto Bull Market 2026: Is the Bitcoin Rally Finally Turning Into an Altcoin Season?,"The crypto market is witnessing an unexpected turnaround. Bitcoin is up over 20% for the week, reaching around $77,000. Ether is outperforming the leading cryptocurrency....
The post Crypto Bull Market 2026: Is the Bitcoin Rally Finally Turning Into an Altcoi…",Bitcoinfoundation.org,https://bitcoinfoundation.org/news/altcoins/crypto-bull-market-2026-bitcoin-rally-altcoin-season/
2026-08-24,networthy added to PyPI,"Track your complete net worth on your own machine — NSDL/CAMS statement parsing, live prices, retirement projections. India-first, private by design.",Pypi.org,https://pypi.org/project/networthy/
2026-08-24,Crypto extends gains after biggest 3-day rally since 2023,Bitcoin and crypto stocks extended their rally after the flagship cryptocurrency broke out of its trading range.,CNBC,https://www.cnbc.com/2026/08/24/crypto-extends-gains-after-biggest-3-day-rally-since-2023.html
2026-08-24,Keith Andrews lauds ‘magnificent’ Damien Duff for instant impact at Brentford,"‘He’s my number two,’ said the Bees boss, clearing up any confusion over his fellow Irishman’s role",The Irish Times,https://www.irishtimes.com/sport/soccer/2026/08/24/keith-andrews-lauds-magnificent-damien-duff-for-instant-impact-at-brentford/
2026-08-24,Positive investments in gold ETFs continue for the fifth week in a row,"Gold ETFs see positive inflows for five weeks, driven by US and UK investors attracted to gold's rising prices.",BusinessLine,https://www.thehindubusinessline.com/markets/gold/positive-investments-in-gold-etfs-continue-for-the-fifth-week-in-a-row/article71384933.ece
2026-08-24,"Strive Jumps 5% as CEO Declares the Bitcoin Bear Market Over, Strategy and Bitmine Rise 3%","Strive's CEO just called the Bitcoin bear market dead, insiders are buying shares, and treasury stocks are surging while miners slide. Whether this breakout...",24/7 Wall St.,https://247wallst.com/investing/2026/08/24/strive-jumps-5-as-ceo-declares-the-bitcoin-bear-market-over-strategy-and-bitmine-rise-3/
2026-08-24,Jay-Z's midlife resurgence on TikTok: Gen Z are only just discovering the 'greatest rapper of all time' as Tom Ford hit goes viral ahead of his two-night comeback show in London,"He was dubbed the 'greatest rapper of all time' by Billboard and Vibe in 2023, with a career spanning three decades.",Dailymail.com,https://www.dailymail.com/tvshowbiz/article-16075411/Jay-Zs-resurgence-TikTok-Gen-Z-London-tour.html
2026-08-24,10 Questions About Disney Cruise Line’s Opening Day Itineraries,"If you are anything like me, you’ve been waiting somewhat impatiently for Disney Cruise Line to release the rest of thei",Touringplans.com,https://touringplans.com/blog/10-questions-about-disney-cruise-lines-opening-day-itineraries/
2026-08-24,"Nifty settles below 24,250; PSU Bank stocks decline","In the barometer index, the S&P BSE Sensex declined 171.72 points or 0.22% to 77,369.11. The Nifty 50 index fell 32.95 points or 0.14% to 24,219.05. Over the last two trading sessions, the Sensex gained 0.82%, while the Nifty advanced 0.72%.",Business Standard,https://www.business-standard.com/markets/capital-market-news/nifty-settles-below-24-250-psu-bank-stocks-decline-126082400789_1.html
2026-08-24,Bellroy Unveils Slim Leather and Polymer Cases for Google Pixel 11 Series,"Bellroy has expanded its range of Google Pixel accessories with a new collection of slim cases designed specifically for the Pixel 11 lineup. Created as part of Bellroy’s ongoing collaboration with Google, the new accessories cover the Pixel 11, Pixel 11 Pro,…",AndroidGuys,https://androidguys.com/news/bellroy-unveils-slim-leather-and-polymer-cases-for-google-pixel-11-series/
2026-08-24,"Sensex today | Stock Market Highlights: Stock markets end lower amid simmering geopolitical tensions, elevated crude oil prices","Sensex, Nifty, Share Prices Highlights: Benchmark equity indices Sensex and Nifty ended lower on Monday as persistent geopolitical tensions and elevated crude oil prices hampered risk appetite. Investors remained cautious ahead of fresh US sanctions on Iran, …",BusinessLine,https://www.thehindubusinessline.com/markets/sensex-nifty50-today-stock-market-highlights-24-august-2026/article71380598.ece
2026-08-24,Uorfi Javed reveals she faced multiple rejections recently; ‘I genuinely think this year has been a year of rejection for me’,"Uorfi Javed took to Instagram to express her recent professional setbacks, highlighting a series of unfulfilled projects. Her show Follow Kar Lo Yaar was axed by Prime Video, while Netflix pulled out from a series she was set to star in. Additionally, she enc…",The Times of India,https://timesofindia.indiatimes.com/tv/news/hindi/uorfi-javed-opens-up-about-a-year-of-professional-rejections-its-all-failures-for-me/articleshow/133453774.cms
2026-08-24,"Thane-Vadape journey for Mumbai, Thane residents may drop from 2 hours to 30 minutes as road widening nears finish","The Thane-Vadape highway widening project is nearing completion with 95% of work finished. Authorities aim for a September-end deadline to finish the remaining widening tasks. Motorists still face potholes and congestion, especially around Mankoli and Pimplas…",The Times of India,https://timesofindia.indiatimes.com/city/thane/thane-vadape-journey-for-mumbai-residents-may-drop-from-2-hours-to-30-minutes-as-road-widening-nears-finish/articleshow/133454306.cms
2026-08-24,"Iran War: Bessent’s Flailing and the Misunderstood Coming, Strait of Hormuz “Closure” Accelerated Crisis","Today's Iran war post: Bessant's twin messes, neither of which he is managing well, plus some other sightings.",Nakedcapitalism.com,https://www.nakedcapitalism.com/2026/08/iran-war-bessents-flailing-and-the-misunderstood-coming-strait-of-hormuz-closure-accelerated-crisis.html
2026-08-24,"Priority Jewels sets IPO price band at ₹190-200, issue to open on Aug 28","Priority Jewels Ltd is gearing up to launch its Initial Public Offering (IPO) on August 28, with a price band of Rs 190-200 per share.
The three-day public issue will close on September 1, while bidding by anchor investors will take place on August 27, accord…",Business Standard,https://www.business-standard.com/markets/ipo/priority-jewels-sets-ipo-price-band-at-190-200-issue-to-open-on-aug-28-126082400317_1.html
2026-08-24,Priority Jewels sets IPO price band at ₹190-200/share; issue to open on Aug 28,"The three-day public issue will close on September 1, while bidding by anchor investors will take place on August 27, according to an announcement by the company.",BusinessLine,https://www.thehindubusinessline.com/markets/priority-jewels-sets-ipo-price-band-at-190-200share-issue-to-open-on-aug-28/article71383380.ece
2026-08-24,"Gold price up by Rs 3,200 per tola in Nepali market","KATHMANDU: The price of gold has increased by Rs 3,200 per tola today, following a rise of Rs 15,400 over the past three days. According to the Federation of Nepal Gold and Silver Dealers, the price of gold has reached Rs 322,700 per tola today. The price of …",Khabarhub.com,https://english.khabarhub.com/2026/24/564611/
2026-08-24,"Weather tomorrow: IMD warns of heavy rain, thunderstorms across several states; winds up to 60 kmph likely","The India Meteorological Department forecasts heavy rain and thunderstorms across several states. Isolated very heavy rainfall is expected in parts of Madhya Pradesh, Odisha, and Uttarakhand. Kerala will experience unsettled weather, particularly during the O…",The Times of India,https://timesofindia.indiatimes.com/city/delhi/weather-tomorrow-imd-warns-of-heavy-rain-thunderstorms-across-several-states-winds-up-to-60-kmph-likely/articleshow/133453360.cms
2026-08-24,"Gold price prediction today: Worst of gold price dips over? Check outlook for August 24, 2026 week","Gold price prediction today: Looking ahead, market participants will closely monitor further developments in US Treasury operations, fiscal policy discussions, and upcoming economic data releases, which are expected to remain key drivers for gold prices in th…",The Times of India,https://timesofindia.indiatimes.com/business/india-business/gold-price-prediction-today-what-is-the-gold-rate-outlook-for-august-24-2026-week-should-you-buy-or-sell-mcx-gold-us-iran-war-middle-east/articleshow/133453711.cms
2026-08-24,TN scales up LPG subsidy: CM Vijay announces 3 free cylinders annually for 1.3cr families under 'Annapurna',"In a significant move to alleviate the financial burden on struggling households, Chief Minister Joseph Vijay has introduced a scheme providing three complimentary LPG cylinders each year for low-income families. This initiative, driven by the escalating cost…",The Times of India,https://timesofindia.indiatimes.com/city/chennai/tn-scales-up-lpg-subsidy-cm-vijay-announces-3-free-cylinders-a-year-for-1-3-cr-families-under-annapurna/articleshow/133454321.cms
2026-08-24,Ajit Ranade: Rising interest payments on government debt isn’t equally bad news for everyone,"As enlarged government borrowings drive up interest rates, we’re in a new era globally. Budgets must tighten, but fiscal pullbacks can have uneven consequences. India’s case is particularly troubling in this context.",Livemint,https://www.livemint.com/opinion/online-views/ajit-ranade-rising-interest-payments-government-debt-bad-news-uneven-impact-11787491031203.html
2026-08-24,ASX 200 Rises as Miners Rally and Ampol Profit Surges During Reporting Season's Final Week as Banks Lag,"The ASX 200 rose 0.47% driven by mining sector gains and Ampol's profit surge, offsetting banking sector weakness. Investors focus on final earnings reports as the August reporting season concludes.",Ibtimes.com.au,https://www.ibtimes.com.au/asx-200-rises-mining-gains-ampol-profit-surge-1874456
2026-08-24,Lalithaa Jewellery Mart lists at premium,"Shares of Lalithaa Jewellery Mart were currently trading at Rs 266.50 at 10:11 IST on the BSE, representing a premium of 32.59% as compared with the issue price of Rs 201.",Business Standard,https://www.business-standard.com/markets/capital-market-news/lalithaa-jewellery-mart-lists-at-premium-126082400222_1.html
2026-08-24,"Lalithaa Jewellery Mart shares list at 32% premium, Horizon Industrial makes muted debut: Should you buy?","Lalithaa Jewellery Mart debuts at a 32% premium, while Horizon Industrial's IPO sees a muted start; should investors consider buying?",BusinessLine,https://www.thehindubusinessline.com/markets/stock-markets/lalithaa-jewellery-mart-shares-debut-at-32-premium-over-ipo-price-should-you-buy-blackstone-backed-horizon-industrial-parks-makes-muted-debut/article71383216.ece
2026-08-24,"Salomon X-Adventure Recon GTX Hiking Shoes $75 + $9.99 Delivery ($0 Order > $120, Club Membership Required) @ Anaconda","Even though RRP on Anaconda website says $150, but these hiking shoes have been recorded selling at $249. You can check price history on Fashion Lane website. Code GET20 doesn't work on these …",Ozbargain.com.au,https://www.ozbargain.com.au/node/972484
2026-08-24,"Lalithaa Jewellery Mart shares surge 36% from IPO price after strong market debut. Should you buy, sell or hold?","Lalithaa Jewellery Mart shares surged after debuting at a 32% premium to the IPO price, reaching over 36% gains. Strong subscription, attractive valuations versus peers and expansion plans have supported investor optimism. Analysts, however, caution about gol…",The Times of India,https://economictimes.indiatimes.com/markets/stocks/news/lalithaa-jewellery-mart-shares-surge-36-from-ipo-price-after-strong-market-debut-should-you-buy-sell-or-hold/articleshow/133452015.cms
2026-08-24,BMW i5 LWB: Key things to know about new electric sedan,BMW has opened bookings for its new i5 Long Wheelbase electric sedan in India. This locally manufactured sedan offers improved rear-seat space and comfort for passengers. The electric sedan boasts a claimed range of 669 kilometers on the MIDC cycle. A limited…,The Times of India,https://timesofindia.indiatimes.com/auto/cars/bmw-i5-lwb-key-things-to-know-about-new-electric-sedan/articleshow/133454390.cms
2026-08-24,US sailor’s father detained by ICE while son serves aboard USS Abraham Lincoln,"A US sailor's father, originally from Nicaragua, faced immigration officials' detention during a routine vehicle stop in Key West, Florida. While his son serves overseas, he feels deep concern for his father's situation, who is currently waiting for green car…",The Times of India,https://timesofindia.indiatimes.com/world/us/us-sailors-father-detained-by-ice-while-son-serves-aboard-uss-abraham-lincoln/articleshow/133453708.cms
2026-08-24,Four medaka fish flew aboard Columbia in 1994 to test whether vertebrates could reproduce without gravity; they laid 43 eggs and eight baby fish hatched in space,"Astronaut Chiaki Mukai took four medaka fish into space in July 1994 as part of an experiment to study reproduction in microgravity. The fish laid eggs during the mission, with eight of 43 identified eggs hatching in space. After returning to Earth, the adult…",The Times of India,https://timesofindia.indiatimes.com/world/us/four-medaka-fish-flew-aboard-columbia-in-1994-to-test-whether-vertebrates-could-reproduce-without-gravity-they-laid-43-eggs-and-eight-baby-fish-hatched-in-space/articleshow/133453313.cms
2026-08-24,Washington releases 20 lab-raised sunflower sea stars into the Salish Sea to restore the endangered species and damaged kelp forests,"In a remarkable conservation initiative, twenty lab-raised sunflower sea stars have been released back into the Salish Sea. This effort seeks to restore a species that has suffered extensively due to disease, crucial for the health of kelp forest ecosystems. …",The Times of India,https://timesofindia.indiatimes.com/world/us/washington-releases-20-lab-raised-sunflower-sea-stars-into-the-salish-sea-to-restore-the-endangered-species-and-damaged-kelp-forests/articleshow/133454146.cms
2026-08-24,"Fed Study Shows Crypto Investors Driven by Extreme Optimism – Unlike Stock, Bond or Gold Holders","A Cleveland Fed working paper finds US crypto holders are young, male, and libertarian-leaning, expecting far higher returns than non-holders, with price info boosting their actual purchases.
The post Fed Study Shows Crypto Investors Driven by Extreme Optimis…",The Daily Hodl,https://dailyhodl.com/2026/08/24/fed-study-shows-crypto-investors-driven-by-extreme-optimism-unlike-stock-bond-or-gold-holders/
2026-08-24,Fidelity portfolio manager plans to rebuild gold holdings amid Fed uncertainty,"Fidelity's gold strategy highlights growing investor caution and potential shifts in asset allocation amid monetary policy uncertainties.
The post Fidelity portfolio manager plans to rebuild gold holdings amid Fed uncertainty appeared first on Crypto Briefing.",Crypto Briefing,https://cryptobriefing.com/fidelity-doubles-gold-holdings-fed-uncertainty/
2026-08-24,Nike Caitlin 1 “Emerald Rise” Releases January 2027,"The Nike Caitlin 1 “Emerald Rise” will release on January 16, 2027. This upcoming colorway gives Caitlin Clark’s first signature...
The post Nike Caitlin 1 “Emerald Rise” Releases January 2027 appeared first on .",Sneakerfiles.com,https://www.sneakerfiles.com/nike-caitlin-1-emerald-rise/
2026-08-24,"Goliath’s 2026 Drilling Expands Golden Gate Zone From 0.85 Km² To 1.17 Km² And Bonanza Zone From 1.27 Km² to 1.51 Km² And Remains Open For Expansion, Drilling Continues On The High-Grade Gold Surebet Discovery, Golden Triangle, B.C.","Quartz-sulphide mineralization intersected in multiple step-out drill holes expanded the Golden Gate Zone (located within the volcanics) by an additional 160 meters to the northeast, beyond the previously reported 320-meter expansion, bringing the total 2026 …",Financial Post,https://financialpost.com/globe-newswire/goliaths-2026-drilling-expands-golden-gate-zone-from-0-85-km²-to-1-17-km²-and-bonanza-zone-from-1-27-km²-to-1-51-km²-and-remains-open-for-expansion-drilling-continues-on-the-hig
2026-08-24,"Michael Saylor Explains How to Invest Like a Billionaire, and Why Bitcoin Passes the Test",Saylor says Bitcoin passes the Bernard Arnault test. See the 10-year rule he uses to judge every asset he buys.,BeInCrypto,https://beincrypto.com/saylor-bitcoin-bernard-arnault-test/
2026-08-24,"Bitcoin surges 22% in a week, climbs to nearly $78K as US Treasury bond-buying plan boosts sentiment","Bitcoin surged nearly 22% over the past week, trading near $78,000 on Monday, as the US Treasury’s bond-buying plan boosted market sentiment. Bitcoin was last at $76,896. Ethereum gained 1.37% over 24 hours, while Bitcoin rose 0.90%. Among major altcoins, BNB…",The Times of India,https://economictimes.indiatimes.com/markets/cryptocurrency/crypto-news/bitcoin-surges-22-in-a-week-climbs-to-nearly-78k-as-us-treasury-bond-buying-plan-boosts-sentiment/articleshow/133460825.cms
2026-08-24,"Augmont Enterprises IPO subscribed 2.74x on day 2, NII category leads","The non-institutional investor (NII) category led with 3.97x subscription, driven by the sub-₹10 lakh NII bucket which was subscribed 5.82 times.",BusinessLine,https://www.thehindubusinessline.com/markets/augmont-enterprises-ipo-subscribed-274x-on-day-2-nii-category-leads/article71383911.ece
2026-08-24,"Gold Climbs Above $4,650 as U.S. Fiscal Risks Boost Demand for Bullion","Gold extended its advance on Monday, moving above $4,650 an ounce and remaining close to a three-month high as concerns over the U. S.",Advfn.com,https://investorshub.advfn.com/market-news/article/34866/gold-climbs-above-4650-as-u-s-fiscal-risks-boost-demand-for-bullion
2026-08-24,"Bitcoin Holds Above $77,000 After Regulatory Optimism Drives Rebound","Bitcoin (COIN:BTCUSD) traded higher on Monday, holding on to much of its recent recovery as expectations for more favourable U. S.",Advfn.com,https://investorshub.advfn.com/market-news/article/34862/bitcoin-holds-above-77000-after-regulatory-optimism-drives-rebound
2026-08-24,Canadian dollar slides as US-Canada trade tensions escalate,"Escalating US-Canada trade tensions may destabilize currency markets and boost gold demand as investors seek safe-haven assets.
The post Canadian dollar slides as US-Canada trade tensions escalate appeared first on Crypto Briefing.",Crypto Briefing,https://cryptobriefing.com/canadian-dollar-slides-as-us-canada-trade-tensions-escalate/
2026-08-24,"Gold rate today (August 24, 2026): Check 24k, 22k, 20k, 18k gold jewellery prices from Malabar Gold & Diamonds, Joyalukkas, Kalyan Jewellers, Tanishq & IBJA in Delhi, Mumbai, Hyderabad & more cities","On August 24, 2026, the price of 22k gold jewellery experienced a notable rise, with Tanishq pricing it at Rs 15,075 per gram nationwide. Competing brands like Malabar and Kalyan also reported increased rates. Additionally, IBJA provided the latest silver pri…",The Times of India,https://economictimes.indiatimes.com/wealth/invest/gold-rate-today-august-24-2026-check-24k-22k-20k-18k-gold-jewellery-prices-from-malabar-gold-diamonds-joyalukkas-kalyan-jewellers-tanishq-ibja-in-delhi-mumbai-hyderabad-more-cities/articleshow/133459204.cms
2026-08-24,Name Change and Consolidation Approved,"QUEBEC CITY, Aug. 24, 2026 (GLOBE NEWSWIRE) — PDI Gold Limited (ASX:PDI, TSX:PDI) (“PDI Gold” or the “Company”) (previously Predictive Discovery Limited) advises that following shareholder approval obtained at the general meeting on 21 August 2026 (“Meeting”)…",Financial Post,https://financialpost.com/globe-newswire/name-change-and-consolidation-approved
2026-08-24,(PR) COLORFUL Launches the iGame X870E VULCAN W OC Motherboard,"Colorful Technology Company Limited, a leading brand in gaming PC components, gaming laptops, and Hi-fi audio products, announces the iGame X870E VULCAN W OC, an all-white flagship overclocking motherboard designed for enthusiasts seeking uncompromising perfo…",Techpowerup.com,https://www.techpowerup.com/351870/colorful-launches-the-igame-x870e-vulcan-w-oc-motherboard
2026-08-24,"Gold correction, not collapse: Why Vallum sees another big rally ahead",Gold vs debt: Why Vallum says the metal's biggest trade is only reopening,Business Standard,https://www.business-standard.com/finance/personal-finance/gold-correction-not-collapse-why-vallum-sees-another-big-rally-ahead-126082400323_1.html
2026-08-24,"Gold hits over 3-month high ahead of US inflation data, Fed chair speech","Spot gold was up 0.9 per cent at US$4,643.63 per ounce. Read more at straitstimes.com. Read more at straitstimes.com.",The Straits Times,https://www.straitstimes.com/business/gold-hits-over-3-month-high-ahead-of-us-inflation-data-fed-chair-speech
2026-08-24,Method French Lavender All-Purpose Cleaner Spray 28-oz. 2-Pack for $5.03 via Sub. & Save + free shipping w/ Prime,"At Amazon, get this Method French Lavender All-Purpose Cleaner Spray 28-oz. 2-Pack for $5.03 when you check out with Subscribe & Save. It's the best price we could find by $14. Shipping is free for Prime members. Buy Now at Amazon",Dealnews.com,https://www.dealnews.com/Method-French-Lavender-All-Purpose-Cleaner-Spray-28-oz-2-Pack-for-5-03-via-Sub-Save-free-shipping-w-Prime/22087664.html
2026-08-24,"Muthoot Finance, Manappuram Finance shares rally up to 11% in 4 days as gold crosses Rs 1.63 lakh","Gold loan stocks Muthoot Finance, Manappuram Finance and IIFL Finance gained sharply as gold prices climbed on a weaker dollar and liquidity support from the US Treasury. Investors are watching US inflation data and Fed signals at Jackson Hole. Rising gold pr…",The Times of India,https://economictimes.indiatimes.com/markets/stocks/news/muthoot-finance-manappuram-finance-shares-rally-up-to-11-in-4-days-as-gold-crosses-rs-1-63-lakh/articleshow/133455929.cms
2026-08-23,Which asset class will outperform next? Experts say investors should focus on asset allocation instead of chasing winner,"Equities, debt and precious metals are moving through different cycles, making it difficult for investors to identify the next winning asset class. Here is why multi-asset allocation can help investors diversify risk and navigate uncertain market conditions.",Livemint,https://www.livemint.com/money/personal-finance/which-asset-class-will-outperform-next-experts-say-investors-should-focus-on-asset-allocation-instead-of-chasing-winner-11787421218526.html
2026-08-23,A 70:30 strategy could help investors balance gold and silver exposure: Tata Mutual Fund,"Tata Mutual Fund recommends a 70:30 strategic allocation between gold and silver for investors looking to balance stability with growth. The fund house remains bullish on both precious metals over the medium to long term, preferring a higher weight to gold fo…",Economictimes.com,https://m.economictimes.com/mf/analysis/a-7030-strategy-could-help-investors-balance-gold-and-silver-exposure-tata-mutual-fund/articleshow/133434410.cms
2026-08-23,PPF vs NSC: ₹5 lakh investment—where will you earn more in 5 years? Check calculations,"PPF vs NSC: Compare the returns on  ₹5 lakh over five years, along with 2026 interest rates, tax treatment, maturity and investment limits. Find out which government-backed savings scheme may better suit your short-term or long-term financial goals.",Livemint,https://www.livemint.com/money/personal-finance/ppf-vs-nsc-5-lakh-investment-where-will-you-earn-more-in-5-years-check-calculations-11787457708290.html
2026-08-23,"HTX Research Examines U.S. AI Equities: Technology Remains Early, While Capital Expenditure and Valuations Have Entered the Late Cycle","APIA, Samoa, Aug. 23, 2026 /PRNewswire/ -- HTX Research, the dedicated research arm of HTX, has released a new report titled The Industrialization of Intelligence and the Bubble Cycle: Token Economics, Capital Expenditure, and the Repricing of Risk-Reward Acr…",PRNewswire,https://www.prnewswire.com/news-releases/htx-research-examines-us-ai-equities-technology-remains-early-while-capital-expenditure-and-valuations-have-entered-the-late-cycle-302857764.html
2026-08-23,"Women investors bet big on gold, triple their ETF investments in a year; where else did they put their money?","Women's participation in mutual fund investments has risen, with 1.61 crore women among a total of 6.09 crore investors by March 2026. Here's why they are betting big on gold.",Livemint,https://www.livemint.com/money/personal-finance/women-investors-bet-big-on-gold-triple-their-etf-investments-in-a-year-where-else-did-they-put-their-money-11787472238316.html
2026-08-23,beancount-zakat added to PyPI,"Zakat calculation for Beancount ledgers, with a Fava dashboard and a standalone CLI",Pypi.org,https://pypi.org/project/beancount-zakat/
2026-08-23,Links 8/23/2026,"Our strategic daily links: group of swingers, the math of imbalance, El Nino, China's resuable rocket, EU energy, Mideast horrors, Ukraine burning, vanishing privacy, Trumpishness, Musk world, hapless Democrats, immigration troubles, Mr. market, AI, and wretc…",Nakedcapitalism.com,https://www.nakedcapitalism.com/2026/08/links-8-23-2026.html
2026-08-23,"Equity, debt or gold? What 25 years of data reveals about the best asset allocation for investors","FundsIndia’s 25-year analysis compares different combinations of equity, debt and gold to see how asset allocation affects returns and portfolio volatility. The 70:15:15 mix delivered a 15% average seven-year return and crossed 10% annualised returns in 92% o…",Livemint,https://www.livemint.com/money/personal-finance/equity-debt-or-gold-what-25-years-of-data-reveals-about-the-best-asset-allocation-for-investors-11787419715482.html
2026-08-23,Endeavour Silver Announces Removal of Blockade at its Terronera Mine,"VANCOUVER, British Columbia, Aug. 23, 2026 (GLOBE NEWSWIRE) — Endeavour Silver Corp. (“Endeavour” or the “Company”) (NYSE: EXK; TSX: EDR) reports that the blockade at its Terronera Mine in Mexico has been removed and operations will resume on August 24, 2026.…",Financial Post,https://financialpost.com/globe-newswire/endeavour-silver-announces-removal-of-blockade-at-its-terronera-mine
2026-08-23,"The Treasury’s recent moves in the bond and currency markets add up to ‘soft-form financial repression’ to lower debt costs, economist warns","""If the market price of USTs is not 'allowed' to adjust down, the foreign exchange price of UST owned by foreign investors has to adjust via a weakening in the dollar.""",Fortune,https://fortune.com/2026/08/23/treasury-bond-buyback-dollar-yen-currency-markets-financial-repression-us-debt-costs/
2026-08-23,US Treasury bond intervention struggles as yields rebound,"The Treasury's intervention challenges highlight potential economic instability, prompting increased interest in gold as a safe haven asset.
The post US Treasury bond intervention struggles as yields rebound appeared first on Crypto Briefing.",Crypto Briefing,https://cryptobriefing.com/us-treasury-bond-intervention-struggles-as-yields-rebound/
2026-08-23,US dollar hits historic 2M rials as Iranian currency suffers dramatic collapse,"Iran's currency collapse exacerbates economic instability, erodes public trust in government, and heightens political tensions.
The post US dollar hits historic 2M rials as Iranian currency suffers dramatic collapse appeared first on Crypto Briefing.",Crypto Briefing,https://cryptobriefing.com/us-dollar-hits-2-million-iranian-rials/
2026-08-23,Bitcoin Finally Wakes Up While U.S. Debt Hits $40 Trillion,"Yields slipped after Treasury doubled its buyback plan, and Bitcoin and crypto sprinted higher. But can it last?",Moby.co,https://app.moby.co/home/news/news-bitcoin-finally-wakes-up-while-us-debt-hits-40-trillion?utm_source=yahoo_finance&amp;utm_medium=rss
2026-08-23,"Gold, silver prices to rally this week: Here’s what analysts say","Bullion prices are poised for growth next week as traders anticipate US inflation data and Fed signals, analysts say.",BusinessLine,https://www.thehindubusinessline.com/markets/gold/gold-silver-prices-to-rally-this-week-heres-what-analysts-say/article71380658.ece
2026-08-23,"Gold, silver prices likely to extend gains next week as investors await US data",Gold and silver prices are poised for further gains next week. Investors await crucial US inflation and economic data releases. Geopolitical developments in West Asia will also influence market sentiment. Domestic gold and silver futures saw significant incre…,The Times of India,https://timesofindia.indiatimes.com/business/india-business/gold-silver-prices-likely-to-extend-gains-next-week-as-investors-await-us-data/articleshow/133437513.cms
2026-08-23,"Bullion may shine next week as traders await US inflation data, Fed signals","Gold and silver prices are expected to retain their upward momentum next week, though profit-booking at higher levels may temper the rally as investors await key US inflation data, analysts said.
US Core Personal Consumption Expenditures (PCE) inflation and G…",Business Standard,https://www.business-standard.com/markets/commodities/bullion-may-shine-next-week-as-traders-await-us-inflation-data-fed-signals-126082300295_1.html
2026-08-23,"American billionaires are showing off their farmland for elaborate hobbies, but a buying spree among the ultrarich risks pricing farmers out","Mark Zuckerberg and Alexis Ohanian have become amateur yeoman, but other one-percenters may be putting actual farmers at a disadvantage.",Fortune,https://fortune.com/2026/08/23/american-billionaires-buying-farmland-alternative-asset-pricing-farmers-out/
2026-08-23,How bitcoin and gold went from a slump to an MVP week in just a few days,"Bitcoin had dropped from a January high of around $95,000 to below $60,000 at the end of June. Investors shied away from speculative assets earlier in the year and crypto supporters were concerned about the lack of movement on proposed regulation of the indus…",The Times of India,https://economictimes.indiatimes.com/markets/cryptocurrency/how-bitcoin-and-gold-went-from-a-slump-to-an-mvp-week-in-just-a-few-days/articleshow/133434294.cms
2026-08-23,Gold call-option demand hits 6-month high amid elevated prices: Barchart,"Rising gold call-option demand signals investor optimism for future price increases, potentially impacting market strategies and economic forecasts.
The post Gold call-option demand hits 6-month high amid elevated prices: Barchart appeared first on Crypto Bri…",Crypto Briefing,https://cryptobriefing.com/gold-call-option-demand-hits-6-month-high-amid-elevated-prices-barchart/
2026-08-23,"How will Sensex, Nifty behave on Monday? 4 factors to drive D-Street action this week","This week's Dalal Street movements are set to be heavily influenced by the ongoing tensions between Iran and the US, alongside fluctuations in global oil prices. Rising bond yields are causing investors to adopt a cautious stance as they navigate market trend…",The Times of India,https://economictimes.indiatimes.com/markets/stocks/news/how-will-sensex-nifty-behave-on-monday-4-factors-to-drive-d-street-action-this-week/articleshow/133433930.cms
2026-08-23,"How multiple bank accounts help you to save, spend and be safe financially",Separate your money by intent to protect essential funds from impulse spending,Business Standard,https://www.business-standard.com/finance/personal-finance/how-multiple-bank-accounts-help-you-to-save-spend-and-be-safe-financially-126081401911_1.html
2026-08-23,Who was the richest passenger on the Titanic?,"Who Was the Richest Passenger on the Titanic? The Titanic disaster is shrouded in tragedy and mystery, but one intriguing question persists: Who was the richest passenger on the Titanic? The answer is John Jacob Astor IV, whose immense fortune and tragic demi…",Lifesciencesworld.com,https://www.lifesciencesworld.com/who-was-the-richest-passenger-on-the-titanic/
2026-08-23,The Strategic Blind Spots Attracting Shareholder Activists,2025 was a record year for shareholder activism. Over 255 campaigns were launched globally in the most prolific year to date. Activity in the United States was up 28 percent year over year; Japan reached its own record with 56 new campaigns. Activist investin…,Harvard School of Engineering and Applied Sciences,https://corpgov.law.harvard.edu/2026/08/23/the-strategic-blind-spots-attracting-shareholder-activists/
2026-08-23,Ray Dalio Warns of Looming US Debt Crisis and Urges Gold and Bitcoin Allocations,"Billionaire investor Ray Dalio is highlighting unsustainable US government finances and recommending investors underweight bonds while allocating 10-15% to gold and a bit of bitcoin.
The post Ray Dalio Warns of Looming US Debt Crisis and Urges Gold and Bitcoi…",The Daily Hodl,https://dailyhodl.com/2026/08/23/ray-dalio-warns-of-looming-us-debt-crisis-and-urges-gold-and-bitcoin-allocations/
2026-08-23,Got $2M saved? You should (probably) retire immediately. Don't sacrifice it all for nothing,You might be more ready for retirement than you think.,Yahoo Entertainment,https://finance.yahoo.com/markets/articles/got-2m-saved-probably-retire-124500785.html
2026-08-23,Why Bank of America strategist Michael Hartnett says the trade is still long gold,Gold remains Bank of America strategist Michael Hartnett’s preferred protection against a weakening U. S.,Advfn.com,https://investorshub.advfn.com/market-news/article/34837/why-bank-of-america-strategist-michael-hartnett-says-the-trade-is-still-long-gold
2026-08-23,"WATCH: Trump brushes off $40,000,000,000,000 government debt crisis, reveals way U.S. economy can get out of spiraling spending problem",Scott Bessent: 'There's nothing magic about the 40-trillion number',Wnd.com,https://www.wnd.com/2026/08/watch-trump-brushes-40000000000000-government-debt-crisis-reveals/
2026-08-23,"Fed study finds crypto investors driven by beliefs, easily swayed by returns","A Federal Reserve Bank of Cleveland study finds crypto investors hold sharply different views on returns and risk, while information about Bitcoin’s past gains can increase both desired allocations and actual crypto purchases.",Cointelegraph,https://cointelegraph.com/news/fed-study-finds-crypto-investors-driven-by-beliefs-easily-swayed-by-returns
2026-08-23,France's Badminton System Delivers Double World Championship Gold,"France achieved a historic double victory at the World Championships, with Thom Gicquel and Delphine Delrue winning mixed doubles and Alex Lanier securing the men's singles title. This unprecedented success is attributed to decades of strategic investment in …",Rediff.com,https://www.rediff.com/sports/report/france-achieves-historic-badminton-double-crown-at-worlds/20260823.htm
2026-08-23,"Virginia Navigates Changing NCAA, Federal Policies","College students across the Commonwealth are moving back into dorms and classrooms this month for the upcoming academic year. Things are heating up on the sports fields as well, where the University of Virginia boasts an impressive record heading into the 202…",Daily Signal,https://www.dailysignal.com/2026/08/23/virginia-navigates-changing-ncaa-federal-policies/
2026-08-23,Appointment of Non-Executive Directors,"PERTH, Australia, Aug. 23, 2026 (GLOBE NEWSWIRE) — Alkane Resources Limited (ASX: ALK, TSX: ALK, OTCQX: ALKRY) (‘Alkane’) is pleased to announce the appointments of Dr Jennifer Purdie and The Hon. Gabrielle Upton to the Alkane Board as independent Non-Executi…",Financial Post,https://financialpost.com/globe-newswire/appointment-of-non-executive-directors
2026-08-23,L1 Gold Fund posts debut FY26 result and capital raise update,"L1 Gold Fund's FY26 debut saw a $71m net loss as tough gold market conditions weighed on its first results and sector performance.
The post L1 Gold Fund posts debut FY26 result and capital raise update appeared first on The Motley Fool Australia.",Motley Fool Australia,https://www.fool.com.au/2026/08/24/l1-gold-fund-posts-debut-fy26-result-and-capital-raise-update/
2026-08-23,We are so back! Bitcoin’s 23% rally on US debt policy: Hodler’s Digest,"The US may face a debt crisis within three years according to Ray Dalio, and debt-related issues helped fuel a rally in Bitcoin that could mark the beginning of a new cycle.",Cointelegraph,https://cointelegraph.com/magazine/we-are-back-bitcoins-23-rally-on-us-debt-policy-hodlers-digest
2026-08-22,Central Banks Change Their Minds on “Safe Haven” Assets,We tend to use the word “safe” as though it has only one meaning. But a life jacket won’t put out a kitchen fire. A smoke detector won’t help much during a flood. They are all safety equipment – they simply address different dangers. The concept of “financial…,Activistpost.com,https://www.activistpost.com/central-banks-change-their-minds-on-safe-haven-assets/
2026-08-22,US Treasury yields hit highest levels since 2007 amid oil price concerns,"Rising yields may strain fiscal policies, elevate borrowing costs, and challenge economic growth amid inflationary pressures from energy prices.
The post US Treasury yields hit highest levels since 2007 amid oil price concerns appeared first on Crypto Briefin…",Crypto Briefing,https://cryptobriefing.com/us-treasury-yields-hit-highest-levels-since-2007-amid-oil-price-concerns/
2026-08-22,Faircourt Asset Management Inc. Announces August Distribution,"Toronto, Aug. 21, 2026 (GLOBE NEWSWIRE) — Faircourt Asset Management Inc., as Manager of the Faircourt Fund (CBOE:FGX), is pleased to announce the monthly distribution payable on the Shares of the below listed Fund. Faircourt Funds Trading Symbol Distribution…",Financial Post,https://financialpost.com/globe-newswire/faircourt-asset-management-inc-announces-august-distribution-3
2026-08-22,How AI Is Splitting the Right,"Conservatives are divided on how to approach the technology.
The post How AI Is Splitting the Right appeared first on The American Conservative.",The American Conservative,https://www.theamericanconservative.com/how-ai-is-splitting-the-right/
2026-08-22,Byron Scott on Lakers: I don't think Dr. Jerry Buss would be very happy with the state of the Lakers right now,Byron Scott on Lakers: I don't think Dr. Jerry Buss would be very happy with the state of the Lakers right now,Hoops Hype,https://www.hoopshype.com/story/sports/nba/2026/08/21/byron-scott-lakers-dont-think-jerry-buss-would-be-very-happy-with-the-state-of-the-lakers-right-now/91415693007/
2026-08-22,"Cheers, excitement, as Imo performs first robotic surgery","…No cut, blood loss, nerve damage; robot can magnify tissues 10 times bigger – Lead surgeon By Emmanuel Iheaka Imo State, on Friday, performed first robotic surgery on a patient said to be diagnosed with prostate cancer. A United Kingdom-based Consultant Robo…",Vanguard,https://www.vanguardngr.com/2026/08/cheers-excitement-as-imo-performs-first-robotic-surgery/
2026-08-22,Passive investing gains ground: What’s driving the shift to index funds and ETFs?,"Passive funds generally have lower expense ratios because the fund manager is not actively selecting stocks. Over a long investment period, even a small difference in annual cost can make a meaningful difference to the final corpus.",Livemint,https://www.livemint.com/money/personal-finance/passive-investing-gains-ground-what-s-driving-the-shift-to-index-funds-and-etfs-11787154113646.html
2026-08-22,US bond turmoil signals rising global macro pressures,"US bond turmoil highlights rising global macro pressures, emphasizing the importance of valuations for equity investors and gold's enduring relevance.",BusinessLine,https://www.thehindubusinessline.com/portfolio/us-bond-turmoil-signals-rising-global-macro-pressures/article71378664.ece
2026-08-22,"US Treasury buyback plan boosts gold, bitcoin prices","The Treasury's buyback plan underscores gold and bitcoin's role as hedges against currency devaluation and economic uncertainty.
The post US Treasury buyback plan boosts gold, bitcoin prices appeared first on Crypto Briefing.",Crypto Briefing,https://cryptobriefing.com/us-treasury-buyback-plan-boosts-gold-bitcoin-prices/
2026-08-22,This cocktail party proves Trump has no idea what's coming,"Christof, the megalomaniacal director of The Truman Show, played brilliantly by actor Ed Harris, had a line he loved to repeat
: “We accept the reality of the world with which we're presented.”I’ve been thinking about that line as of late because of the aval…",Raw Story,https://www.rawstory.com/raw-investigates/trump-reality/
2026-08-22,The ‘Student’ Legend: Why the Pentax K1000 Still Commands Respect,"There is no camera more synonymous with ""learning"" than the Pentax K1000. For nearly 50 years, it has been arguably the best-known student film camera ever made. But in 2026, it's time to stop looking at the K1000 as a ""beginner"" camera and start appreciating…",Fstoppers,https://fstoppers.com/film/d-76-vs-ilfosol-3-what-two-years-negatives-taught-me-722867
2026-08-22,"Pick of BL commodities -August 23, 2026","Last week, the Indian government permitted duty-free import of raw sugar to rein in surging prices of the commodity. Sugar prices have soared to a record high of over ₹60 a kg at retail outlets. With the current spell of rain set to end by the end of this mon…",BusinessLine,https://www.thehindubusinessline.com/newsletter/pick-of-bl-commodities/pick-of-bl-commodities-august-23-2026/article71378383.ece
2026-08-22,Treasury announcement sparks rally in gold and Bitcoin,"Increased Treasury buybacks may signal inflation concerns, driving investors to hedge with assets like gold and Bitcoin, impacting market dynamics.
The post Treasury announcement sparks rally in gold and Bitcoin appeared first on Crypto Briefing.",Crypto Briefing,https://cryptobriefing.com/treasury-buyback-rally-gold-bitcoin/
2026-08-22,"ETMarkets NRI Talk| Rs 1 crore, 5-7 years: How NRIs should allocate across Indian equities, bonds, gold and alternatives, says Rohit Sarin","NRIs investing in India should assess their global portfolio, existing India exposure, liquidity, risk appetite, taxes and repatriation needs before investing. For a Rs 1 crore portfolio, an illustrative allocation is 55–65% equities, 15–20% fixed income, 5–1…",The Times of India,https://economictimes.indiatimes.com/markets/us-stocks/wall-street-guide/etmarkets-nri-talk-rs-1-crore-5-7-years-how-nris-should-allocate-across-indian-equities-bonds-gold-and-alternatives-says-rohit-sarin/articleshow/133417845.cms
2026-08-22,,"Gene therapy, smart toilets, rapamycin, and the hard question behind longevity: who gets to live longer, and at whose expense?",hackernoon.com,https://hackernoon.com/hack-the-age-clock-and-search-for-eternal-life
2026-08-22,"Bitcoin hits $80,000’s doorstep just as the ETF bid disappears for the weekend","Bitcoin enters the weekend within striking distance of $80,000, registering an intraday high at $79,500 on Aug. 21. The move caps the biggest weekly rally in two years, built on a rare combination. A surprise Treasury intervention, roughly $1.6 billion of spo…",CryptoSlate,https://cryptoslate.com/bitcoin-hits-80000s-doorstep-just-as-the-etf-bid-disappears-for-the-weekend/
2026-08-22,"Gold prices rise for 3rd straight week, hit 3-month high. Can bullion reclaim $5,500 peak?","Gold rose 5% this week to nearly $4,603, marking its third consecutive weekly gain, supported by a weaker US dollar, Treasury bond buybacks and expectations of stable Fed rates. Analysts see long-term potential amid central-bank demand and currency concerns, …",The Times of India,https://economictimes.indiatimes.com/markets/commodities/news/gold-prices-rise-for-3rd-straight-week-hit-3-month-high-can-bullion-reclaim-5500-peak/articleshow/133419156.cms
2026-08-22,"Gold regains momentum as weak dollar, safe haven demand and seasonal buying support prices","Gold prices have surged sharply in August, supported by a weaker U.S. dollar, expectations of monetary easing, geopolitical tensions, and sustained central-bank purchases. Strong Chinese demand and India’s upcoming festive and wedding season add further suppo…",The Times of India,https://economictimes.indiatimes.com/markets/commodities/news/gold-regains-momentum-as-weak-dollar-safe-haven-demand-and-seasonal-buying-support-prices/articleshow/133417184.cms
2026-08-22,DALIO: DUMP BONDS AS DEBT CRISIS LOOMS...,Billionaire Ray Dalio said investors should reduce their bond holdings and put as much as 15% of their money in gold to hedge against the risk of a US debt c...,Yahoo Entertainment,https://finance.yahoo.com/markets/crypto/articles/dalio-says-sell-bonds-buy-170414392.html
2026-08-22,Six investors reveal the biggest market risks — and one strategy they agree on,"Investors see different risks threatening markets, but broadly agree that traders should diversify beyond recent winners.",CNBC,https://www.cnbc.com/2026/08/22/investors-market-risks-diversification-stocks-kospi.html
2026-08-22,PPF to digital gold: Monthly investments that build long-term wealth,"Here are seven low-cost, high-impact investment tools designed to help small monthly contributions grow into a substantial long-term corpus",Business Standard,https://www.business-standard.com/finance/personal-finance/ppf-to-digital-gold-monthly-investments-that-build-long-term-wealth-126081401843_1.html
2026-08-22,"Why the bond market is flexing its muscles, and why everyone needs to care",The bond market is one of the few forces in the world strong enough to get politicians to snap to attention,Abcnews.com,https://abcnews.com/Business/wireStory/bond-market-flexing-muscles-care-135859215
2026-08-22,The Week Investors Forced Uncle Sam To Confront Government’s Debt Addiction,"Investors signaled that, until Washington got its spending addiction under control, they would continue to demand higher interest payments.",The Daily Caller,https://dailycaller.com/2026/08/22/scott-bessent-investors-treasurys-federal-debt
2026-08-22,Big Tech may need to rethink AI spending plans amid adoption concerns,"Big Tech's AI investments face risks due to misaligned timelines, necessitating flexible strategies to adapt to rapid software evolution.
The post Big Tech may need to rethink AI spending plans amid adoption concerns appeared first on Crypto Briefing.",Crypto Briefing,https://cryptobriefing.com/big-tech-ai-spending-adoption-concerns/
2026-08-22,India Leaves the Door Ajar for China’s Investors,India announced auto-approvals for investors from neighboring countries to hold 10% non-controlling stake. That’s China’s music.,Moby.co,https://app.moby.co/home/news/news-india-leaves-the-door-ajar-for-chinas-investors?utm_source=yahoo_finance&amp;utm_medium=rss
2026-08-22,Why an announcement from the Treasury sparked a rally in gold and bitcoin this week,"Cryptocurrencies and precious metals shot higher, while the U.S. dollar weakened, after the Treasury Department said it planned to double its bond buybacks.",MarketWatch,https://www.marketwatch.com/story/why-an-announcement-from-the-treasury-sparked-a-rally-in-gold-and-bitcoin-this-week-d9d5972b
2026-08-22,Equity mutual fund AUM touches all-time high in July: NSE,"Equity mutual fund AUM reaches ₹48.5 lakh crore in July, with active schemes growing 13.3%, according to NSE report.",BusinessLine,https://www.thehindubusinessline.com/markets/equity-mutual-fund-aum-touches-all-time-high-in-july-nse/article71377552.ece
2026-08-22,The biggest U.S. stocks have done great for you. Experts say not to get greedy,"Low-cost S&P 500 index funds are the foundation of many portfolios to grow wealth, but investors should add assets to diversify and lower volatility.",CNBC,https://www.cnbc.com/2026/08/22/stocks-market-investments-diversification.html
2026-08-22,‘The U.S. is not the only game in town anymore’ — Treasury debt faces more competition from higher-yielding bonds overseas than in recent decades,"Yields on U.K. bonds have reached 5.81%, and German bonds are also paying 3.76%, versus 5.27% for a comparable U.S. bond. It's a big reason U.S. rates have been drifting higher.",Fortune,https://fortune.com/2026/08/22/us-debt-competition-higher-yielding-bonds-overseas-treasury-rates/
2026-08-22,Watch: Moment robot attempts to beat Usain Bolt's 100m record,"An android at China's World Humanoid Robot Games ran faster than Bolt's world record, smartphone maker Honor says.",BBC News,https://www.bbc.co.uk/news/videos/cgljl9zp47xo
2026-08-22,Mohamed El-Erian says 30-year Treasury yield at 5.27% signals a structural shift that will make America more expensive,"Bonds are anything but boring right now. In fact, Mohamed El-Erian believes the surge in bond yields could trigger a “structural economic shift” that makes e...",Yahoo Entertainment,https://finance.yahoo.com/economy/policy/articles/mohamed-el-erian-says-30-160000225.html
2026-08-22,"INSIDE IRELAND'S ATHLETICS BOOM: The very simple change of strategy and clear plan that helped bring medal glory to O'Connor, Adeleke, English and Coscoran...",'The more I practice the luckier I get' it has become a touchstone in the language of high-performance sport.,Dailymail.com,https://www.dailymail.com/sport/othersports/article-16072363/INSIDE-IRELANDS-ATHLETICS-BOOM-simple-change-strategy-clear-plan-helped-bring-medal-glory-OConnor-Adeleke-English-Coscoran.html
2026-08-22,Step inside the home of top Australian interior designer: Shona McElroy spills the secrets behind her luxe Parisian-inspired apartment - and the smart budget tricks we can all use,"Shona McElroy shares the timeless styling rules and clever budget tricks behind her stunning Parisian-inspired Sydney apartment, plus the interior trends that are officially in and out for 2026.",Dailymail.com,https://www.dailymail.com/lifestyle/homes/article-15967199/shona-mcelroy-interior-designer-sydney-home-styling-tips.html
2026-08-22,"Trump Brushes Off $40,000,000,000,000 Gov’t Debt Crisis, Claims US Economy Can Grow Its Way Out Of Spiraling Spending Problem",President Trump on Saturday brushed off concerns about the debt crisis plaguing the United States in favor of a Hail-Mary strategy of economic growth.,The Daily Caller,https://dailycaller.com/2026/08/22/donald-trump-brushes-off-40-trillion-dollar-debt-crisis-claims-economic-growth
2026-08-22,Dow Jones Futures: Market Rally Repairs Some Damage; Nvidia Earnings Loom,"Gold, biotechs and bitcoin shine bright, but many key techs could go either way.",Investor's Business Daily,https://www.investors.com/market-trend/stock-market-today/dow-jones-futures-market-rally-nvidia-crowdstrike-warsh/
2026-08-22,"Millions of US seniors could lose full Social Security COLAs. New proposal may preserve program, but here’s who loses",The crucial federal program faces an urgent solvency crisis.,Yahoo Entertainment,https://finance.yahoo.com/economy/policy/articles/millions-us-seniors-could-lose-120000693.html
2026-08-22,Gold v/s Stock Market: ಹೆಚ್ಚು ಲಾಭ ನೀಡುವ ಹೂಡಿಕೆ ಆಯ್ಕೆ ಯಾವುದು?,"Confused between gold and stock market investment? Compare long-term returns, risk factors, and the best portfolio diversification strategies for maximum profit.",Kannadaprabha.com,https://www.kannadaprabha.com/business/2026/Aug/22/gold-vs-stock-market-which-is-the-best-investment-option-for-higher-returns
2026-08-22,"Michael Hudson and Steve Keen: The Federal Reserve, the Constitution, and the End of US Hegemony","Steve Keen and Michael Hudson discuss empire, finance, and the coming crises.",Nakedcapitalism.com,https://www.nakedcapitalism.com/2026/08/michael-hudson-and-steve-keen-the-federal-reserve-the-constitution-and-the-end-of-us-hegemony.html
2026-08-22,HDFC and Axis Mutual Fund resume subscriptions in gold ETFs and gold ETF FoFs,"HDFC and Axis Mutual Fund have resumed unrestricted subscriptions in gold ETFs and funds, following similar moves by Tata and Aditya Birla Sun Life. Restrictions imposed amid strong inflows and physical gold supply constraints are being lifted as market condi…",Economictimes.com,https://m.economictimes.com/mf/mf-news/hdfc-and-axis-mutual-fund-resume-subscriptions-in-gold-etfs-and-gold-etf-fofs/articleshow/133419582.cms
2026-08-22,Gold gets its glitter back as Indian buyers return ahead of wedding and festive season,"India’s gold demand is recovering after June’s price correction, with jewellery purchases, imports and retailer stocking picking up ahead of the festive season. Gold ETFs also continue to attract investors, while old-gold exchanges are helping consumers manag…",The Times of India,https://economictimes.indiatimes.com/industry/cons-products/fashion-/-cosmetics-/-jewellery/gold-gets-its-glitter-back-as-indian-buyers-return-ahead-of-wedding-and-festive-season/articleshow/133419573.cms
2026-08-21,"Bitcoin seeks support near $77K as BTC, gold near 100-day highs","Bitcoin volatility eased after BTC hit its highest level since mid-May, while gold joined the cryptocurrency in approaching three-month highs.",Cointelegraph,https://cointelegraph.com/markets/bitcoin-seeks-support-near-77k-btc-gold-100-day-highs
2026-08-21,Stocks Settle Higher as Crude Oil Prices Stabilize,"The S&P 500 Index ($SPX ) (SPY ) closed up by +0.43% on Friday, the Dow Jones Industrial Average ($DOWI ) (DIA ) closed up by +0.98%, and the Nasdaq 100 Inde...",Barchart.com,https://www.barchart.com/story/news/3976828/stocks-settle-higher-as-crude-oil-prices-stabilize
2026-08-21,Dollar Ends Little Changed as Stocks Rally,"The dollar index (DXY00 ) fell by -0.02% on Friday, holding just above Thursday’s 3.25-month low. Strength in stocks on Friday reduced demand for dollar liqu...",Barchart.com,https://www.barchart.com/story/news/3975953/dollar-ends-little-changed-as-stocks-rally
2026-08-18,"Gold Slips Below $4,400 as Higher Oil Prices and Treasury Yields Weigh",Gold prices moved lower on Tuesday as rising U. S.,Advfn.com,https://investorshub.advfn.com/market-news/article/34485/gold-slips-below-4400-as-higher-oil-prices-and-treasury-yields-weigh
2026-08-18,Show HN: MCP-Proxy Add MCP support to any REST API – no code changes required,"We've spent decades building REST APIs. Adding MCP support shouldn't mean reimplementing your business logic. mcp-proxy exposes your existing REST endpoints as MCP tools automatically, with zero changes to your API.

Comments URL: https://news.ycombinator.com…",Github.com,https://github.com/crhuber/mcp-proxy
2026-08-17,Bitcoin hits $64K as gold gains while oil shakes off Trump Oman threat,"Bitcoin sees further relief with a push past $64,000 while oil prices shake of threats of military action on Oman by US president Donald Trump.",Cointelegraph,https://cointelegraph.com/markets/bitcoin-hits-64k-as-gold-gains-while-oil-shakes-off-trump-oman-threat
2026-08-17,"Gold rises towards $4,400 as weaker dollar supports prices despite Middle East inflation concerns","Gold prices moved higher on Monday, remaining close to $4,400 an ounce as weakness in the U.S. dollar and softer economic indicators provided support, while uncertainty over Middle East energy supplies continued to pose an inflation risk.
At 01:04 ET (05:04 G…",Biztoc.com,https://biztoc.com/x/b2d389555476b0cd
2026-08-14,"Gold Falls Below $4,350 as Profit-Taking Offsets Fed Rate Support","Gold prices moved lower on Friday, extending their retreat from a 10-week high reached earlier in the week as investors locked in some gains following the re...",Advfn.com,https://investorshub.advfn.com/market-news/article/34302/gold-falls-below-4350-as-profit-taking-offsets-fed-rate-support
2026-08-13,Gold Pulls Back From Two-Month High as Markets Reassess Fed Rate Outlook,"Gold prices moved lower on Thursday after reaching their highest level in more than two months, as investors balanced encouraging U. S.",Advfn.com,https://investorshub.advfn.com/market-news/article/34193/gold-pulls-back-from-two-month-high-as-markets-reassess-fed-rate-outlook
2026-08-12,"Gold holds near $4,400 as markets await U.S. inflation data","Gold prices extended their advance on Wednesday, trading close to $4,400 an ounce as investors awaited fresh U. S.",Advfn.com,https://investorshub.advfn.com/market-news/article/34081/gold-holds-near-4400-as-markets-await-u-s-inflation-data
2026-08-11,Bitcoin drops to one-week low as retail buys gold at highest prices since June,"Bitcoin price action sank to one-week lows ahead of US CPI data, while retail investors piled into gold ETFs and XAU/USD hit its highest levels in nine weeks.",Cointelegraph,https://cointelegraph.com/markets/bitcoin-drops-to-one-week-low-as-retail-buys-gold-at-highest-prices-since-june
2026-08-11,Gold Climbs to More Than Two-Month High as Iran Talks and U.S. Inflation Take Focus,"Gold prices extended their gains on Tuesday, holding close to their highest level in more than two months as renewed investor demand outweighed pressure from a stronger U.S. dollar, higher Treasury yields and rising energy prices.
At 00:56 ET (04:56 GMT), XAU…",Biztoc.com,https://biztoc.com/x/28d302140b38d3d1
2026-08-07,Gold Advances as Middle East Uncertainty Supports Safe-Haven Demand Ahead of US Payrolls,"Gold prices moved higher on Friday, building on the previous session’s gains as investors weighed escalating geopolitical tensions around the Strait of Hormu...",Advfn.com,https://investorshub.advfn.com/market-news/article/33692/gold-advances-as-middle-east-uncertainty-supports-safe-haven-demand-ahead-of-us-payrolls
2026-08-07,"Gold heads for best week since January, US jobs data in focus - Reuters","Gold heads for best week since January, US jobs data in focusReuters Gold Steady as Traders Assess Impact of Hormuz Flare-Up on RatesBloomberg Gold price hits highest level since June on weak payrolls data and Hormuz deal hopesCNBC Gold Price Short-term Outlo…",Slashdot.org,https://slashdot.org/firehose.pl?op=view&amp;id=184888062
2026-08-07,Gold's rally is about a growing lack of investor confidence; silver could offer bigger gains says MarketGauge's Schneider - KITCO,Gold's rally is about a growing lack of investor confidence; silver could offer bigger gains says MarketGauge's SchneiderKITCO Gold price hits highest level since June on weak payrolls data and Hormuz deal hopesCNBC Gold Steady as Traders Assess Impact of Hor…,Slashdot.org,https://slashdot.org/firehose.pl?op=view&amp;id=184886914
2026-08-07,Gold rises as Middle East risks offset steady dollar ahead of payrolls - Investing.com,Gold rises as Middle East risks offset steady dollar ahead of payrollsInvesting.com Gold price hits highest level since June on weak payrolls data and Hormuz deal hopesCNBC Gold Steady as Traders Assess Impact of Hormuz Flare-Up on RatesBloomberg Gold Rises; …,Slashdot.org,https://slashdot.org/firehose.pl?op=view&amp;id=184888478
2026-08-06,Gold holds near seven-week peak as Hormuz hopes offset Fed tightening concerns,"Gold prices eased from earlier highs on Thursday but continued to trade close to their strongest level in seven weeks, as growing optimism over a possible ag...",Advfn.com,https://investorshub.advfn.com/market-news/article/33568/gold-holds-near-seven-week-peak-as-hormuz-hopes-offset-fed-tightening-concerns
2026-08-05,"Gold climbs above $4,200 as easing inflation concerns lift precious metals","Gold prices surged by more than 2% on Wednesday, with futures moving above the $4,200-an-ounce mark as optimism surrounding a potential agreement to reopen t...",Advfn.com,https://investorshub.advfn.com/market-news/article/33445/gold-climbs-above-4200-as-easing-inflation-concerns-lift-precious-metals
2026-08-04,Gold Holds Firm as Traders Await U.S. Employment Data and Monitor Middle East Developments,Gold prices traded slightly higher on Tuesday as investors remained focused on a busy week of U. S.,Advfn.com,https://investorshub.advfn.com/market-news/article/33282/gold-holds-firm-as-traders-await-u-s-employment-data-and-monitor-middle-east-developments
2026-08-03,"Whale Bets $23 Million on Gold as Deutsche Bank Sees Fair Value at $4,700","A crypto whale bet $23 million on gold. Deutsche Bank sees fair value at $4,700. The World Gold Council disagrees.",BeInCrypto,https://beincrypto.com/deutsche-bank-gold-fair-value-whale/
2026-07-30,Gold Pulls Back as Dollar Strength and Fed Outlook Weigh on Bullion,Gold prices moved lower on Thursday after investors reassessed Federal Reserve Chair Kevin Warsh’s comments on inflation following the central bank’s decisio...,Advfn.com,https://investorshub.advfn.com/market-news/article/33029/gold-pulls-back-as-dollar-strength-and-fed-outlook-weigh-on-bullion
2026-07-27,Aurelion Reports Third Fiscal Quarter 2026 Financial Results,"HONG KONG, July 27, 2026 /PRNewswire/ -- Aurelion Inc. (NASDAQ: AURE) (""Aurelion"" or the ""Company""), a digital gold infrastructure company, today announced its unaudited financial results for the quarter ended June 30, 2026. ""We're transforming Aurelion into …",PRNewswire,https://www.prnewswire.com/news-releases/aurelion-reports-third-fiscal-quarter-2026-financial-results-302835380.html
